accumulo,/hdd/dj/testSmellDetection/data/accumulo/2017-09-19_TO_2018-03-19//files//0_ed0204b15e2243ea2ab23ae9d0eced8a5d332156_SiteConfigurationTest.java,/hdd/dj/testSmellDetection/data/accumulo/2017-09-19_TO_2018-03-19//files//0_ed0204b15e2243ea2ab23ae9d0eced8a5d332156_SiteConfiguration.java
accumulo,/hdd/dj/testSmellDetection/data/accumulo/2017-09-19_TO_2018-03-19/files/0_2f6becc17470132cf8cf1afea1de90a8dff61ced_SiteConfigurationTest.java,/hdd/dj/testSmellDetection/data/accumulo/2017-09-19_TO_2018-03-19/files/0_2f6becc17470132cf8cf1afea1de90a8dff61ced_SiteConfiguration.java
accumulo,/hdd/dj/testSmellDetection/data/accumulo/2017-09-19_TO_2018-03-19//files//1_2f6becc17470132cf8cf1afea1de90a8dff61ced_TestThrift1474.java,
accumulo,/hdd/dj/testSmellDetection/data/accumulo/2017-09-19_TO_2018-03-19/files/1_6e2e2e7c609d6b55122bf6afdf5308de9526342d_TestThrift1474.java,
accumulo,/hdd/dj/testSmellDetection/data/accumulo/2017-09-19_TO_2018-03-19//files//2_2f6becc17470132cf8cf1afea1de90a8dff61ced_NativeMapPerformanceTest.java,
accumulo,/hdd/dj/testSmellDetection/data/accumulo/2017-09-19_TO_2018-03-19/files/2_6e2e2e7c609d6b55122bf6afdf5308de9526342d_NativeMapPerformanceTest.java,
accumulo,/hdd/dj/testSmellDetection/data/accumulo/2017-09-19_TO_2018-03-19//files//3_4731ac80af1589bc0e3209f73d85e69ced8e254f_ShellConfigTest.java,
accumulo,/hdd/dj/testSmellDetection/data/accumulo/2017-09-19_TO_2018-03-19/files/3_44a1f4d07bd4a8eb12a265b9de540311e485ee35_ShellConfigTest.java,
accumulo,/hdd/dj/testSmellDetection/data/accumulo/2017-09-19_TO_2018-03-19//files//4_da9de8686b6f986534db50b84635449e841f642f_TimeSettingIteratorTest.java,/hdd/dj/testSmellDetection/data/accumulo/2017-09-19_TO_2018-03-19//files//4_da9de8686b6f986534db50b84635449e841f642f_TimeSettingIterator.java
accumulo,/hdd/dj/testSmellDetection/data/accumulo/2017-09-19_TO_2018-03-19/files/4_0241958ec3cd5e764b94a1fbd485fc859fdc393f_TimeSettingIteratorTest.java,/hdd/dj/testSmellDetection/data/accumulo/2017-09-19_TO_2018-03-19/files/4_0241958ec3cd5e764b94a1fbd485fc859fdc393f_TimeSettingIterator.java
accumulo,/hdd/dj/testSmellDetection/data/accumulo/2017-09-19_TO_2018-03-19//files//5_da9de8686b6f986534db50b84635449e841f642f_VersioningIteratorTest.java,/hdd/dj/testSmellDetection/data/accumulo/2017-09-19_TO_2018-03-19//files//5_da9de8686b6f986534db50b84635449e841f642f_VersioningIterator.java
accumulo,/hdd/dj/testSmellDetection/data/accumulo/2017-09-19_TO_2018-03-19/files/5_0241958ec3cd5e764b94a1fbd485fc859fdc393f_VersioningIteratorTest.java,/hdd/dj/testSmellDetection/data/accumulo/2017-09-19_TO_2018-03-19/files/5_0241958ec3cd5e764b94a1fbd485fc859fdc393f_VersioningIterator.java
accumulo,/hdd/dj/testSmellDetection/data/accumulo/2017-09-19_TO_2018-03-19/files/6_27f1b1f26a0cd8997d0edfe0d00be98c9a711047_Metrics2ReplicationMetricsTest.java,/hdd/dj/testSmellDetection/data/accumulo/2017-09-19_TO_2018-03-19/files/6_27f1b1f26a0cd8997d0edfe0d00be98c9a711047_Metrics2ReplicationMetrics.java
accumulo,/hdd/dj/testSmellDetection/data/accumulo/2017-09-19_TO_2018-03-19//files//7_e9ecdba1b7eb52ba79fd86cf6aaf0eb7e346411a_PairTest.java,/hdd/dj/testSmellDetection/data/accumulo/2017-09-19_TO_2018-03-19//files//7_e9ecdba1b7eb52ba79fd86cf6aaf0eb7e346411a_Pair.java
accumulo,/hdd/dj/testSmellDetection/data/accumulo/2017-09-19_TO_2018-03-19/files/7_255aa8f4faa5382194b10e02b2e7b6bf28440e32_PairTest.java,/hdd/dj/testSmellDetection/data/accumulo/2017-09-19_TO_2018-03-19/files/7_255aa8f4faa5382194b10e02b2e7b6bf28440e32_Pair.java
accumulo,/hdd/dj/testSmellDetection/data/accumulo/2017-09-19_TO_2018-03-19//files//8_255aa8f4faa5382194b10e02b2e7b6bf28440e32_PasswordConverterTest.java,
accumulo,/hdd/dj/testSmellDetection/data/accumulo/2017-09-19_TO_2018-03-19/files/8_98bc31819e6c654a63540709bd83d3b887fb2a3f_PasswordConverterTest.java,
accumulo,/hdd/dj/testSmellDetection/data/accumulo/2017-09-19_TO_2018-03-19//files//9_1b9c8165aba7ce11a8d629e37b0b65d3c1ccab4a_VersioningIteratorTest.java,/hdd/dj/testSmellDetection/data/accumulo/2017-09-19_TO_2018-03-19//files//9_1b9c8165aba7ce11a8d629e37b0b65d3c1ccab4a_VersioningIterator.java
accumulo,/hdd/dj/testSmellDetection/data/accumulo/2017-09-19_TO_2018-03-19/files/9_915257f1c893413e602a37fc3f24ff4ab22ed4b5_VersioningIteratorTest.java,/hdd/dj/testSmellDetection/data/accumulo/2017-09-19_TO_2018-03-19/files/9_915257f1c893413e602a37fc3f24ff4ab22ed4b5_VersioningIterator.java
accumulo,/hdd/dj/testSmellDetection/data/accumulo/2017-09-19_TO_2018-03-19/files/10_cd5b73b6def3be480934e6fc33c1895eed4367b6_CliConfigurationTest.java,/hdd/dj/testSmellDetection/data/accumulo/2017-09-19_TO_2018-03-19/files/10_cd5b73b6def3be480934e6fc33c1895eed4367b6_CliConfiguration.java
accumulo,/hdd/dj/testSmellDetection/data/accumulo/2017-09-19_TO_2018-03-19//files//11_886524950b89682d918ba8258c05cc352439d72a_SiteConfigurationTest.java,/hdd/dj/testSmellDetection/data/accumulo/2017-09-19_TO_2018-03-19//files//11_886524950b89682d918ba8258c05cc352439d72a_SiteConfiguration.java
accumulo,/hdd/dj/testSmellDetection/data/accumulo/2017-09-19_TO_2018-03-19/files/11_cd5b73b6def3be480934e6fc33c1895eed4367b6_SiteConfigurationTest.java,/hdd/dj/testSmellDetection/data/accumulo/2017-09-19_TO_2018-03-19/files/11_cd5b73b6def3be480934e6fc33c1895eed4367b6_SiteConfiguration.java
accumulo,/hdd/dj/testSmellDetection/data/accumulo/2017-09-19_TO_2018-03-19//files//12_886524950b89682d918ba8258c05cc352439d72a_ServerOptsTest.java,/hdd/dj/testSmellDetection/data/accumulo/2017-09-19_TO_2018-03-19//files//12_886524950b89682d918ba8258c05cc352439d72a_ServerOpts.java
accumulo,/hdd/dj/testSmellDetection/data/accumulo/2017-09-19_TO_2018-03-19/files/12_cd5b73b6def3be480934e6fc33c1895eed4367b6_ServerOptsTest.java,/hdd/dj/testSmellDetection/data/accumulo/2017-09-19_TO_2018-03-19/files/12_cd5b73b6def3be480934e6fc33c1895eed4367b6_ServerOpts.java
accumulo,/hdd/dj/testSmellDetection/data/accumulo/2017-09-19_TO_2018-03-19//files//13_e875f01ed519100225bdf3a1550c40caccd8521f_ConfigSanityCheckTest.java,/hdd/dj/testSmellDetection/data/accumulo/2017-09-19_TO_2018-03-19//files//13_e875f01ed519100225bdf3a1550c40caccd8521f_ConfigSanityCheck.java
accumulo,/hdd/dj/testSmellDetection/data/accumulo/2017-09-19_TO_2018-03-19/files/13_daeffd8d9cf980814fb7d131a0d89cbdfd856298_ConfigSanityCheckTest.java,/hdd/dj/testSmellDetection/data/accumulo/2017-09-19_TO_2018-03-19/files/13_daeffd8d9cf980814fb7d131a0d89cbdfd856298_ConfigSanityCheck.java
accumulo,/hdd/dj/testSmellDetection/data/accumulo/2017-09-19_TO_2018-03-19//files//14_e875f01ed519100225bdf3a1550c40caccd8521f_CryptoTest.java,
accumulo,/hdd/dj/testSmellDetection/data/accumulo/2017-09-19_TO_2018-03-19/files/14_daeffd8d9cf980814fb7d131a0d89cbdfd856298_CryptoTest.java,
accumulo,/hdd/dj/testSmellDetection/data/accumulo/2017-09-19_TO_2018-03-19//files//15_daeffd8d9cf980814fb7d131a0d89cbdfd856298_CryptoTest.java,
accumulo,/hdd/dj/testSmellDetection/data/accumulo/2017-09-19_TO_2018-03-19/files/15_314f9f2b2f70d28a52cb699e1c65b85e4d6be7e3_CryptoTest.java,
accumulo,/hdd/dj/testSmellDetection/data/accumulo/2017-09-19_TO_2018-03-19/files/16_9cd4be0432c7b0297d86b19ddeac64ed0feaea87_EntryLengthSummarizersTest.java,
accumulo,/hdd/dj/testSmellDetection/data/accumulo/2017-09-19_TO_2018-03-19/files/17_e738351fcdf2359997814c2cf105875702799265_IllegalTableTransitionExceptionTest.java,
accumulo,/hdd/dj/testSmellDetection/data/accumulo/2017-09-19_TO_2018-03-19//files//18_9d806c86f1efbe2445ef7283351d8490805ce674_CryptoTest.java,
accumulo,/hdd/dj/testSmellDetection/data/accumulo/2017-09-19_TO_2018-03-19/files/18_03139a35f39b54f4bb57a4c26fba105d1dfae1f5_CryptoTest.java,
accumulo,/hdd/dj/testSmellDetection/data/accumulo/2017-09-19_TO_2018-03-19//files//19_d4722bf1b45df2b5521ad494275a36127c9394f3_RFileTest.java,/hdd/dj/testSmellDetection/data/accumulo/2017-09-19_TO_2018-03-19//files//19_d4722bf1b45df2b5521ad494275a36127c9394f3_RFile.java
accumulo,/hdd/dj/testSmellDetection/data/accumulo/2017-09-19_TO_2018-03-19/files/19_ed313f7703b49343825be26c31f6eed81bc37d83_RFileTest.java,/hdd/dj/testSmellDetection/data/accumulo/2017-09-19_TO_2018-03-19/files/19_ed313f7703b49343825be26c31f6eed81bc37d83_RFile.java
accumulo,/hdd/dj/testSmellDetection/data/accumulo/2017-09-19_TO_2018-03-19//files//20_d4722bf1b45df2b5521ad494275a36127c9394f3_MultiLevelIndexTest.java,/hdd/dj/testSmellDetection/data/accumulo/2017-09-19_TO_2018-03-19//files//20_d4722bf1b45df2b5521ad494275a36127c9394f3_MultiLevelIndex.java
accumulo,/hdd/dj/testSmellDetection/data/accumulo/2017-09-19_TO_2018-03-19/files/20_ed313f7703b49343825be26c31f6eed81bc37d83_MultiLevelIndexTest.java,/hdd/dj/testSmellDetection/data/accumulo/2017-09-19_TO_2018-03-19/files/20_ed313f7703b49343825be26c31f6eed81bc37d83_MultiLevelIndex.java
accumulo,/hdd/dj/testSmellDetection/data/accumulo/2017-09-19_TO_2018-03-19//files//21_d4722bf1b45df2b5521ad494275a36127c9394f3_RFileTest.java,/hdd/dj/testSmellDetection/data/accumulo/2017-09-19_TO_2018-03-19//files//21_d4722bf1b45df2b5521ad494275a36127c9394f3_RFile.java
accumulo,/hdd/dj/testSmellDetection/data/accumulo/2017-09-19_TO_2018-03-19/files/21_ed313f7703b49343825be26c31f6eed81bc37d83_RFileTest.java,/hdd/dj/testSmellDetection/data/accumulo/2017-09-19_TO_2018-03-19/files/21_ed313f7703b49343825be26c31f6eed81bc37d83_RFile.java
accumulo,/hdd/dj/testSmellDetection/data/accumulo/2017-09-19_TO_2018-03-19/files/22_c28e11c1079d2e1c6d68078b3328016569138fed_RolllingStatsTest.java,
accumulo,/hdd/dj/testSmellDetection/data/accumulo/2017-09-19_TO_2018-03-19//files//23_1c42be28c4e7613cacc01ad542b6c32a7030b764_TestLruBlockCache.java,/hdd/dj/testSmellDetection/data/accumulo/2017-09-19_TO_2018-03-19//files//23_1c42be28c4e7613cacc01ad542b6c32a7030b764_LruBlockCache.java
accumulo,/hdd/dj/testSmellDetection/data/accumulo/2017-09-19_TO_2018-03-19/files/23_d1d9344082702206278b3eee442351479171e644_TestLruBlockCache.java,/hdd/dj/testSmellDetection/data/accumulo/2017-09-19_TO_2018-03-19/files/23_d1d9344082702206278b3eee442351479171e644_LruBlockCache.java
accumulo,/hdd/dj/testSmellDetection/data/accumulo/2017-09-19_TO_2018-03-19//files//24_1c42be28c4e7613cacc01ad542b6c32a7030b764_BlockIndexTest.java,/hdd/dj/testSmellDetection/data/accumulo/2017-09-19_TO_2018-03-19//files//24_1c42be28c4e7613cacc01ad542b6c32a7030b764_BlockIndex.java
accumulo,/hdd/dj/testSmellDetection/data/accumulo/2017-09-19_TO_2018-03-19/files/24_d1d9344082702206278b3eee442351479171e644_BlockIndexTest.java,/hdd/dj/testSmellDetection/data/accumulo/2017-09-19_TO_2018-03-19/files/24_d1d9344082702206278b3eee442351479171e644_BlockIndex.java
accumulo,/hdd/dj/testSmellDetection/data/accumulo/2017-09-19_TO_2018-03-19//files//25_1c42be28c4e7613cacc01ad542b6c32a7030b764_MultiLevelIndexTest.java,/hdd/dj/testSmellDetection/data/accumulo/2017-09-19_TO_2018-03-19//files//25_1c42be28c4e7613cacc01ad542b6c32a7030b764_MultiLevelIndex.java
accumulo,/hdd/dj/testSmellDetection/data/accumulo/2017-09-19_TO_2018-03-19/files/25_d1d9344082702206278b3eee442351479171e644_MultiLevelIndexTest.java,/hdd/dj/testSmellDetection/data/accumulo/2017-09-19_TO_2018-03-19/files/25_d1d9344082702206278b3eee442351479171e644_MultiLevelIndex.java
accumulo,/hdd/dj/testSmellDetection/data/accumulo/2017-09-19_TO_2018-03-19//files//26_1c42be28c4e7613cacc01ad542b6c32a7030b764_RFileTest.java,/hdd/dj/testSmellDetection/data/accumulo/2017-09-19_TO_2018-03-19//files//26_1c42be28c4e7613cacc01ad542b6c32a7030b764_RFile.java
accumulo,/hdd/dj/testSmellDetection/data/accumulo/2017-09-19_TO_2018-03-19/files/26_d1d9344082702206278b3eee442351479171e644_RFileTest.java,/hdd/dj/testSmellDetection/data/accumulo/2017-09-19_TO_2018-03-19/files/26_d1d9344082702206278b3eee442351479171e644_RFile.java
accumulo,/hdd/dj/testSmellDetection/data/accumulo/2017-09-19_TO_2018-03-19//files//27_d1d9344082702206278b3eee442351479171e644_BlockCacheManagerTest.java,
accumulo,/hdd/dj/testSmellDetection/data/accumulo/2017-09-19_TO_2018-03-19/files/27_f565b3aa48369c9b0df08f2786b433c30316b1a4_BlockCacheManagerTest.java,
accumulo,/hdd/dj/testSmellDetection/data/accumulo/2017-09-19_TO_2018-03-19/files/28_61242a780a7512339616fa165e5d7a61564479bf_ParameterValidatorTest.java,
accumulo,/hdd/dj/testSmellDetection/data/accumulo/2017-09-19_TO_2018-03-19//files//29_13619d57968724d360ef632d8bc11a22a2ba5bac_TestBinaryRows.java,
accumulo,/hdd/dj/testSmellDetection/data/accumulo/2017-09-19_TO_2018-03-19/files/29_ed981b208ac70d9e819b0e8e0b229d8189c859e0_TestBinaryRows.java,
accumulo,/hdd/dj/testSmellDetection/data/accumulo/2017-09-19_TO_2018-03-19//files//30_13619d57968724d360ef632d8bc11a22a2ba5bac_TestMultiTableIngest.java,
accumulo,/hdd/dj/testSmellDetection/data/accumulo/2017-09-19_TO_2018-03-19/files/30_ed981b208ac70d9e819b0e8e0b229d8189c859e0_TestMultiTableIngest.java,
accumulo,/hdd/dj/testSmellDetection/data/accumulo/2017-09-19_TO_2018-03-19//files//31_13619d57968724d360ef632d8bc11a22a2ba5bac_TestRandomDeletes.java,
accumulo,/hdd/dj/testSmellDetection/data/accumulo/2017-09-19_TO_2018-03-19/files/31_ed981b208ac70d9e819b0e8e0b229d8189c859e0_TestRandomDeletes.java,
accumulo,/hdd/dj/testSmellDetection/data/accumulo/2017-09-19_TO_2018-03-19//files//32_13619d57968724d360ef632d8bc11a22a2ba5bac_MetadataBatchScanTest.java,
accumulo,/hdd/dj/testSmellDetection/data/accumulo/2017-09-19_TO_2018-03-19/files/32_ed981b208ac70d9e819b0e8e0b229d8189c859e0_MetadataBatchScanTest.java,
accumulo,/hdd/dj/testSmellDetection/data/accumulo/2017-09-19_TO_2018-03-19/files/33_53c30777e96e6880a466eb8282d2b1a9ac9abf93_SetIterCommandTest.java,/hdd/dj/testSmellDetection/data/accumulo/2017-09-19_TO_2018-03-19/files/33_53c30777e96e6880a466eb8282d2b1a9ac9abf93_SetIterCommand.java
accumulo,/hdd/dj/testSmellDetection/data/accumulo/2017-09-19_TO_2018-03-19//files//34_53c30777e96e6880a466eb8282d2b1a9ac9abf93_SetIterCommandTest.java,/hdd/dj/testSmellDetection/data/accumulo/2017-09-19_TO_2018-03-19//files//34_53c30777e96e6880a466eb8282d2b1a9ac9abf93_SetIterCommand.java
accumulo,/hdd/dj/testSmellDetection/data/accumulo/2017-09-19_TO_2018-03-19/files/34_6782ba6b9d43dc9a10df4bbadf3a89eaadb0cf6a_SetIterCommandTest.java,/hdd/dj/testSmellDetection/data/accumulo/2017-09-19_TO_2018-03-19/files/34_6782ba6b9d43dc9a10df4bbadf3a89eaadb0cf6a_SetIterCommand.java
accumulo,/hdd/dj/testSmellDetection/data/accumulo/2017-09-19_TO_2018-03-19//files//35_65f9913f55ada63feeb0e56df1da544b8c7785b1_ClientConfigurationTest.java,/hdd/dj/testSmellDetection/data/accumulo/2017-09-19_TO_2018-03-19//files//35_65f9913f55ada63feeb0e56df1da544b8c7785b1_ClientConfiguration.java
accumulo,/hdd/dj/testSmellDetection/data/accumulo/2017-09-19_TO_2018-03-19/files/35_9ac92c726ca3415981e1d973175440374f02060e_ClientConfigurationTest.java,/hdd/dj/testSmellDetection/data/accumulo/2017-09-19_TO_2018-03-19/files/35_9ac92c726ca3415981e1d973175440374f02060e_ClientConfiguration.java
accumulo,/hdd/dj/testSmellDetection/data/accumulo/2017-09-19_TO_2018-03-19//files//36_65f9913f55ada63feeb0e56df1da544b8c7785b1_ClientContextTest.java,/hdd/dj/testSmellDetection/data/accumulo/2017-09-19_TO_2018-03-19//files//36_65f9913f55ada63feeb0e56df1da544b8c7785b1_ClientContext.java
accumulo,/hdd/dj/testSmellDetection/data/accumulo/2017-09-19_TO_2018-03-19/files/36_9ac92c726ca3415981e1d973175440374f02060e_ClientContextTest.java,/hdd/dj/testSmellDetection/data/accumulo/2017-09-19_TO_2018-03-19/files/36_9ac92c726ca3415981e1d973175440374f02060e_ClientContext.java
accumulo,/hdd/dj/testSmellDetection/data/accumulo/2017-09-19_TO_2018-03-19//files//37_65f9913f55ada63feeb0e56df1da544b8c7785b1_TableOperationsImplTest.java,/hdd/dj/testSmellDetection/data/accumulo/2017-09-19_TO_2018-03-19//files//37_65f9913f55ada63feeb0e56df1da544b8c7785b1_TableOperationsImpl.java
accumulo,/hdd/dj/testSmellDetection/data/accumulo/2017-09-19_TO_2018-03-19/files/37_9ac92c726ca3415981e1d973175440374f02060e_TableOperationsImplTest.java,/hdd/dj/testSmellDetection/data/accumulo/2017-09-19_TO_2018-03-19/files/37_9ac92c726ca3415981e1d973175440374f02060e_TableOperationsImpl.java
accumulo,/hdd/dj/testSmellDetection/data/accumulo/2017-09-19_TO_2018-03-19//files//38_65f9913f55ada63feeb0e56df1da544b8c7785b1_TabletLocatorImplTest.java,/hdd/dj/testSmellDetection/data/accumulo/2017-09-19_TO_2018-03-19//files//38_65f9913f55ada63feeb0e56df1da544b8c7785b1_TabletLocatorImpl.java
accumulo,/hdd/dj/testSmellDetection/data/accumulo/2017-09-19_TO_2018-03-19/files/38_9ac92c726ca3415981e1d973175440374f02060e_TabletLocatorImplTest.java,/hdd/dj/testSmellDetection/data/accumulo/2017-09-19_TO_2018-03-19/files/38_9ac92c726ca3415981e1d973175440374f02060e_TabletLocatorImpl.java
accumulo,/hdd/dj/testSmellDetection/data/accumulo/2017-09-19_TO_2018-03-19//files//39_65f9913f55ada63feeb0e56df1da544b8c7785b1_ConfiguratorBaseTest.java,/hdd/dj/testSmellDetection/data/accumulo/2017-09-19_TO_2018-03-19//files//39_65f9913f55ada63feeb0e56df1da544b8c7785b1_ConfiguratorBase.java
accumulo,/hdd/dj/testSmellDetection/data/accumulo/2017-09-19_TO_2018-03-19/files/39_9ac92c726ca3415981e1d973175440374f02060e_ConfiguratorBaseTest.java,/hdd/dj/testSmellDetection/data/accumulo/2017-09-19_TO_2018-03-19/files/39_9ac92c726ca3415981e1d973175440374f02060e_ConfiguratorBase.java
accumulo,/hdd/dj/testSmellDetection/data/accumulo/2017-09-19_TO_2018-03-19//files//40_65f9913f55ada63feeb0e56df1da544b8c7785b1_ReplicationProcessorTest.java,/hdd/dj/testSmellDetection/data/accumulo/2017-09-19_TO_2018-03-19//files//40_65f9913f55ada63feeb0e56df1da544b8c7785b1_ReplicationProcessor.java
accumulo,/hdd/dj/testSmellDetection/data/accumulo/2017-09-19_TO_2018-03-19/files/40_9ac92c726ca3415981e1d973175440374f02060e_ReplicationProcessorTest.java,/hdd/dj/testSmellDetection/data/accumulo/2017-09-19_TO_2018-03-19/files/40_9ac92c726ca3415981e1d973175440374f02060e_ReplicationProcessor.java
accumulo,/hdd/dj/testSmellDetection/data/accumulo/2017-09-19_TO_2018-03-19//files//41_65f9913f55ada63feeb0e56df1da544b8c7785b1_ShellConfigTest.java,
accumulo,/hdd/dj/testSmellDetection/data/accumulo/2017-09-19_TO_2018-03-19/files/41_9ac92c726ca3415981e1d973175440374f02060e_ShellConfigTest.java,
accumulo,/hdd/dj/testSmellDetection/data/accumulo/2017-09-19_TO_2018-03-19//files//42_65f9913f55ada63feeb0e56df1da544b8c7785b1_ShellSetInstanceTest.java,
accumulo,/hdd/dj/testSmellDetection/data/accumulo/2017-09-19_TO_2018-03-19/files/42_9ac92c726ca3415981e1d973175440374f02060e_ShellSetInstanceTest.java,
accumulo,/hdd/dj/testSmellDetection/data/accumulo/2017-09-19_TO_2018-03-19//files//43_65f9913f55ada63feeb0e56df1da544b8c7785b1_MetadataBatchScanTest.java,
accumulo,/hdd/dj/testSmellDetection/data/accumulo/2017-09-19_TO_2018-03-19/files/43_9ac92c726ca3415981e1d973175440374f02060e_MetadataBatchScanTest.java,
accumulo,/hdd/dj/testSmellDetection/data/accumulo/2017-09-19_TO_2018-03-19//files//44_65f9913f55ada63feeb0e56df1da544b8c7785b1_ScaleTest.java,
accumulo,/hdd/dj/testSmellDetection/data/accumulo/2017-09-19_TO_2018-03-19/files/44_9ac92c726ca3415981e1d973175440374f02060e_ScaleTest.java,
accumulo,/hdd/dj/testSmellDetection/data/accumulo/2017-09-19_TO_2018-03-19//files//45_4d90f21ce37d6eded07faa49309f659e3eafa36a_ClientConfigurationTest.java,/hdd/dj/testSmellDetection/data/accumulo/2017-09-19_TO_2018-03-19//files//45_4d90f21ce37d6eded07faa49309f659e3eafa36a_ClientConfiguration.java
accumulo,/hdd/dj/testSmellDetection/data/accumulo/2017-09-19_TO_2018-03-19/files/45_28b53e007f77cbf6c2ddea424d8eaf327f5569ec_ClientConfigurationTest.java,/hdd/dj/testSmellDetection/data/accumulo/2017-09-19_TO_2018-03-19/files/45_28b53e007f77cbf6c2ddea424d8eaf327f5569ec_ClientConfiguration.java
accumulo,/hdd/dj/testSmellDetection/data/accumulo/2017-09-19_TO_2018-03-19//files//46_f6c16626ebb3724824ca5be65b0d0ac5b0e60173_CryptoTest.java,
accumulo,/hdd/dj/testSmellDetection/data/accumulo/2017-09-19_TO_2018-03-19/files/46_518c1093de504de77e237b8fdaca28067ce17174_CryptoTest.java,
accumulo,/hdd/dj/testSmellDetection/data/accumulo/2017-09-19_TO_2018-03-19//files//47_518c1093de504de77e237b8fdaca28067ce17174_CryptoTest.java,
accumulo,/hdd/dj/testSmellDetection/data/accumulo/2017-09-19_TO_2018-03-19/files/47_591c3a0dc9d3ba0eb12cba2328e8e5badc6c7f60_CryptoTest.java,
accumulo,/hdd/dj/testSmellDetection/data/accumulo/2017-09-19_TO_2018-03-19//files//48_37e2395c690b08c6ab1cb74a31c95560527f8c8b_RetryFactoryTest.java,/hdd/dj/testSmellDetection/data/accumulo/2017-09-19_TO_2018-03-19//files//48_37e2395c690b08c6ab1cb74a31c95560527f8c8b_RetryFactory.java
accumulo,/hdd/dj/testSmellDetection/data/accumulo/2017-09-19_TO_2018-03-19/files/48_79e127f2b1dd7352bdc7b30ceef74391d4930a9f_RetryFactoryTest.java,/hdd/dj/testSmellDetection/data/accumulo/2017-09-19_TO_2018-03-19/files/48_79e127f2b1dd7352bdc7b30ceef74391d4930a9f_RetryFactory.java
accumulo,/hdd/dj/testSmellDetection/data/accumulo/2017-09-19_TO_2018-03-19//files//49_37e2395c690b08c6ab1cb74a31c95560527f8c8b_RetryTest.java,/hdd/dj/testSmellDetection/data/accumulo/2017-09-19_TO_2018-03-19//files//49_37e2395c690b08c6ab1cb74a31c95560527f8c8b_Retry.java
accumulo,/hdd/dj/testSmellDetection/data/accumulo/2017-09-19_TO_2018-03-19/files/49_79e127f2b1dd7352bdc7b30ceef74391d4930a9f_RetryTest.java,/hdd/dj/testSmellDetection/data/accumulo/2017-09-19_TO_2018-03-19/files/49_79e127f2b1dd7352bdc7b30ceef74391d4930a9f_Retry.java
accumulo,/hdd/dj/testSmellDetection/data/accumulo/2017-09-19_TO_2018-03-19//files//50_5adeb4b7ed561a0bcea1a1def17835310831662f_PropertyTest.java,/hdd/dj/testSmellDetection/data/accumulo/2017-09-19_TO_2018-03-19//files//50_5adeb4b7ed561a0bcea1a1def17835310831662f_Property.java
accumulo,/hdd/dj/testSmellDetection/data/accumulo/2017-09-19_TO_2018-03-19/files/50_1fe3ba12a943e590b89b2979e661e7dc447d0774_PropertyTest.java,/hdd/dj/testSmellDetection/data/accumulo/2017-09-19_TO_2018-03-19/files/50_1fe3ba12a943e590b89b2979e661e7dc447d0774_Property.java
accumulo,/hdd/dj/testSmellDetection/data/accumulo/2017-09-19_TO_2018-03-19//files//51_1fe3ba12a943e590b89b2979e661e7dc447d0774_RetryFactoryTest.java,/hdd/dj/testSmellDetection/data/accumulo/2017-09-19_TO_2018-03-19//files//51_1fe3ba12a943e590b89b2979e661e7dc447d0774_RetryFactory.java
accumulo,/hdd/dj/testSmellDetection/data/accumulo/2017-09-19_TO_2018-03-19/files/51_b52db479e9c4e371a94b1f019e818622562e3dc3_RetryFactoryTest.java,/hdd/dj/testSmellDetection/data/accumulo/2017-09-19_TO_2018-03-19/files/51_b52db479e9c4e371a94b1f019e818622562e3dc3_RetryFactory.java
accumulo,/hdd/dj/testSmellDetection/data/accumulo/2017-09-19_TO_2018-03-19//files//52_1fe3ba12a943e590b89b2979e661e7dc447d0774_RetryTest.java,/hdd/dj/testSmellDetection/data/accumulo/2017-09-19_TO_2018-03-19//files//52_1fe3ba12a943e590b89b2979e661e7dc447d0774_Retry.java
accumulo,/hdd/dj/testSmellDetection/data/accumulo/2017-09-19_TO_2018-03-19/files/52_b52db479e9c4e371a94b1f019e818622562e3dc3_RetryTest.java,/hdd/dj/testSmellDetection/data/accumulo/2017-09-19_TO_2018-03-19/files/52_b52db479e9c4e371a94b1f019e818622562e3dc3_Retry.java
accumulo,/hdd/dj/testSmellDetection/data/accumulo/2017-09-19_TO_2018-03-19//files//53_b52db479e9c4e371a94b1f019e818622562e3dc3_PropertyTest.java,/hdd/dj/testSmellDetection/data/accumulo/2017-09-19_TO_2018-03-19//files//53_b52db479e9c4e371a94b1f019e818622562e3dc3_Property.java
accumulo,/hdd/dj/testSmellDetection/data/accumulo/2017-09-19_TO_2018-03-19/files/53_cf0b8aa4994e10242478c4d9412d924d7e6de91c_PropertyTest.java,/hdd/dj/testSmellDetection/data/accumulo/2017-09-19_TO_2018-03-19/files/53_cf0b8aa4994e10242478c4d9412d924d7e6de91c_Property.java
accumulo,/hdd/dj/testSmellDetection/data/accumulo/2017-09-19_TO_2018-03-19//files//54_463f398630dab98c2203456419cf32f75eb03e8d_AccumuloConfigurationTest.java,/hdd/dj/testSmellDetection/data/accumulo/2017-09-19_TO_2018-03-19//files//54_463f398630dab98c2203456419cf32f75eb03e8d_AccumuloConfiguration.java
accumulo,/hdd/dj/testSmellDetection/data/accumulo/2017-09-19_TO_2018-03-19/files/54_3ca3d65962e5229a44d67ef46233467d53a7016c_AccumuloConfigurationTest.java,/hdd/dj/testSmellDetection/data/accumulo/2017-09-19_TO_2018-03-19/files/54_3ca3d65962e5229a44d67ef46233467d53a7016c_AccumuloConfiguration.java
accumulo,/hdd/dj/testSmellDetection/data/accumulo/2017-09-19_TO_2018-03-19//files//55_463f398630dab98c2203456419cf32f75eb03e8d_ZooConfigurationFactoryTest.java,/hdd/dj/testSmellDetection/data/accumulo/2017-09-19_TO_2018-03-19//files//55_463f398630dab98c2203456419cf32f75eb03e8d_ZooConfigurationFactory.java
accumulo,/hdd/dj/testSmellDetection/data/accumulo/2017-09-19_TO_2018-03-19/files/55_3ca3d65962e5229a44d67ef46233467d53a7016c_ZooConfigurationFactoryTest.java,/hdd/dj/testSmellDetection/data/accumulo/2017-09-19_TO_2018-03-19/files/55_3ca3d65962e5229a44d67ef46233467d53a7016c_ZooConfigurationFactory.java
accumulo,/hdd/dj/testSmellDetection/data/accumulo/2017-09-19_TO_2018-03-19//files//56_463f398630dab98c2203456419cf32f75eb03e8d_BaseHostRegexTableLoadBalancerTest.java,
accumulo,/hdd/dj/testSmellDetection/data/accumulo/2017-09-19_TO_2018-03-19/files/56_3ca3d65962e5229a44d67ef46233467d53a7016c_BaseHostRegexTableLoadBalancerTest.java,
accumulo,/hdd/dj/testSmellDetection/data/accumulo/2017-09-19_TO_2018-03-19//files//57_463f398630dab98c2203456419cf32f75eb03e8d_HostRegexTableLoadBalancerTest.java,/hdd/dj/testSmellDetection/data/accumulo/2017-09-19_TO_2018-03-19//files//57_463f398630dab98c2203456419cf32f75eb03e8d_HostRegexTableLoadBalancer.java
accumulo,/hdd/dj/testSmellDetection/data/accumulo/2017-09-19_TO_2018-03-19/files/57_3ca3d65962e5229a44d67ef46233467d53a7016c_HostRegexTableLoadBalancerTest.java,/hdd/dj/testSmellDetection/data/accumulo/2017-09-19_TO_2018-03-19/files/57_3ca3d65962e5229a44d67ef46233467d53a7016c_HostRegexTableLoadBalancer.java
accumulo,/hdd/dj/testSmellDetection/data/accumulo/2017-09-19_TO_2018-03-19//files//58_463f398630dab98c2203456419cf32f75eb03e8d_TCredentialsUpdatingInvocationHandlerTest.java,/hdd/dj/testSmellDetection/data/accumulo/2017-09-19_TO_2018-03-19//files//58_463f398630dab98c2203456419cf32f75eb03e8d_TCredentialsUpdatingInvocationHandler.java
accumulo,/hdd/dj/testSmellDetection/data/accumulo/2017-09-19_TO_2018-03-19/files/58_3ca3d65962e5229a44d67ef46233467d53a7016c_TCredentialsUpdatingInvocationHandlerTest.java,/hdd/dj/testSmellDetection/data/accumulo/2017-09-19_TO_2018-03-19/files/58_3ca3d65962e5229a44d67ef46233467d53a7016c_TCredentialsUpdatingInvocationHandler.java
accumulo,/hdd/dj/testSmellDetection/data/accumulo/2017-09-19_TO_2018-03-19//files//59_3ca3d65962e5229a44d67ef46233467d53a7016c_NamespaceConfigurationTest.java,/hdd/dj/testSmellDetection/data/accumulo/2017-09-19_TO_2018-03-19//files//59_3ca3d65962e5229a44d67ef46233467d53a7016c_NamespaceConfiguration.java
accumulo,/hdd/dj/testSmellDetection/data/accumulo/2017-09-19_TO_2018-03-19/files/59_3c55eed2198afc90d6c1230783fcdd64e4c7e47d_NamespaceConfigurationTest.java,/hdd/dj/testSmellDetection/data/accumulo/2017-09-19_TO_2018-03-19/files/59_3c55eed2198afc90d6c1230783fcdd64e4c7e47d_NamespaceConfiguration.java
accumulo,/hdd/dj/testSmellDetection/data/accumulo/2017-09-19_TO_2018-03-19//files//60_4c0d7dedf25eb1bb34bc5e1184978bbda00e86c3_TableLoadBalancerTest.java,/hdd/dj/testSmellDetection/data/accumulo/2017-09-19_TO_2018-03-19//files//60_4c0d7dedf25eb1bb34bc5e1184978bbda00e86c3_TableLoadBalancer.java
accumulo,/hdd/dj/testSmellDetection/data/accumulo/2017-09-19_TO_2018-03-19/files/60_a17cf69c536260509b8f58e7336acd60e590a67c_TableLoadBalancerTest.java,/hdd/dj/testSmellDetection/data/accumulo/2017-09-19_TO_2018-03-19/files/60_a17cf69c536260509b8f58e7336acd60e590a67c_TableLoadBalancer.java
accumulo,/hdd/dj/testSmellDetection/data/accumulo/2017-09-19_TO_2018-03-19//files//61_8784b0c5e23433ffcc6e810e09c0193dc0863bcc_MutationTest.java,/hdd/dj/testSmellDetection/data/accumulo/2017-09-19_TO_2018-03-19//files//61_8784b0c5e23433ffcc6e810e09c0193dc0863bcc_Mutation.java
accumulo,/hdd/dj/testSmellDetection/data/accumulo/2017-09-19_TO_2018-03-19/files/61_d5a371a8a2dfe2235a894b8e55a40aa71b39ad46_MutationTest.java,/hdd/dj/testSmellDetection/data/accumulo/2017-09-19_TO_2018-03-19/files/61_d5a371a8a2dfe2235a894b8e55a40aa71b39ad46_Mutation.java
accumulo,/hdd/dj/testSmellDetection/data/accumulo/2017-09-19_TO_2018-03-19//files//62_d5a371a8a2dfe2235a894b8e55a40aa71b39ad46_BatchWriterConfigTest.java,/hdd/dj/testSmellDetection/data/accumulo/2017-09-19_TO_2018-03-19//files//62_d5a371a8a2dfe2235a894b8e55a40aa71b39ad46_BatchWriterConfig.java
accumulo,/hdd/dj/testSmellDetection/data/accumulo/2017-09-19_TO_2018-03-19/files/62_2a58165c0cccb607b10b5162075a912983fb2a67_BatchWriterConfigTest.java,/hdd/dj/testSmellDetection/data/accumulo/2017-09-19_TO_2018-03-19/files/62_2a58165c0cccb607b10b5162075a912983fb2a67_BatchWriterConfig.java
accumulo,/hdd/dj/testSmellDetection/data/accumulo/2017-09-19_TO_2018-03-19//files//63_d5a371a8a2dfe2235a894b8e55a40aa71b39ad46_CredentialProviderTokenTest.java,/hdd/dj/testSmellDetection/data/accumulo/2017-09-19_TO_2018-03-19//files//63_d5a371a8a2dfe2235a894b8e55a40aa71b39ad46_CredentialProviderToken.java
accumulo,/hdd/dj/testSmellDetection/data/accumulo/2017-09-19_TO_2018-03-19/files/63_2a58165c0cccb607b10b5162075a912983fb2a67_CredentialProviderTokenTest.java,/hdd/dj/testSmellDetection/data/accumulo/2017-09-19_TO_2018-03-19/files/63_2a58165c0cccb607b10b5162075a912983fb2a67_CredentialProviderToken.java
accumulo,/hdd/dj/testSmellDetection/data/accumulo/2017-09-19_TO_2018-03-19//files//64_7b123b6ea77c5ba09f1875dad0f0f421096e4f2b_LocalWALRecoveryTest.java,/hdd/dj/testSmellDetection/data/accumulo/2017-09-19_TO_2018-03-19//files//64_7b123b6ea77c5ba09f1875dad0f0f421096e4f2b_LocalWALRecovery.java
accumulo,/hdd/dj/testSmellDetection/data/accumulo/2017-09-19_TO_2018-03-19/files/64_229eb7be7f040ecdf1f0238201533529da59bca7_LocalWALRecoveryTest.java,/hdd/dj/testSmellDetection/data/accumulo/2017-09-19_TO_2018-03-19/files/64_229eb7be7f040ecdf1f0238201533529da59bca7_LocalWALRecovery.java
accumulo,/hdd/dj/testSmellDetection/data/accumulo/2017-09-19_TO_2018-03-19//files//65_23cabbc7a487b8844cbbe48a89a26741b7a696d8_ConfigSanityCheckTest.java,/hdd/dj/testSmellDetection/data/accumulo/2017-09-19_TO_2018-03-19//files//65_23cabbc7a487b8844cbbe48a89a26741b7a696d8_ConfigSanityCheck.java
accumulo,/hdd/dj/testSmellDetection/data/accumulo/2017-09-19_TO_2018-03-19/files/65_1325e81ef3c5639305379aa83ea4d0dafb1c60fe_ConfigSanityCheckTest.java,/hdd/dj/testSmellDetection/data/accumulo/2017-09-19_TO_2018-03-19/files/65_1325e81ef3c5639305379aa83ea4d0dafb1c60fe_ConfigSanityCheck.java
accumulo,/hdd/dj/testSmellDetection/data/accumulo/2017-09-19_TO_2018-03-19//files//66_9771aac269640ad25f5c7dc7f64d55e8316c1825_ZooCacheTest.java,/hdd/dj/testSmellDetection/data/accumulo/2017-09-19_TO_2018-03-19//files//66_9771aac269640ad25f5c7dc7f64d55e8316c1825_ZooCache.java
accumulo,/hdd/dj/testSmellDetection/data/accumulo/2017-09-19_TO_2018-03-19/files/66_eb15e4562d29cde70e4a02189fcba182c1d2e6b8_ZooCacheTest.java,/hdd/dj/testSmellDetection/data/accumulo/2017-09-19_TO_2018-03-19/files/66_eb15e4562d29cde70e4a02189fcba182c1d2e6b8_ZooCache.java
accumulo,/hdd/dj/testSmellDetection/data/accumulo/2017-09-19_TO_2018-03-19//files//67_9771aac269640ad25f5c7dc7f64d55e8316c1825_AdminTest.java,/hdd/dj/testSmellDetection/data/accumulo/2017-09-19_TO_2018-03-19//files//67_9771aac269640ad25f5c7dc7f64d55e8316c1825_Admin.java
accumulo,/hdd/dj/testSmellDetection/data/accumulo/2017-09-19_TO_2018-03-19/files/67_eb15e4562d29cde70e4a02189fcba182c1d2e6b8_AdminTest.java,/hdd/dj/testSmellDetection/data/accumulo/2017-09-19_TO_2018-03-19/files/67_eb15e4562d29cde70e4a02189fcba182c1d2e6b8_Admin.java
accumulo,/hdd/dj/testSmellDetection/data/accumulo/2017-09-19_TO_2018-03-19//files//68_0bd076eda1753e76f2a64a919a21e57ebbc96140_ZooCacheTest.java,/hdd/dj/testSmellDetection/data/accumulo/2017-09-19_TO_2018-03-19//files//68_0bd076eda1753e76f2a64a919a21e57ebbc96140_ZooCache.java
accumulo,/hdd/dj/testSmellDetection/data/accumulo/2017-09-19_TO_2018-03-19/files/68_13de822ae07d55b41b639396225f649a035afd48_ZooCacheTest.java,/hdd/dj/testSmellDetection/data/accumulo/2017-09-19_TO_2018-03-19/files/68_13de822ae07d55b41b639396225f649a035afd48_ZooCache.java
accumulo,/hdd/dj/testSmellDetection/data/accumulo/2017-09-19_TO_2018-03-19//files//69_16995c4d07453ffb1a20847a8285cbaa8f5b3a6a_FirstEntryInRowIteratorTest.java,/hdd/dj/testSmellDetection/data/accumulo/2017-09-19_TO_2018-03-19//files//69_16995c4d07453ffb1a20847a8285cbaa8f5b3a6a_FirstEntryInRowIterator.java
accumulo,/hdd/dj/testSmellDetection/data/accumulo/2017-09-19_TO_2018-03-19/files/69_4e91215f101362ef206e9f213b4d8d12b3f6e0e2_FirstEntryInRowIteratorTest.java,/hdd/dj/testSmellDetection/data/accumulo/2017-09-19_TO_2018-03-19/files/69_4e91215f101362ef206e9f213b4d8d12b3f6e0e2_FirstEntryInRowIterator.java
accumulo,/hdd/dj/testSmellDetection/data/accumulo/2017-09-19_TO_2018-03-19//files//70_d47c915f6d2dcac2a2edf4af1eb2768508b5da89_TservConstraintEnvTest.java,/hdd/dj/testSmellDetection/data/accumulo/2017-09-19_TO_2018-03-19//files//70_d47c915f6d2dcac2a2edf4af1eb2768508b5da89_TservConstraintEnv.java
accumulo,/hdd/dj/testSmellDetection/data/accumulo/2017-09-19_TO_2018-03-19/files/70_87190cc7564cfc25631f20de1cdd3e36215b79ef_TservConstraintEnvTest.java,/hdd/dj/testSmellDetection/data/accumulo/2017-09-19_TO_2018-03-19/files/70_87190cc7564cfc25631f20de1cdd3e36215b79ef_TservConstraintEnv.java
accumulo,/hdd/dj/testSmellDetection/data/accumulo/2017-09-19_TO_2018-03-19//files//71_f3242f1d83494a4685bf74d12e1c200ea7fb508f_IteratorSettingTest.java,/hdd/dj/testSmellDetection/data/accumulo/2017-09-19_TO_2018-03-19//files//71_f3242f1d83494a4685bf74d12e1c200ea7fb508f_IteratorSetting.java
accumulo,/hdd/dj/testSmellDetection/data/accumulo/2017-09-19_TO_2018-03-19/files/71_17bc708dcabd17824a8378597e0542002470ed18_IteratorSettingTest.java,/hdd/dj/testSmellDetection/data/accumulo/2017-09-19_TO_2018-03-19/files/71_17bc708dcabd17824a8378597e0542002470ed18_IteratorSetting.java
accumulo,/hdd/dj/testSmellDetection/data/accumulo/2017-09-19_TO_2018-03-19//files//72_f3242f1d83494a4685bf74d12e1c200ea7fb508f_TableOperationsHelperTest.java,/hdd/dj/testSmellDetection/data/accumulo/2017-09-19_TO_2018-03-19//files//72_f3242f1d83494a4685bf74d12e1c200ea7fb508f_TableOperationsHelper.java
accumulo,/hdd/dj/testSmellDetection/data/accumulo/2017-09-19_TO_2018-03-19/files/72_17bc708dcabd17824a8378597e0542002470ed18_TableOperationsHelperTest.java,/hdd/dj/testSmellDetection/data/accumulo/2017-09-19_TO_2018-03-19/files/72_17bc708dcabd17824a8378597e0542002470ed18_TableOperationsHelper.java
accumulo,/hdd/dj/testSmellDetection/data/accumulo/2017-09-19_TO_2018-03-19//files//73_f3242f1d83494a4685bf74d12e1c200ea7fb508f_TabletLocatorImplTest.java,/hdd/dj/testSmellDetection/data/accumulo/2017-09-19_TO_2018-03-19//files//73_f3242f1d83494a4685bf74d12e1c200ea7fb508f_TabletLocatorImpl.java
accumulo,/hdd/dj/testSmellDetection/data/accumulo/2017-09-19_TO_2018-03-19/files/73_17bc708dcabd17824a8378597e0542002470ed18_TabletLocatorImplTest.java,/hdd/dj/testSmellDetection/data/accumulo/2017-09-19_TO_2018-03-19/files/73_17bc708dcabd17824a8378597e0542002470ed18_TabletLocatorImpl.java
accumulo,/hdd/dj/testSmellDetection/data/accumulo/2017-09-19_TO_2018-03-19//files//74_f3242f1d83494a4685bf74d12e1c200ea7fb508f_AccumuloInputFormatTest.java,/hdd/dj/testSmellDetection/data/accumulo/2017-09-19_TO_2018-03-19//files//74_f3242f1d83494a4685bf74d12e1c200ea7fb508f_AccumuloInputFormat.java
accumulo,/hdd/dj/testSmellDetection/data/accumulo/2017-09-19_TO_2018-03-19/files/74_17bc708dcabd17824a8378597e0542002470ed18_AccumuloInputFormatTest.java,/hdd/dj/testSmellDetection/data/accumulo/2017-09-19_TO_2018-03-19/files/74_17bc708dcabd17824a8378597e0542002470ed18_AccumuloInputFormat.java
accumulo,/hdd/dj/testSmellDetection/data/accumulo/2017-09-19_TO_2018-03-19//files//75_f3242f1d83494a4685bf74d12e1c200ea7fb508f_InputTableConfigTest.java,/hdd/dj/testSmellDetection/data/accumulo/2017-09-19_TO_2018-03-19//files//75_f3242f1d83494a4685bf74d12e1c200ea7fb508f_InputTableConfig.java
accumulo,/hdd/dj/testSmellDetection/data/accumulo/2017-09-19_TO_2018-03-19/files/75_17bc708dcabd17824a8378597e0542002470ed18_InputTableConfigTest.java,/hdd/dj/testSmellDetection/data/accumulo/2017-09-19_TO_2018-03-19/files/75_17bc708dcabd17824a8378597e0542002470ed18_InputTableConfig.java
accumulo,/hdd/dj/testSmellDetection/data/accumulo/2017-09-19_TO_2018-03-19//files//76_f3242f1d83494a4685bf74d12e1c200ea7fb508f_CredentialProviderFactoryShimTest.java,/hdd/dj/testSmellDetection/data/accumulo/2017-09-19_TO_2018-03-19//files//76_f3242f1d83494a4685bf74d12e1c200ea7fb508f_CredentialProviderFactoryShim.java
accumulo,/hdd/dj/testSmellDetection/data/accumulo/2017-09-19_TO_2018-03-19/files/76_17bc708dcabd17824a8378597e0542002470ed18_CredentialProviderFactoryShimTest.java,/hdd/dj/testSmellDetection/data/accumulo/2017-09-19_TO_2018-03-19/files/76_17bc708dcabd17824a8378597e0542002470ed18_CredentialProviderFactoryShim.java
accumulo,/hdd/dj/testSmellDetection/data/accumulo/2017-09-19_TO_2018-03-19//files//77_f3242f1d83494a4685bf74d12e1c200ea7fb508f_BloomFilterLayerLookupTest.java,
accumulo,/hdd/dj/testSmellDetection/data/accumulo/2017-09-19_TO_2018-03-19/files/77_17bc708dcabd17824a8378597e0542002470ed18_BloomFilterLayerLookupTest.java,
accumulo,/hdd/dj/testSmellDetection/data/accumulo/2017-09-19_TO_2018-03-19//files//78_f3242f1d83494a4685bf74d12e1c200ea7fb508f_MultiThreadedRFileTest.java,
accumulo,/hdd/dj/testSmellDetection/data/accumulo/2017-09-19_TO_2018-03-19/files/78_17bc708dcabd17824a8378597e0542002470ed18_MultiThreadedRFileTest.java,
accumulo,/hdd/dj/testSmellDetection/data/accumulo/2017-09-19_TO_2018-03-19//files//79_f3242f1d83494a4685bf74d12e1c200ea7fb508f_SortedMapIteratorTest.java,/hdd/dj/testSmellDetection/data/accumulo/2017-09-19_TO_2018-03-19//files//79_f3242f1d83494a4685bf74d12e1c200ea7fb508f_SortedMapIterator.java
accumulo,/hdd/dj/testSmellDetection/data/accumulo/2017-09-19_TO_2018-03-19/files/79_17bc708dcabd17824a8378597e0542002470ed18_SortedMapIteratorTest.java,/hdd/dj/testSmellDetection/data/accumulo/2017-09-19_TO_2018-03-19/files/79_17bc708dcabd17824a8378597e0542002470ed18_SortedMapIterator.java
accumulo,/hdd/dj/testSmellDetection/data/accumulo/2017-09-19_TO_2018-03-19//files//80_f3242f1d83494a4685bf74d12e1c200ea7fb508f_SourceSwitchingIteratorTest.java,
accumulo,/hdd/dj/testSmellDetection/data/accumulo/2017-09-19_TO_2018-03-19/files/80_17bc708dcabd17824a8378597e0542002470ed18_SourceSwitchingIteratorTest.java,
accumulo,/hdd/dj/testSmellDetection/data/accumulo/2017-09-19_TO_2018-03-19//files//81_f3242f1d83494a4685bf74d12e1c200ea7fb508f_TimeSettingIteratorTest.java,/hdd/dj/testSmellDetection/data/accumulo/2017-09-19_TO_2018-03-19//files//81_f3242f1d83494a4685bf74d12e1c200ea7fb508f_TimeSettingIterator.java
accumulo,/hdd/dj/testSmellDetection/data/accumulo/2017-09-19_TO_2018-03-19/files/81_17bc708dcabd17824a8378597e0542002470ed18_TimeSettingIteratorTest.java,/hdd/dj/testSmellDetection/data/accumulo/2017-09-19_TO_2018-03-19/files/81_17bc708dcabd17824a8378597e0542002470ed18_TimeSettingIterator.java
accumulo,/hdd/dj/testSmellDetection/data/accumulo/2017-09-19_TO_2018-03-19//files//82_f3242f1d83494a4685bf74d12e1c200ea7fb508f_VisibilityFilterTest.java,/hdd/dj/testSmellDetection/data/accumulo/2017-09-19_TO_2018-03-19//files//82_f3242f1d83494a4685bf74d12e1c200ea7fb508f_VisibilityFilter.java
accumulo,/hdd/dj/testSmellDetection/data/accumulo/2017-09-19_TO_2018-03-19/files/82_17bc708dcabd17824a8378597e0542002470ed18_VisibilityFilterTest.java,/hdd/dj/testSmellDetection/data/accumulo/2017-09-19_TO_2018-03-19/files/82_17bc708dcabd17824a8378597e0542002470ed18_VisibilityFilter.java
accumulo,/hdd/dj/testSmellDetection/data/accumulo/2017-09-19_TO_2018-03-19//files//83_f3242f1d83494a4685bf74d12e1c200ea7fb508f_RowDeletingIteratorTest.java,/hdd/dj/testSmellDetection/data/accumulo/2017-09-19_TO_2018-03-19//files//83_f3242f1d83494a4685bf74d12e1c200ea7fb508f_RowDeletingIterator.java
accumulo,/hdd/dj/testSmellDetection/data/accumulo/2017-09-19_TO_2018-03-19/files/83_17bc708dcabd17824a8378597e0542002470ed18_RowDeletingIteratorTest.java,/hdd/dj/testSmellDetection/data/accumulo/2017-09-19_TO_2018-03-19/files/83_17bc708dcabd17824a8378597e0542002470ed18_RowDeletingIterator.java
accumulo,/hdd/dj/testSmellDetection/data/accumulo/2017-09-19_TO_2018-03-19//files//84_f3242f1d83494a4685bf74d12e1c200ea7fb508f_RowEncodingIteratorTest.java,/hdd/dj/testSmellDetection/data/accumulo/2017-09-19_TO_2018-03-19//files//84_f3242f1d83494a4685bf74d12e1c200ea7fb508f_RowEncodingIterator.java
accumulo,/hdd/dj/testSmellDetection/data/accumulo/2017-09-19_TO_2018-03-19/files/84_17bc708dcabd17824a8378597e0542002470ed18_RowEncodingIteratorTest.java,/hdd/dj/testSmellDetection/data/accumulo/2017-09-19_TO_2018-03-19/files/84_17bc708dcabd17824a8378597e0542002470ed18_RowEncodingIterator.java
accumulo,/hdd/dj/testSmellDetection/data/accumulo/2017-09-19_TO_2018-03-19//files//85_f3242f1d83494a4685bf74d12e1c200ea7fb508f_RowFilterTest.java,/hdd/dj/testSmellDetection/data/accumulo/2017-09-19_TO_2018-03-19//files//85_f3242f1d83494a4685bf74d12e1c200ea7fb508f_RowFilter.java
accumulo,/hdd/dj/testSmellDetection/data/accumulo/2017-09-19_TO_2018-03-19/files/85_17bc708dcabd17824a8378597e0542002470ed18_RowFilterTest.java,/hdd/dj/testSmellDetection/data/accumulo/2017-09-19_TO_2018-03-19/files/85_17bc708dcabd17824a8378597e0542002470ed18_RowFilter.java
accumulo,/hdd/dj/testSmellDetection/data/accumulo/2017-09-19_TO_2018-03-19//files//86_f3242f1d83494a4685bf74d12e1c200ea7fb508f_TransformingIteratorTest.java,
accumulo,/hdd/dj/testSmellDetection/data/accumulo/2017-09-19_TO_2018-03-19/files/86_17bc708dcabd17824a8378597e0542002470ed18_TransformingIteratorTest.java,
accumulo,/hdd/dj/testSmellDetection/data/accumulo/2017-09-19_TO_2018-03-19//files//87_f3242f1d83494a4685bf74d12e1c200ea7fb508f_WholeColumnFamilyIteratorTest.java,/hdd/dj/testSmellDetection/data/accumulo/2017-09-19_TO_2018-03-19//files//87_f3242f1d83494a4685bf74d12e1c200ea7fb508f_WholeColumnFamilyIterator.java
accumulo,/hdd/dj/testSmellDetection/data/accumulo/2017-09-19_TO_2018-03-19/files/87_17bc708dcabd17824a8378597e0542002470ed18_WholeColumnFamilyIteratorTest.java,/hdd/dj/testSmellDetection/data/accumulo/2017-09-19_TO_2018-03-19/files/87_17bc708dcabd17824a8378597e0542002470ed18_WholeColumnFamilyIterator.java
accumulo,/hdd/dj/testSmellDetection/data/accumulo/2017-09-19_TO_2018-03-19//files//88_f3242f1d83494a4685bf74d12e1c200ea7fb508f_WholeRowIteratorTest.java,/hdd/dj/testSmellDetection/data/accumulo/2017-09-19_TO_2018-03-19//files//88_f3242f1d83494a4685bf74d12e1c200ea7fb508f_WholeRowIterator.java
accumulo,/hdd/dj/testSmellDetection/data/accumulo/2017-09-19_TO_2018-03-19/files/88_17bc708dcabd17824a8378597e0542002470ed18_WholeRowIteratorTest.java,/hdd/dj/testSmellDetection/data/accumulo/2017-09-19_TO_2018-03-19/files/88_17bc708dcabd17824a8378597e0542002470ed18_WholeRowIterator.java
accumulo,/hdd/dj/testSmellDetection/data/accumulo/2017-09-19_TO_2018-03-19//files//89_f3242f1d83494a4685bf74d12e1c200ea7fb508f_ReplicationConfigurationUtilTest.java,/hdd/dj/testSmellDetection/data/accumulo/2017-09-19_TO_2018-03-19//files//89_f3242f1d83494a4685bf74d12e1c200ea7fb508f_ReplicationConfigurationUtil.java
accumulo,/hdd/dj/testSmellDetection/data/accumulo/2017-09-19_TO_2018-03-19/files/89_17bc708dcabd17824a8378597e0542002470ed18_ReplicationConfigurationUtilTest.java,/hdd/dj/testSmellDetection/data/accumulo/2017-09-19_TO_2018-03-19/files/89_17bc708dcabd17824a8378597e0542002470ed18_ReplicationConfigurationUtil.java
accumulo,/hdd/dj/testSmellDetection/data/accumulo/2017-09-19_TO_2018-03-19//files//90_f3242f1d83494a4685bf74d12e1c200ea7fb508f_PartitionerTest.java,
accumulo,/hdd/dj/testSmellDetection/data/accumulo/2017-09-19_TO_2018-03-19/files/90_17bc708dcabd17824a8378597e0542002470ed18_PartitionerTest.java,
accumulo,/hdd/dj/testSmellDetection/data/accumulo/2017-09-19_TO_2018-03-19//files//91_f3242f1d83494a4685bf74d12e1c200ea7fb508f_TestMultiTableIngest.java,
accumulo,/hdd/dj/testSmellDetection/data/accumulo/2017-09-19_TO_2018-03-19/files/91_17bc708dcabd17824a8378597e0542002470ed18_TestMultiTableIngest.java,
accumulo,/hdd/dj/testSmellDetection/data/accumulo/2017-09-19_TO_2018-03-19//files//92_f3242f1d83494a4685bf74d12e1c200ea7fb508f_TestProxyNamespaceOperations.java,
accumulo,/hdd/dj/testSmellDetection/data/accumulo/2017-09-19_TO_2018-03-19/files/92_17bc708dcabd17824a8378597e0542002470ed18_TestProxyNamespaceOperations.java,
accumulo,/hdd/dj/testSmellDetection/data/accumulo/2017-09-19_TO_2018-03-19//files//93_08e7dfa0b74632cd4644588035be1028d6649b83_RetryTest.java,/hdd/dj/testSmellDetection/data/accumulo/2017-09-19_TO_2018-03-19//files//93_08e7dfa0b74632cd4644588035be1028d6649b83_Retry.java
accumulo,/hdd/dj/testSmellDetection/data/accumulo/2017-09-19_TO_2018-03-19/files/93_e0cf7cd489c069d6b9fd4918ecc84d751b0b3cf8_RetryTest.java,/hdd/dj/testSmellDetection/data/accumulo/2017-09-19_TO_2018-03-19/files/93_e0cf7cd489c069d6b9fd4918ecc84d751b0b3cf8_Retry.java
accumulo,/hdd/dj/testSmellDetection/data/accumulo/2017-09-19_TO_2018-03-19//files//94_cdd8c9ee35c47963fa91bb702c6a4465237146c5_ConfigSanityCheckTest.java,/hdd/dj/testSmellDetection/data/accumulo/2017-09-19_TO_2018-03-19//files//94_cdd8c9ee35c47963fa91bb702c6a4465237146c5_ConfigSanityCheck.java
accumulo,/hdd/dj/testSmellDetection/data/accumulo/2017-09-19_TO_2018-03-19/files/94_416b743a808a10b4eccd107d8919b3da85f556da_ConfigSanityCheckTest.java,/hdd/dj/testSmellDetection/data/accumulo/2017-09-19_TO_2018-03-19/files/94_416b743a808a10b4eccd107d8919b3da85f556da_ConfigSanityCheck.java
accumulo,/hdd/dj/testSmellDetection/data/accumulo/2017-09-19_TO_2018-03-19/files/95_cf0dd9c6471b0979643d913bef423efb45c5cac0_RetryTest.java,/hdd/dj/testSmellDetection/data/accumulo/2017-09-19_TO_2018-03-19/files/95_cf0dd9c6471b0979643d913bef423efb45c5cac0_Retry.java
accumulo,/hdd/dj/testSmellDetection/data/accumulo/2017-09-19_TO_2018-03-19//files//96_68f70d5d557ad9ceec8acfb509906dbc19a0cf15_RetryFactoryTest.java,/hdd/dj/testSmellDetection/data/accumulo/2017-09-19_TO_2018-03-19//files//96_68f70d5d557ad9ceec8acfb509906dbc19a0cf15_RetryFactory.java
accumulo,/hdd/dj/testSmellDetection/data/accumulo/2017-09-19_TO_2018-03-19//files//97_68f70d5d557ad9ceec8acfb509906dbc19a0cf15_RetryTest.java,/hdd/dj/testSmellDetection/data/accumulo/2017-09-19_TO_2018-03-19//files//97_68f70d5d557ad9ceec8acfb509906dbc19a0cf15_Retry.java
accumulo,/hdd/dj/testSmellDetection/data/accumulo/2017-09-19_TO_2018-03-19//files//98_68f70d5d557ad9ceec8acfb509906dbc19a0cf15_ZooReaderWriterTest.java,/hdd/dj/testSmellDetection/data/accumulo/2017-09-19_TO_2018-03-19//files//98_68f70d5d557ad9ceec8acfb509906dbc19a0cf15_ZooReaderWriter.java
accumulo,/hdd/dj/testSmellDetection/data/accumulo/2017-09-19_TO_2018-03-19/files/98_cf0dd9c6471b0979643d913bef423efb45c5cac0_ZooReaderWriterTest.java,/hdd/dj/testSmellDetection/data/accumulo/2017-09-19_TO_2018-03-19/files/98_cf0dd9c6471b0979643d913bef423efb45c5cac0_ZooReaderWriter.java
accumulo,/hdd/dj/testSmellDetection/data/accumulo/2017-09-19_TO_2018-03-19//files//99_7da48345c9f19bd5e165c4c01a3e2ba85de9743d_GroupBalancerTest.java,/hdd/dj/testSmellDetection/data/accumulo/2017-09-19_TO_2018-03-19//files//99_7da48345c9f19bd5e165c4c01a3e2ba85de9743d_GroupBalancer.java
accumulo,/hdd/dj/testSmellDetection/data/accumulo/2017-09-19_TO_2018-03-19/files/99_24a6573e620b63cf256463a9955d417cad235e85_GroupBalancerTest.java,/hdd/dj/testSmellDetection/data/accumulo/2017-09-19_TO_2018-03-19/files/99_24a6573e620b63cf256463a9955d417cad235e85_GroupBalancer.java
accumulo,/hdd/dj/testSmellDetection/data/accumulo/2017-09-19_TO_2018-03-19//files//100_67fcb404ac50a6caeeec5227995138746a6b356a_IteratorSettingTest.java,/hdd/dj/testSmellDetection/data/accumulo/2017-09-19_TO_2018-03-19//files//100_67fcb404ac50a6caeeec5227995138746a6b356a_IteratorSetting.java
accumulo,/hdd/dj/testSmellDetection/data/accumulo/2017-09-19_TO_2018-03-19/files/100_6ef308a888d25fe73734dac600b8d14460d22a6c_IteratorSettingTest.java,/hdd/dj/testSmellDetection/data/accumulo/2017-09-19_TO_2018-03-19/files/100_6ef308a888d25fe73734dac600b8d14460d22a6c_IteratorSetting.java
accumulo,/hdd/dj/testSmellDetection/data/accumulo/2017-09-19_TO_2018-03-19//files//101_67fcb404ac50a6caeeec5227995138746a6b356a_IteratorUtilTest.java,/hdd/dj/testSmellDetection/data/accumulo/2017-09-19_TO_2018-03-19//files//101_67fcb404ac50a6caeeec5227995138746a6b356a_IteratorUtil.java
accumulo,/hdd/dj/testSmellDetection/data/accumulo/2017-09-19_TO_2018-03-19/files/101_6ef308a888d25fe73734dac600b8d14460d22a6c_IteratorUtilTest.java,/hdd/dj/testSmellDetection/data/accumulo/2017-09-19_TO_2018-03-19/files/101_6ef308a888d25fe73734dac600b8d14460d22a6c_IteratorUtil.java
