hadoop,/hdd/dj/testSmellDetection/data/hadoop/4_18_2017_TO_10_18_2017//files//0_e60b797c88541f94cecc7fdbcaad010c4742cfdb_TestHttpFSServer.java,/hdd/dj/testSmellDetection/data/hadoop/4_18_2017_TO_10_18_2017//files//0_e60b797c88541f94cecc7fdbcaad010c4742cfdb_HttpFSServer.java
hadoop,/hdd/dj/testSmellDetection/data/hadoop/4_18_2017_TO_10_18_2017/files/0_396ce0d9f470a5e8af03987ad6396d0f08b3d225_TestHttpFSServer.java,/hdd/dj/testSmellDetection/data/hadoop/4_18_2017_TO_10_18_2017/files/0_396ce0d9f470a5e8af03987ad6396d0f08b3d225_HttpFSServer.java
hadoop,/hdd/dj/testSmellDetection/data/hadoop/4_18_2017_TO_10_18_2017//files//1_619e490333fa89601fd476dedac6d16610e9a52a_TestContainerPersistence.java,
hadoop,/hdd/dj/testSmellDetection/data/hadoop/4_18_2017_TO_10_18_2017/files/1_7fb91b8a534eaeda55c2de120a7d23f9c90d265b_TestContainerPersistence.java,
hadoop,/hdd/dj/testSmellDetection/data/hadoop/4_18_2017_TO_10_18_2017//files//2_7fb91b8a534eaeda55c2de120a7d23f9c90d265b_TestOzoneManagerLock.java,/hdd/dj/testSmellDetection/data/hadoop/4_18_2017_TO_10_18_2017//files//2_7fb91b8a534eaeda55c2de120a7d23f9c90d265b_OzoneManagerLock.java
hadoop,/hdd/dj/testSmellDetection/data/hadoop/4_18_2017_TO_10_18_2017/files/2_e6b77ad65f923858fb67f5c2165fefe52d6f8c17_TestOzoneManagerLock.java,/hdd/dj/testSmellDetection/data/hadoop/4_18_2017_TO_10_18_2017/files/2_e6b77ad65f923858fb67f5c2165fefe52d6f8c17_OzoneManagerLock.java
hadoop,/hdd/dj/testSmellDetection/data/hadoop/4_18_2017_TO_10_18_2017//files//3_7fb91b8a534eaeda55c2de120a7d23f9c90d265b_TestS3BucketManager.java,
hadoop,/hdd/dj/testSmellDetection/data/hadoop/4_18_2017_TO_10_18_2017/files/3_e6b77ad65f923858fb67f5c2165fefe52d6f8c17_TestS3BucketManager.java,
hadoop,/hdd/dj/testSmellDetection/data/hadoop/4_18_2017_TO_10_18_2017//files//4_83b9b25c5136bfb99477b1142af22cb4a4b36be5_TestOzoneAcls.java,
hadoop,/hdd/dj/testSmellDetection/data/hadoop/4_18_2017_TO_10_18_2017/files/4_2c392da8aa790ea7541745c4d77e0b5ecbc47ac6_TestOzoneAcls.java,
hadoop,/hdd/dj/testSmellDetection/data/hadoop/4_18_2017_TO_10_18_2017//files//5_83b9b25c5136bfb99477b1142af22cb4a4b36be5_TestOzoneAuditLogger.java,
hadoop,/hdd/dj/testSmellDetection/data/hadoop/4_18_2017_TO_10_18_2017/files/5_2c392da8aa790ea7541745c4d77e0b5ecbc47ac6_TestOzoneAuditLogger.java,
hadoop,/hdd/dj/testSmellDetection/data/hadoop/4_18_2017_TO_10_18_2017//files//6_83b9b25c5136bfb99477b1142af22cb4a4b36be5_TestStateMachine.java,/hdd/dj/testSmellDetection/data/hadoop/4_18_2017_TO_10_18_2017//files//6_83b9b25c5136bfb99477b1142af22cb4a4b36be5_StateMachine.java
hadoop,/hdd/dj/testSmellDetection/data/hadoop/4_18_2017_TO_10_18_2017/files/6_2c392da8aa790ea7541745c4d77e0b5ecbc47ac6_TestStateMachine.java,
hadoop,/hdd/dj/testSmellDetection/data/hadoop/4_18_2017_TO_10_18_2017//files//7_83b9b25c5136bfb99477b1142af22cb4a4b36be5_TestLeaseManager.java,/hdd/dj/testSmellDetection/data/hadoop/4_18_2017_TO_10_18_2017//files//7_83b9b25c5136bfb99477b1142af22cb4a4b36be5_LeaseManager.java
hadoop,/hdd/dj/testSmellDetection/data/hadoop/4_18_2017_TO_10_18_2017/files/7_2c392da8aa790ea7541745c4d77e0b5ecbc47ac6_TestLeaseManager.java,
hadoop,/hdd/dj/testSmellDetection/data/hadoop/4_18_2017_TO_10_18_2017//files//8_83b9b25c5136bfb99477b1142af22cb4a4b36be5_TestLockManager.java,/hdd/dj/testSmellDetection/data/hadoop/4_18_2017_TO_10_18_2017//files//8_83b9b25c5136bfb99477b1142af22cb4a4b36be5_LockManager.java
hadoop,/hdd/dj/testSmellDetection/data/hadoop/4_18_2017_TO_10_18_2017/files/8_2c392da8aa790ea7541745c4d77e0b5ecbc47ac6_TestLockManager.java,
hadoop,/hdd/dj/testSmellDetection/data/hadoop/4_18_2017_TO_10_18_2017//files//9_83b9b25c5136bfb99477b1142af22cb4a4b36be5_TestHddsIdFactory.java,/hdd/dj/testSmellDetection/data/hadoop/4_18_2017_TO_10_18_2017//files//9_83b9b25c5136bfb99477b1142af22cb4a4b36be5_HddsIdFactory.java
hadoop,/hdd/dj/testSmellDetection/data/hadoop/4_18_2017_TO_10_18_2017/files/9_2c392da8aa790ea7541745c4d77e0b5ecbc47ac6_TestHddsIdFactory.java,
hadoop,/hdd/dj/testSmellDetection/data/hadoop/4_18_2017_TO_10_18_2017//files//10_83b9b25c5136bfb99477b1142af22cb4a4b36be5_TestMetadataStore.java,/hdd/dj/testSmellDetection/data/hadoop/4_18_2017_TO_10_18_2017//files//10_83b9b25c5136bfb99477b1142af22cb4a4b36be5_MetadataStore.java
hadoop,/hdd/dj/testSmellDetection/data/hadoop/4_18_2017_TO_10_18_2017/files/10_2c392da8aa790ea7541745c4d77e0b5ecbc47ac6_TestMetadataStore.java,
hadoop,/hdd/dj/testSmellDetection/data/hadoop/4_18_2017_TO_10_18_2017//files//11_83b9b25c5136bfb99477b1142af22cb4a4b36be5_TestRocksDBStoreMBean.java,/hdd/dj/testSmellDetection/data/hadoop/4_18_2017_TO_10_18_2017//files//11_83b9b25c5136bfb99477b1142af22cb4a4b36be5_RocksDBStoreMBean.java
hadoop,/hdd/dj/testSmellDetection/data/hadoop/4_18_2017_TO_10_18_2017/files/11_2c392da8aa790ea7541745c4d77e0b5ecbc47ac6_TestRocksDBStoreMBean.java,
hadoop,/hdd/dj/testSmellDetection/data/hadoop/4_18_2017_TO_10_18_2017//files//12_83b9b25c5136bfb99477b1142af22cb4a4b36be5_TestDBConfigFromFile.java,/hdd/dj/testSmellDetection/data/hadoop/4_18_2017_TO_10_18_2017//files//12_83b9b25c5136bfb99477b1142af22cb4a4b36be5_DBConfigFromFile.java
hadoop,/hdd/dj/testSmellDetection/data/hadoop/4_18_2017_TO_10_18_2017/files/12_2c392da8aa790ea7541745c4d77e0b5ecbc47ac6_TestDBConfigFromFile.java,
hadoop,/hdd/dj/testSmellDetection/data/hadoop/4_18_2017_TO_10_18_2017//files//13_83b9b25c5136bfb99477b1142af22cb4a4b36be5_TestDBStoreBuilder.java,/hdd/dj/testSmellDetection/data/hadoop/4_18_2017_TO_10_18_2017//files//13_83b9b25c5136bfb99477b1142af22cb4a4b36be5_DBStoreBuilder.java
hadoop,/hdd/dj/testSmellDetection/data/hadoop/4_18_2017_TO_10_18_2017/files/13_2c392da8aa790ea7541745c4d77e0b5ecbc47ac6_TestDBStoreBuilder.java,
hadoop,/hdd/dj/testSmellDetection/data/hadoop/4_18_2017_TO_10_18_2017//files//14_83b9b25c5136bfb99477b1142af22cb4a4b36be5_TestRDBStore.java,/hdd/dj/testSmellDetection/data/hadoop/4_18_2017_TO_10_18_2017//files//14_83b9b25c5136bfb99477b1142af22cb4a4b36be5_RDBStore.java
hadoop,/hdd/dj/testSmellDetection/data/hadoop/4_18_2017_TO_10_18_2017/files/14_2c392da8aa790ea7541745c4d77e0b5ecbc47ac6_TestRDBStore.java,
hadoop,/hdd/dj/testSmellDetection/data/hadoop/4_18_2017_TO_10_18_2017//files//15_83b9b25c5136bfb99477b1142af22cb4a4b36be5_TestRDBTableStore.java,
hadoop,/hdd/dj/testSmellDetection/data/hadoop/4_18_2017_TO_10_18_2017/files/15_2c392da8aa790ea7541745c4d77e0b5ecbc47ac6_TestRDBTableStore.java,
hadoop,/hdd/dj/testSmellDetection/data/hadoop/4_18_2017_TO_10_18_2017//files//16_83b9b25c5136bfb99477b1142af22cb4a4b36be5_TestChunkLayOutVersion.java,/hdd/dj/testSmellDetection/data/hadoop/4_18_2017_TO_10_18_2017//files//16_83b9b25c5136bfb99477b1142af22cb4a4b36be5_ChunkLayOutVersion.java
hadoop,/hdd/dj/testSmellDetection/data/hadoop/4_18_2017_TO_10_18_2017/files/16_2c392da8aa790ea7541745c4d77e0b5ecbc47ac6_TestChunkLayOutVersion.java,
hadoop,/hdd/dj/testSmellDetection/data/hadoop/4_18_2017_TO_10_18_2017//files//17_83b9b25c5136bfb99477b1142af22cb4a4b36be5_TestDatanodeLayOutVersion.java,/hdd/dj/testSmellDetection/data/hadoop/4_18_2017_TO_10_18_2017//files//17_83b9b25c5136bfb99477b1142af22cb4a4b36be5_DataNodeLayoutVersion.java
hadoop,/hdd/dj/testSmellDetection/data/hadoop/4_18_2017_TO_10_18_2017/files/17_2c392da8aa790ea7541745c4d77e0b5ecbc47ac6_TestDatanodeLayOutVersion.java,
hadoop,/hdd/dj/testSmellDetection/data/hadoop/4_18_2017_TO_10_18_2017//files//18_83b9b25c5136bfb99477b1142af22cb4a4b36be5_TestDatanodeStateMachine.java,/hdd/dj/testSmellDetection/data/hadoop/4_18_2017_TO_10_18_2017//files//18_83b9b25c5136bfb99477b1142af22cb4a4b36be5_DatanodeStateMachine.java
hadoop,/hdd/dj/testSmellDetection/data/hadoop/4_18_2017_TO_10_18_2017/files/18_2c392da8aa790ea7541745c4d77e0b5ecbc47ac6_TestDatanodeStateMachine.java,
hadoop,/hdd/dj/testSmellDetection/data/hadoop/4_18_2017_TO_10_18_2017//files//19_83b9b25c5136bfb99477b1142af22cb4a4b36be5_TestKeyValueContainerData.java,/hdd/dj/testSmellDetection/data/hadoop/4_18_2017_TO_10_18_2017//files//19_83b9b25c5136bfb99477b1142af22cb4a4b36be5_KeyValueContainerData.java
hadoop,/hdd/dj/testSmellDetection/data/hadoop/4_18_2017_TO_10_18_2017/files/19_2c392da8aa790ea7541745c4d77e0b5ecbc47ac6_TestKeyValueContainerData.java,
hadoop,/hdd/dj/testSmellDetection/data/hadoop/4_18_2017_TO_10_18_2017//files//20_83b9b25c5136bfb99477b1142af22cb4a4b36be5_TestDatanodeVersionFile.java,/hdd/dj/testSmellDetection/data/hadoop/4_18_2017_TO_10_18_2017//files//20_83b9b25c5136bfb99477b1142af22cb4a4b36be5_DatanodeVersionFile.java
hadoop,/hdd/dj/testSmellDetection/data/hadoop/4_18_2017_TO_10_18_2017/files/20_2c392da8aa790ea7541745c4d77e0b5ecbc47ac6_TestDatanodeVersionFile.java,
hadoop,/hdd/dj/testSmellDetection/data/hadoop/4_18_2017_TO_10_18_2017//files//21_83b9b25c5136bfb99477b1142af22cb4a4b36be5_TestContainerDataYaml.java,/hdd/dj/testSmellDetection/data/hadoop/4_18_2017_TO_10_18_2017//files//21_83b9b25c5136bfb99477b1142af22cb4a4b36be5_ContainerDataYaml.java
hadoop,/hdd/dj/testSmellDetection/data/hadoop/4_18_2017_TO_10_18_2017/files/21_2c392da8aa790ea7541745c4d77e0b5ecbc47ac6_TestContainerDataYaml.java,
hadoop,/hdd/dj/testSmellDetection/data/hadoop/4_18_2017_TO_10_18_2017//files//22_83b9b25c5136bfb99477b1142af22cb4a4b36be5_TestContainerSet.java,/hdd/dj/testSmellDetection/data/hadoop/4_18_2017_TO_10_18_2017//files//22_83b9b25c5136bfb99477b1142af22cb4a4b36be5_ContainerSet.java
hadoop,/hdd/dj/testSmellDetection/data/hadoop/4_18_2017_TO_10_18_2017/files/22_2c392da8aa790ea7541745c4d77e0b5ecbc47ac6_TestContainerSet.java,
hadoop,/hdd/dj/testSmellDetection/data/hadoop/4_18_2017_TO_10_18_2017//files//23_83b9b25c5136bfb99477b1142af22cb4a4b36be5_TestHddsDispatcher.java,/hdd/dj/testSmellDetection/data/hadoop/4_18_2017_TO_10_18_2017//files//23_83b9b25c5136bfb99477b1142af22cb4a4b36be5_HddsDispatcher.java
hadoop,/hdd/dj/testSmellDetection/data/hadoop/4_18_2017_TO_10_18_2017/files/23_2c392da8aa790ea7541745c4d77e0b5ecbc47ac6_TestHddsDispatcher.java,
hadoop,/hdd/dj/testSmellDetection/data/hadoop/4_18_2017_TO_10_18_2017//files//24_83b9b25c5136bfb99477b1142af22cb4a4b36be5_TestHandler.java,/hdd/dj/testSmellDetection/data/hadoop/4_18_2017_TO_10_18_2017//files//24_83b9b25c5136bfb99477b1142af22cb4a4b36be5_Handler.java
hadoop,/hdd/dj/testSmellDetection/data/hadoop/4_18_2017_TO_10_18_2017/files/24_2c392da8aa790ea7541745c4d77e0b5ecbc47ac6_TestHandler.java,
hadoop,/hdd/dj/testSmellDetection/data/hadoop/4_18_2017_TO_10_18_2017//files//25_83b9b25c5136bfb99477b1142af22cb4a4b36be5_TestReportManager.java,/hdd/dj/testSmellDetection/data/hadoop/4_18_2017_TO_10_18_2017//files//25_83b9b25c5136bfb99477b1142af22cb4a4b36be5_ReportManager.java
hadoop,/hdd/dj/testSmellDetection/data/hadoop/4_18_2017_TO_10_18_2017/files/25_2c392da8aa790ea7541745c4d77e0b5ecbc47ac6_TestReportManager.java,
hadoop,/hdd/dj/testSmellDetection/data/hadoop/4_18_2017_TO_10_18_2017//files//26_83b9b25c5136bfb99477b1142af22cb4a4b36be5_TestReportPublisher.java,/hdd/dj/testSmellDetection/data/hadoop/4_18_2017_TO_10_18_2017//files//26_83b9b25c5136bfb99477b1142af22cb4a4b36be5_ReportPublisher.java
hadoop,/hdd/dj/testSmellDetection/data/hadoop/4_18_2017_TO_10_18_2017/files/26_2c392da8aa790ea7541745c4d77e0b5ecbc47ac6_TestReportPublisher.java,
hadoop,/hdd/dj/testSmellDetection/data/hadoop/4_18_2017_TO_10_18_2017//files//27_83b9b25c5136bfb99477b1142af22cb4a4b36be5_TestReportPublisherFactory.java,/hdd/dj/testSmellDetection/data/hadoop/4_18_2017_TO_10_18_2017//files//27_83b9b25c5136bfb99477b1142af22cb4a4b36be5_ReportPublisherFactory.java
hadoop,/hdd/dj/testSmellDetection/data/hadoop/4_18_2017_TO_10_18_2017/files/27_2c392da8aa790ea7541745c4d77e0b5ecbc47ac6_TestReportPublisherFactory.java,
hadoop,/hdd/dj/testSmellDetection/data/hadoop/4_18_2017_TO_10_18_2017//files//28_83b9b25c5136bfb99477b1142af22cb4a4b36be5_TestHeartbeatEndpointTask.java,/hdd/dj/testSmellDetection/data/hadoop/4_18_2017_TO_10_18_2017//files//28_83b9b25c5136bfb99477b1142af22cb4a4b36be5_HeartbeatEndpointTask.java
hadoop,/hdd/dj/testSmellDetection/data/hadoop/4_18_2017_TO_10_18_2017/files/28_2c392da8aa790ea7541745c4d77e0b5ecbc47ac6_TestHeartbeatEndpointTask.java,
hadoop,/hdd/dj/testSmellDetection/data/hadoop/4_18_2017_TO_10_18_2017//files//29_83b9b25c5136bfb99477b1142af22cb4a4b36be5_TestHddsVolume.java,/hdd/dj/testSmellDetection/data/hadoop/4_18_2017_TO_10_18_2017//files//29_83b9b25c5136bfb99477b1142af22cb4a4b36be5_HddsVolume.java
hadoop,/hdd/dj/testSmellDetection/data/hadoop/4_18_2017_TO_10_18_2017/files/29_2c392da8aa790ea7541745c4d77e0b5ecbc47ac6_TestHddsVolume.java,
hadoop,/hdd/dj/testSmellDetection/data/hadoop/4_18_2017_TO_10_18_2017//files//30_83b9b25c5136bfb99477b1142af22cb4a4b36be5_TestRoundRobinVolumeChoosingPolicy.java,/hdd/dj/testSmellDetection/data/hadoop/4_18_2017_TO_10_18_2017//files//30_83b9b25c5136bfb99477b1142af22cb4a4b36be5_RoundRobinVolumeChoosingPolicy.java
hadoop,/hdd/dj/testSmellDetection/data/hadoop/4_18_2017_TO_10_18_2017/files/30_2c392da8aa790ea7541745c4d77e0b5ecbc47ac6_TestRoundRobinVolumeChoosingPolicy.java,
hadoop,/hdd/dj/testSmellDetection/data/hadoop/4_18_2017_TO_10_18_2017//files//31_83b9b25c5136bfb99477b1142af22cb4a4b36be5_TestVolumeSet.java,/hdd/dj/testSmellDetection/data/hadoop/4_18_2017_TO_10_18_2017//files//31_83b9b25c5136bfb99477b1142af22cb4a4b36be5_VolumeSet.java
hadoop,/hdd/dj/testSmellDetection/data/hadoop/4_18_2017_TO_10_18_2017/files/31_2c392da8aa790ea7541745c4d77e0b5ecbc47ac6_TestVolumeSet.java,
hadoop,/hdd/dj/testSmellDetection/data/hadoop/4_18_2017_TO_10_18_2017//files//32_83b9b25c5136bfb99477b1142af22cb4a4b36be5_TestBlockManagerImpl.java,/hdd/dj/testSmellDetection/data/hadoop/4_18_2017_TO_10_18_2017//files//32_83b9b25c5136bfb99477b1142af22cb4a4b36be5_BlockManagerImpl.java
hadoop,/hdd/dj/testSmellDetection/data/hadoop/4_18_2017_TO_10_18_2017/files/32_2c392da8aa790ea7541745c4d77e0b5ecbc47ac6_TestBlockManagerImpl.java,
hadoop,/hdd/dj/testSmellDetection/data/hadoop/4_18_2017_TO_10_18_2017//files//33_83b9b25c5136bfb99477b1142af22cb4a4b36be5_TestChunkManagerImpl.java,/hdd/dj/testSmellDetection/data/hadoop/4_18_2017_TO_10_18_2017//files//33_83b9b25c5136bfb99477b1142af22cb4a4b36be5_ChunkManagerImpl.java
hadoop,/hdd/dj/testSmellDetection/data/hadoop/4_18_2017_TO_10_18_2017/files/33_2c392da8aa790ea7541745c4d77e0b5ecbc47ac6_TestChunkManagerImpl.java,
hadoop,/hdd/dj/testSmellDetection/data/hadoop/4_18_2017_TO_10_18_2017//files//34_83b9b25c5136bfb99477b1142af22cb4a4b36be5_TestKeyValueBlockIterator.java,/hdd/dj/testSmellDetection/data/hadoop/4_18_2017_TO_10_18_2017//files//34_83b9b25c5136bfb99477b1142af22cb4a4b36be5_KeyValueBlockIterator.java
hadoop,/hdd/dj/testSmellDetection/data/hadoop/4_18_2017_TO_10_18_2017/files/34_2c392da8aa790ea7541745c4d77e0b5ecbc47ac6_TestKeyValueBlockIterator.java,
hadoop,/hdd/dj/testSmellDetection/data/hadoop/4_18_2017_TO_10_18_2017//files//35_83b9b25c5136bfb99477b1142af22cb4a4b36be5_TestKeyValueContainer.java,/hdd/dj/testSmellDetection/data/hadoop/4_18_2017_TO_10_18_2017//files//35_83b9b25c5136bfb99477b1142af22cb4a4b36be5_KeyValueContainer.java
hadoop,/hdd/dj/testSmellDetection/data/hadoop/4_18_2017_TO_10_18_2017/files/35_2c392da8aa790ea7541745c4d77e0b5ecbc47ac6_TestKeyValueContainer.java,
hadoop,/hdd/dj/testSmellDetection/data/hadoop/4_18_2017_TO_10_18_2017//files//36_83b9b25c5136bfb99477b1142af22cb4a4b36be5_TestKeyValueHandler.java,/hdd/dj/testSmellDetection/data/hadoop/4_18_2017_TO_10_18_2017//files//36_83b9b25c5136bfb99477b1142af22cb4a4b36be5_KeyValueHandler.java
hadoop,/hdd/dj/testSmellDetection/data/hadoop/4_18_2017_TO_10_18_2017/files/36_2c392da8aa790ea7541745c4d77e0b5ecbc47ac6_TestKeyValueHandler.java,
hadoop,/hdd/dj/testSmellDetection/data/hadoop/4_18_2017_TO_10_18_2017//files//37_83b9b25c5136bfb99477b1142af22cb4a4b36be5_TestTarContainerPacker.java,/hdd/dj/testSmellDetection/data/hadoop/4_18_2017_TO_10_18_2017//files//37_83b9b25c5136bfb99477b1142af22cb4a4b36be5_TarContainerPacker.java
hadoop,/hdd/dj/testSmellDetection/data/hadoop/4_18_2017_TO_10_18_2017/files/37_2c392da8aa790ea7541745c4d77e0b5ecbc47ac6_TestTarContainerPacker.java,
hadoop,/hdd/dj/testSmellDetection/data/hadoop/4_18_2017_TO_10_18_2017//files//38_83b9b25c5136bfb99477b1142af22cb4a4b36be5_TestOzoneContainer.java,/hdd/dj/testSmellDetection/data/hadoop/4_18_2017_TO_10_18_2017//files//38_83b9b25c5136bfb99477b1142af22cb4a4b36be5_OzoneContainer.java
hadoop,/hdd/dj/testSmellDetection/data/hadoop/4_18_2017_TO_10_18_2017/files/38_2c392da8aa790ea7541745c4d77e0b5ecbc47ac6_TestOzoneContainer.java,
hadoop,/hdd/dj/testSmellDetection/data/hadoop/4_18_2017_TO_10_18_2017//files//39_83b9b25c5136bfb99477b1142af22cb4a4b36be5_TestReplicationSupervisor.java,/hdd/dj/testSmellDetection/data/hadoop/4_18_2017_TO_10_18_2017//files//39_83b9b25c5136bfb99477b1142af22cb4a4b36be5_ReplicationSupervisor.java
hadoop,/hdd/dj/testSmellDetection/data/hadoop/4_18_2017_TO_10_18_2017/files/39_2c392da8aa790ea7541745c4d77e0b5ecbc47ac6_TestReplicationSupervisor.java,
hadoop,/hdd/dj/testSmellDetection/data/hadoop/4_18_2017_TO_10_18_2017//files//40_83b9b25c5136bfb99477b1142af22cb4a4b36be5_TestBaseHttpServer.java,/hdd/dj/testSmellDetection/data/hadoop/4_18_2017_TO_10_18_2017//files//40_83b9b25c5136bfb99477b1142af22cb4a4b36be5_BaseHttpServer.java
hadoop,/hdd/dj/testSmellDetection/data/hadoop/4_18_2017_TO_10_18_2017/files/40_2c392da8aa790ea7541745c4d77e0b5ecbc47ac6_TestBaseHttpServer.java,
hadoop,/hdd/dj/testSmellDetection/data/hadoop/4_18_2017_TO_10_18_2017//files//41_83b9b25c5136bfb99477b1142af22cb4a4b36be5_TestEventQueue.java,/hdd/dj/testSmellDetection/data/hadoop/4_18_2017_TO_10_18_2017//files//41_83b9b25c5136bfb99477b1142af22cb4a4b36be5_EventQueue.java
hadoop,/hdd/dj/testSmellDetection/data/hadoop/4_18_2017_TO_10_18_2017/files/41_2c392da8aa790ea7541745c4d77e0b5ecbc47ac6_TestEventQueue.java,
hadoop,/hdd/dj/testSmellDetection/data/hadoop/4_18_2017_TO_10_18_2017//files//42_83b9b25c5136bfb99477b1142af22cb4a4b36be5_TestEventQueueChain.java,
hadoop,/hdd/dj/testSmellDetection/data/hadoop/4_18_2017_TO_10_18_2017/files/42_2c392da8aa790ea7541745c4d77e0b5ecbc47ac6_TestEventQueueChain.java,
hadoop,/hdd/dj/testSmellDetection/data/hadoop/4_18_2017_TO_10_18_2017//files//43_83b9b25c5136bfb99477b1142af22cb4a4b36be5_TestEventWatcher.java,/hdd/dj/testSmellDetection/data/hadoop/4_18_2017_TO_10_18_2017//files//43_83b9b25c5136bfb99477b1142af22cb4a4b36be5_EventWatcher.java
hadoop,/hdd/dj/testSmellDetection/data/hadoop/4_18_2017_TO_10_18_2017/files/43_2c392da8aa790ea7541745c4d77e0b5ecbc47ac6_TestEventWatcher.java,
hadoop,/hdd/dj/testSmellDetection/data/hadoop/4_18_2017_TO_10_18_2017//files//44_83b9b25c5136bfb99477b1142af22cb4a4b36be5_HddsServerUtilTest.java,/hdd/dj/testSmellDetection/data/hadoop/4_18_2017_TO_10_18_2017//files//44_83b9b25c5136bfb99477b1142af22cb4a4b36be5_HddsServerUtil.java
hadoop,/hdd/dj/testSmellDetection/data/hadoop/4_18_2017_TO_10_18_2017/files/44_2c392da8aa790ea7541745c4d77e0b5ecbc47ac6_HddsServerUtilTest.java,
hadoop,/hdd/dj/testSmellDetection/data/hadoop/4_18_2017_TO_10_18_2017//files//45_83b9b25c5136bfb99477b1142af22cb4a4b36be5_TestStorageContainerManagerHttpServer.java,/hdd/dj/testSmellDetection/data/hadoop/4_18_2017_TO_10_18_2017//files//45_83b9b25c5136bfb99477b1142af22cb4a4b36be5_StorageContainerManagerHttpServer.java
hadoop,/hdd/dj/testSmellDetection/data/hadoop/4_18_2017_TO_10_18_2017/files/45_2c392da8aa790ea7541745c4d77e0b5ecbc47ac6_TestStorageContainerManagerHttpServer.java,
hadoop,/hdd/dj/testSmellDetection/data/hadoop/4_18_2017_TO_10_18_2017//files//46_83b9b25c5136bfb99477b1142af22cb4a4b36be5_TestUtils.java,
hadoop,/hdd/dj/testSmellDetection/data/hadoop/4_18_2017_TO_10_18_2017/files/46_2c392da8aa790ea7541745c4d77e0b5ecbc47ac6_TestUtils.java,
hadoop,/hdd/dj/testSmellDetection/data/hadoop/4_18_2017_TO_10_18_2017//files//47_83b9b25c5136bfb99477b1142af22cb4a4b36be5_TestBlockManager.java,
hadoop,/hdd/dj/testSmellDetection/data/hadoop/4_18_2017_TO_10_18_2017/files/47_2c392da8aa790ea7541745c4d77e0b5ecbc47ac6_TestBlockManager.java,
hadoop,/hdd/dj/testSmellDetection/data/hadoop/4_18_2017_TO_10_18_2017//files//48_83b9b25c5136bfb99477b1142af22cb4a4b36be5_TestDeletedBlockLog.java,
hadoop,/hdd/dj/testSmellDetection/data/hadoop/4_18_2017_TO_10_18_2017/files/48_2c392da8aa790ea7541745c4d77e0b5ecbc47ac6_TestDeletedBlockLog.java,
hadoop,/hdd/dj/testSmellDetection/data/hadoop/4_18_2017_TO_10_18_2017//files//49_83b9b25c5136bfb99477b1142af22cb4a4b36be5_TestCommandStatusReportHandler.java,/hdd/dj/testSmellDetection/data/hadoop/4_18_2017_TO_10_18_2017//files//49_83b9b25c5136bfb99477b1142af22cb4a4b36be5_CommandStatusReportHandler.java
hadoop,/hdd/dj/testSmellDetection/data/hadoop/4_18_2017_TO_10_18_2017/files/49_2c392da8aa790ea7541745c4d77e0b5ecbc47ac6_TestCommandStatusReportHandler.java,
hadoop,/hdd/dj/testSmellDetection/data/hadoop/4_18_2017_TO_10_18_2017//files//50_83b9b25c5136bfb99477b1142af22cb4a4b36be5_TestCloseContainerEventHandler.java,/hdd/dj/testSmellDetection/data/hadoop/4_18_2017_TO_10_18_2017//files//50_83b9b25c5136bfb99477b1142af22cb4a4b36be5_CloseContainerEventHandler.java
hadoop,/hdd/dj/testSmellDetection/data/hadoop/4_18_2017_TO_10_18_2017/files/50_2c392da8aa790ea7541745c4d77e0b5ecbc47ac6_TestCloseContainerEventHandler.java,
hadoop,/hdd/dj/testSmellDetection/data/hadoop/4_18_2017_TO_10_18_2017//files//51_83b9b25c5136bfb99477b1142af22cb4a4b36be5_TestContainerActionsHandler.java,/hdd/dj/testSmellDetection/data/hadoop/4_18_2017_TO_10_18_2017//files//51_83b9b25c5136bfb99477b1142af22cb4a4b36be5_ContainerActionsHandler.java
hadoop,/hdd/dj/testSmellDetection/data/hadoop/4_18_2017_TO_10_18_2017/files/51_2c392da8aa790ea7541745c4d77e0b5ecbc47ac6_TestContainerActionsHandler.java,
hadoop,/hdd/dj/testSmellDetection/data/hadoop/4_18_2017_TO_10_18_2017//files//52_83b9b25c5136bfb99477b1142af22cb4a4b36be5_TestContainerMapping.java,/hdd/dj/testSmellDetection/data/hadoop/4_18_2017_TO_10_18_2017//files//52_83b9b25c5136bfb99477b1142af22cb4a4b36be5_ContainerMapping.java
hadoop,/hdd/dj/testSmellDetection/data/hadoop/4_18_2017_TO_10_18_2017/files/52_2c392da8aa790ea7541745c4d77e0b5ecbc47ac6_TestContainerMapping.java,
hadoop,/hdd/dj/testSmellDetection/data/hadoop/4_18_2017_TO_10_18_2017//files//53_83b9b25c5136bfb99477b1142af22cb4a4b36be5_TestContainerReportHandler.java,/hdd/dj/testSmellDetection/data/hadoop/4_18_2017_TO_10_18_2017//files//53_83b9b25c5136bfb99477b1142af22cb4a4b36be5_ContainerReportHandler.java
hadoop,/hdd/dj/testSmellDetection/data/hadoop/4_18_2017_TO_10_18_2017/files/53_2c392da8aa790ea7541745c4d77e0b5ecbc47ac6_TestContainerReportHandler.java,
hadoop,/hdd/dj/testSmellDetection/data/hadoop/4_18_2017_TO_10_18_2017//files//54_83b9b25c5136bfb99477b1142af22cb4a4b36be5_TestContainerStateManager.java,/hdd/dj/testSmellDetection/data/hadoop/4_18_2017_TO_10_18_2017//files//54_83b9b25c5136bfb99477b1142af22cb4a4b36be5_ContainerStateManager.java
hadoop,/hdd/dj/testSmellDetection/data/hadoop/4_18_2017_TO_10_18_2017/files/54_2c392da8aa790ea7541745c4d77e0b5ecbc47ac6_TestContainerStateManager.java,
hadoop,/hdd/dj/testSmellDetection/data/hadoop/4_18_2017_TO_10_18_2017//files//55_83b9b25c5136bfb99477b1142af22cb4a4b36be5_TestSCMContainerPlacementCapacity.java,/hdd/dj/testSmellDetection/data/hadoop/4_18_2017_TO_10_18_2017//files//55_83b9b25c5136bfb99477b1142af22cb4a4b36be5_SCMContainerPlacementCapacity.java
hadoop,/hdd/dj/testSmellDetection/data/hadoop/4_18_2017_TO_10_18_2017/files/55_2c392da8aa790ea7541745c4d77e0b5ecbc47ac6_TestSCMContainerPlacementCapacity.java,
hadoop,/hdd/dj/testSmellDetection/data/hadoop/4_18_2017_TO_10_18_2017//files//56_83b9b25c5136bfb99477b1142af22cb4a4b36be5_TestSCMContainerPlacementRandom.java,/hdd/dj/testSmellDetection/data/hadoop/4_18_2017_TO_10_18_2017//files//56_83b9b25c5136bfb99477b1142af22cb4a4b36be5_SCMContainerPlacementRandom.java
hadoop,/hdd/dj/testSmellDetection/data/hadoop/4_18_2017_TO_10_18_2017/files/56_2c392da8aa790ea7541745c4d77e0b5ecbc47ac6_TestSCMContainerPlacementRandom.java,
hadoop,/hdd/dj/testSmellDetection/data/hadoop/4_18_2017_TO_10_18_2017//files//57_83b9b25c5136bfb99477b1142af22cb4a4b36be5_TestReplicationActivityStatus.java,/hdd/dj/testSmellDetection/data/hadoop/4_18_2017_TO_10_18_2017//files//57_83b9b25c5136bfb99477b1142af22cb4a4b36be5_ReplicationActivityStatus.java
hadoop,/hdd/dj/testSmellDetection/data/hadoop/4_18_2017_TO_10_18_2017/files/57_2c392da8aa790ea7541745c4d77e0b5ecbc47ac6_TestReplicationActivityStatus.java,
hadoop,/hdd/dj/testSmellDetection/data/hadoop/4_18_2017_TO_10_18_2017//files//58_83b9b25c5136bfb99477b1142af22cb4a4b36be5_TestReplicationManager.java,/hdd/dj/testSmellDetection/data/hadoop/4_18_2017_TO_10_18_2017//files//58_83b9b25c5136bfb99477b1142af22cb4a4b36be5_ReplicationManager.java
hadoop,/hdd/dj/testSmellDetection/data/hadoop/4_18_2017_TO_10_18_2017/files/58_2c392da8aa790ea7541745c4d77e0b5ecbc47ac6_TestReplicationManager.java,
hadoop,/hdd/dj/testSmellDetection/data/hadoop/4_18_2017_TO_10_18_2017//files//59_83b9b25c5136bfb99477b1142af22cb4a4b36be5_TestReplicationQueue.java,/hdd/dj/testSmellDetection/data/hadoop/4_18_2017_TO_10_18_2017//files//59_83b9b25c5136bfb99477b1142af22cb4a4b36be5_ReplicationQueue.java
hadoop,/hdd/dj/testSmellDetection/data/hadoop/4_18_2017_TO_10_18_2017/files/59_2c392da8aa790ea7541745c4d77e0b5ecbc47ac6_TestReplicationQueue.java,
hadoop,/hdd/dj/testSmellDetection/data/hadoop/4_18_2017_TO_10_18_2017//files//60_83b9b25c5136bfb99477b1142af22cb4a4b36be5_TestContainerAttribute.java,/hdd/dj/testSmellDetection/data/hadoop/4_18_2017_TO_10_18_2017//files//60_83b9b25c5136bfb99477b1142af22cb4a4b36be5_ContainerAttribute.java
hadoop,/hdd/dj/testSmellDetection/data/hadoop/4_18_2017_TO_10_18_2017/files/60_2c392da8aa790ea7541745c4d77e0b5ecbc47ac6_TestContainerAttribute.java,
hadoop,/hdd/dj/testSmellDetection/data/hadoop/4_18_2017_TO_10_18_2017//files//61_83b9b25c5136bfb99477b1142af22cb4a4b36be5_TestContainerPlacement.java,
hadoop,/hdd/dj/testSmellDetection/data/hadoop/4_18_2017_TO_10_18_2017/files/61_2c392da8aa790ea7541745c4d77e0b5ecbc47ac6_TestContainerPlacement.java,
hadoop,/hdd/dj/testSmellDetection/data/hadoop/4_18_2017_TO_10_18_2017//files//62_83b9b25c5136bfb99477b1142af22cb4a4b36be5_TestDeadNodeHandler.java,/hdd/dj/testSmellDetection/data/hadoop/4_18_2017_TO_10_18_2017//files//62_83b9b25c5136bfb99477b1142af22cb4a4b36be5_DeadNodeHandler.java
hadoop,/hdd/dj/testSmellDetection/data/hadoop/4_18_2017_TO_10_18_2017/files/62_2c392da8aa790ea7541745c4d77e0b5ecbc47ac6_TestDeadNodeHandler.java,
hadoop,/hdd/dj/testSmellDetection/data/hadoop/4_18_2017_TO_10_18_2017//files//63_83b9b25c5136bfb99477b1142af22cb4a4b36be5_TestNodeManager.java,
hadoop,/hdd/dj/testSmellDetection/data/hadoop/4_18_2017_TO_10_18_2017/files/63_2c392da8aa790ea7541745c4d77e0b5ecbc47ac6_TestNodeManager.java,
hadoop,/hdd/dj/testSmellDetection/data/hadoop/4_18_2017_TO_10_18_2017//files//64_83b9b25c5136bfb99477b1142af22cb4a4b36be5_TestNodeReportHandler.java,/hdd/dj/testSmellDetection/data/hadoop/4_18_2017_TO_10_18_2017//files//64_83b9b25c5136bfb99477b1142af22cb4a4b36be5_NodeReportHandler.java
hadoop,/hdd/dj/testSmellDetection/data/hadoop/4_18_2017_TO_10_18_2017/files/64_2c392da8aa790ea7541745c4d77e0b5ecbc47ac6_TestNodeReportHandler.java,
hadoop,/hdd/dj/testSmellDetection/data/hadoop/4_18_2017_TO_10_18_2017//files//65_83b9b25c5136bfb99477b1142af22cb4a4b36be5_TestSCMNodeStorageStatMap.java,/hdd/dj/testSmellDetection/data/hadoop/4_18_2017_TO_10_18_2017//files//65_83b9b25c5136bfb99477b1142af22cb4a4b36be5_SCMNodeStorageStatMap.java
hadoop,/hdd/dj/testSmellDetection/data/hadoop/4_18_2017_TO_10_18_2017/files/65_2c392da8aa790ea7541745c4d77e0b5ecbc47ac6_TestSCMNodeStorageStatMap.java,
hadoop,/hdd/dj/testSmellDetection/data/hadoop/4_18_2017_TO_10_18_2017//files//66_83b9b25c5136bfb99477b1142af22cb4a4b36be5_TestNode2ContainerMap.java,/hdd/dj/testSmellDetection/data/hadoop/4_18_2017_TO_10_18_2017//files//66_83b9b25c5136bfb99477b1142af22cb4a4b36be5_Node2ContainerMap.java
hadoop,/hdd/dj/testSmellDetection/data/hadoop/4_18_2017_TO_10_18_2017/files/66_2c392da8aa790ea7541745c4d77e0b5ecbc47ac6_TestNode2ContainerMap.java,
hadoop,/hdd/dj/testSmellDetection/data/hadoop/4_18_2017_TO_10_18_2017//files//67_83b9b25c5136bfb99477b1142af22cb4a4b36be5_TestSCMChillModeManager.java,/hdd/dj/testSmellDetection/data/hadoop/4_18_2017_TO_10_18_2017//files//67_83b9b25c5136bfb99477b1142af22cb4a4b36be5_SCMChillModeManager.java
hadoop,/hdd/dj/testSmellDetection/data/hadoop/4_18_2017_TO_10_18_2017/files/67_2c392da8aa790ea7541745c4d77e0b5ecbc47ac6_TestSCMChillModeManager.java,
hadoop,/hdd/dj/testSmellDetection/data/hadoop/4_18_2017_TO_10_18_2017//files//68_83b9b25c5136bfb99477b1142af22cb4a4b36be5_TestSCMClientProtocolServer.java,/hdd/dj/testSmellDetection/data/hadoop/4_18_2017_TO_10_18_2017//files//68_83b9b25c5136bfb99477b1142af22cb4a4b36be5_SCMClientProtocolServer.java
hadoop,/hdd/dj/testSmellDetection/data/hadoop/4_18_2017_TO_10_18_2017/files/68_2c392da8aa790ea7541745c4d77e0b5ecbc47ac6_TestSCMClientProtocolServer.java,
hadoop,/hdd/dj/testSmellDetection/data/hadoop/4_18_2017_TO_10_18_2017//files//69_83b9b25c5136bfb99477b1142af22cb4a4b36be5_TestSCMDatanodeHeartbeatDispatcher.java,/hdd/dj/testSmellDetection/data/hadoop/4_18_2017_TO_10_18_2017//files//69_83b9b25c5136bfb99477b1142af22cb4a4b36be5_SCMDatanodeHeartbeatDispatcher.java
hadoop,/hdd/dj/testSmellDetection/data/hadoop/4_18_2017_TO_10_18_2017/files/69_2c392da8aa790ea7541745c4d77e0b5ecbc47ac6_TestSCMDatanodeHeartbeatDispatcher.java,
hadoop,/hdd/dj/testSmellDetection/data/hadoop/4_18_2017_TO_10_18_2017//files//70_83b9b25c5136bfb99477b1142af22cb4a4b36be5_TestCloseContainerWatcher.java,/hdd/dj/testSmellDetection/data/hadoop/4_18_2017_TO_10_18_2017//files//70_83b9b25c5136bfb99477b1142af22cb4a4b36be5_CloseContainerWatcher.java
hadoop,/hdd/dj/testSmellDetection/data/hadoop/4_18_2017_TO_10_18_2017/files/70_2c392da8aa790ea7541745c4d77e0b5ecbc47ac6_TestCloseContainerWatcher.java,
hadoop,/hdd/dj/testSmellDetection/data/hadoop/4_18_2017_TO_10_18_2017//files//71_83b9b25c5136bfb99477b1142af22cb4a4b36be5_TestEndPoint.java,
hadoop,/hdd/dj/testSmellDetection/data/hadoop/4_18_2017_TO_10_18_2017/files/71_2c392da8aa790ea7541745c4d77e0b5ecbc47ac6_TestEndPoint.java,
hadoop,/hdd/dj/testSmellDetection/data/hadoop/4_18_2017_TO_10_18_2017//files//72_83b9b25c5136bfb99477b1142af22cb4a4b36be5_TestContainerPlacement.java,
hadoop,/hdd/dj/testSmellDetection/data/hadoop/4_18_2017_TO_10_18_2017/files/72_2c392da8aa790ea7541745c4d77e0b5ecbc47ac6_TestContainerPlacement.java,
hadoop,/hdd/dj/testSmellDetection/data/hadoop/4_18_2017_TO_10_18_2017//files//73_83b9b25c5136bfb99477b1142af22cb4a4b36be5_TestDatanodeMetrics.java,
hadoop,/hdd/dj/testSmellDetection/data/hadoop/4_18_2017_TO_10_18_2017/files/73_2c392da8aa790ea7541745c4d77e0b5ecbc47ac6_TestDatanodeMetrics.java,
hadoop,/hdd/dj/testSmellDetection/data/hadoop/4_18_2017_TO_10_18_2017//files//74_83b9b25c5136bfb99477b1142af22cb4a4b36be5_TestHddsClientUtils.java,
hadoop,/hdd/dj/testSmellDetection/data/hadoop/4_18_2017_TO_10_18_2017/files/74_2c392da8aa790ea7541745c4d77e0b5ecbc47ac6_TestHddsClientUtils.java,
hadoop,/hdd/dj/testSmellDetection/data/hadoop/4_18_2017_TO_10_18_2017//files//75_83b9b25c5136bfb99477b1142af22cb4a4b36be5_TestBucketInfo.java,/hdd/dj/testSmellDetection/data/hadoop/4_18_2017_TO_10_18_2017//files//75_83b9b25c5136bfb99477b1142af22cb4a4b36be5_BucketInfo.java
hadoop,/hdd/dj/testSmellDetection/data/hadoop/4_18_2017_TO_10_18_2017/files/75_2c392da8aa790ea7541745c4d77e0b5ecbc47ac6_TestBucketInfo.java,
hadoop,/hdd/dj/testSmellDetection/data/hadoop/4_18_2017_TO_10_18_2017//files//76_83b9b25c5136bfb99477b1142af22cb4a4b36be5_TestQuota.java,
hadoop,/hdd/dj/testSmellDetection/data/hadoop/4_18_2017_TO_10_18_2017/files/76_2c392da8aa790ea7541745c4d77e0b5ecbc47ac6_TestQuota.java,
hadoop,/hdd/dj/testSmellDetection/data/hadoop/4_18_2017_TO_10_18_2017//files//77_83b9b25c5136bfb99477b1142af22cb4a4b36be5_TestUtils.java,
hadoop,/hdd/dj/testSmellDetection/data/hadoop/4_18_2017_TO_10_18_2017/files/77_2c392da8aa790ea7541745c4d77e0b5ecbc47ac6_TestUtils.java,
hadoop,/hdd/dj/testSmellDetection/data/hadoop/4_18_2017_TO_10_18_2017//files//78_83b9b25c5136bfb99477b1142af22cb4a4b36be5_TestVolumeStructs.java,
hadoop,/hdd/dj/testSmellDetection/data/hadoop/4_18_2017_TO_10_18_2017/files/78_2c392da8aa790ea7541745c4d77e0b5ecbc47ac6_TestVolumeStructs.java,
hadoop,/hdd/dj/testSmellDetection/data/hadoop/4_18_2017_TO_10_18_2017//files//79_83b9b25c5136bfb99477b1142af22cb4a4b36be5_TestContainerStateManagerIntegration.java,
hadoop,/hdd/dj/testSmellDetection/data/hadoop/4_18_2017_TO_10_18_2017/files/79_2c392da8aa790ea7541745c4d77e0b5ecbc47ac6_TestContainerStateManagerIntegration.java,
hadoop,/hdd/dj/testSmellDetection/data/hadoop/4_18_2017_TO_10_18_2017//files//80_83b9b25c5136bfb99477b1142af22cb4a4b36be5_TestNode2PipelineMap.java,
hadoop,/hdd/dj/testSmellDetection/data/hadoop/4_18_2017_TO_10_18_2017/files/80_2c392da8aa790ea7541745c4d77e0b5ecbc47ac6_TestNode2PipelineMap.java,
hadoop,/hdd/dj/testSmellDetection/data/hadoop/4_18_2017_TO_10_18_2017//files//81_83b9b25c5136bfb99477b1142af22cb4a4b36be5_TestNodeFailure.java,
hadoop,/hdd/dj/testSmellDetection/data/hadoop/4_18_2017_TO_10_18_2017/files/81_2c392da8aa790ea7541745c4d77e0b5ecbc47ac6_TestNodeFailure.java,
hadoop,/hdd/dj/testSmellDetection/data/hadoop/4_18_2017_TO_10_18_2017//files//82_83b9b25c5136bfb99477b1142af22cb4a4b36be5_TestPipelineClose.java,
hadoop,/hdd/dj/testSmellDetection/data/hadoop/4_18_2017_TO_10_18_2017/files/82_2c392da8aa790ea7541745c4d77e0b5ecbc47ac6_TestPipelineClose.java,
hadoop,/hdd/dj/testSmellDetection/data/hadoop/4_18_2017_TO_10_18_2017//files//83_83b9b25c5136bfb99477b1142af22cb4a4b36be5_TestSCMRestart.java,
hadoop,/hdd/dj/testSmellDetection/data/hadoop/4_18_2017_TO_10_18_2017/files/83_2c392da8aa790ea7541745c4d77e0b5ecbc47ac6_TestSCMRestart.java,
hadoop,/hdd/dj/testSmellDetection/data/hadoop/4_18_2017_TO_10_18_2017//files//84_83b9b25c5136bfb99477b1142af22cb4a4b36be5_TestContainerOperations.java,
hadoop,/hdd/dj/testSmellDetection/data/hadoop/4_18_2017_TO_10_18_2017/files/84_2c392da8aa790ea7541745c4d77e0b5ecbc47ac6_TestContainerOperations.java,
hadoop,/hdd/dj/testSmellDetection/data/hadoop/4_18_2017_TO_10_18_2017//files//85_83b9b25c5136bfb99477b1142af22cb4a4b36be5_TestMiniOzoneCluster.java,/hdd/dj/testSmellDetection/data/hadoop/4_18_2017_TO_10_18_2017//files//85_83b9b25c5136bfb99477b1142af22cb4a4b36be5_MiniOzoneCluster.java
hadoop,/hdd/dj/testSmellDetection/data/hadoop/4_18_2017_TO_10_18_2017/files/85_2c392da8aa790ea7541745c4d77e0b5ecbc47ac6_TestMiniOzoneCluster.java,
hadoop,/hdd/dj/testSmellDetection/data/hadoop/4_18_2017_TO_10_18_2017//files//86_83b9b25c5136bfb99477b1142af22cb4a4b36be5_TestOzoneConfigurationFields.java,
hadoop,/hdd/dj/testSmellDetection/data/hadoop/4_18_2017_TO_10_18_2017/files/86_2c392da8aa790ea7541745c4d77e0b5ecbc47ac6_TestOzoneConfigurationFields.java,
hadoop,/hdd/dj/testSmellDetection/data/hadoop/4_18_2017_TO_10_18_2017//files//87_83b9b25c5136bfb99477b1142af22cb4a4b36be5_TestOzoneHelper.java,
hadoop,/hdd/dj/testSmellDetection/data/hadoop/4_18_2017_TO_10_18_2017/files/87_2c392da8aa790ea7541745c4d77e0b5ecbc47ac6_TestOzoneHelper.java,
hadoop,/hdd/dj/testSmellDetection/data/hadoop/4_18_2017_TO_10_18_2017//files//88_83b9b25c5136bfb99477b1142af22cb4a4b36be5_TestStorageContainerManager.java,
hadoop,/hdd/dj/testSmellDetection/data/hadoop/4_18_2017_TO_10_18_2017/files/88_2c392da8aa790ea7541745c4d77e0b5ecbc47ac6_TestStorageContainerManager.java,
hadoop,/hdd/dj/testSmellDetection/data/hadoop/4_18_2017_TO_10_18_2017//files//89_83b9b25c5136bfb99477b1142af22cb4a4b36be5_TestStorageContainerManagerHelper.java,
hadoop,/hdd/dj/testSmellDetection/data/hadoop/4_18_2017_TO_10_18_2017/files/89_2c392da8aa790ea7541745c4d77e0b5ecbc47ac6_TestStorageContainerManagerHelper.java,
hadoop,/hdd/dj/testSmellDetection/data/hadoop/4_18_2017_TO_10_18_2017//files//90_83b9b25c5136bfb99477b1142af22cb4a4b36be5_TestOzoneRestClient.java,
hadoop,/hdd/dj/testSmellDetection/data/hadoop/4_18_2017_TO_10_18_2017/files/90_2c392da8aa790ea7541745c4d77e0b5ecbc47ac6_TestOzoneRestClient.java,
hadoop,/hdd/dj/testSmellDetection/data/hadoop/4_18_2017_TO_10_18_2017//files//91_83b9b25c5136bfb99477b1142af22cb4a4b36be5_TestCloseContainerHandlingByClient.java,
hadoop,/hdd/dj/testSmellDetection/data/hadoop/4_18_2017_TO_10_18_2017/files/91_2c392da8aa790ea7541745c4d77e0b5ecbc47ac6_TestCloseContainerHandlingByClient.java,
hadoop,/hdd/dj/testSmellDetection/data/hadoop/4_18_2017_TO_10_18_2017//files//92_83b9b25c5136bfb99477b1142af22cb4a4b36be5_TestOzoneRpcClient.java,
hadoop,/hdd/dj/testSmellDetection/data/hadoop/4_18_2017_TO_10_18_2017/files/92_2c392da8aa790ea7541745c4d77e0b5ecbc47ac6_TestOzoneRpcClient.java,
hadoop,/hdd/dj/testSmellDetection/data/hadoop/4_18_2017_TO_10_18_2017//files//93_83b9b25c5136bfb99477b1142af22cb4a4b36be5_TestContainerReplication.java,
hadoop,/hdd/dj/testSmellDetection/data/hadoop/4_18_2017_TO_10_18_2017/files/93_2c392da8aa790ea7541745c4d77e0b5ecbc47ac6_TestContainerReplication.java,
hadoop,/hdd/dj/testSmellDetection/data/hadoop/4_18_2017_TO_10_18_2017//files//94_83b9b25c5136bfb99477b1142af22cb4a4b36be5_TestBlockDeletingService.java,
hadoop,/hdd/dj/testSmellDetection/data/hadoop/4_18_2017_TO_10_18_2017/files/94_2c392da8aa790ea7541745c4d77e0b5ecbc47ac6_TestBlockDeletingService.java,
hadoop,/hdd/dj/testSmellDetection/data/hadoop/4_18_2017_TO_10_18_2017//files//95_83b9b25c5136bfb99477b1142af22cb4a4b36be5_TestBlockData.java,
hadoop,/hdd/dj/testSmellDetection/data/hadoop/4_18_2017_TO_10_18_2017/files/95_2c392da8aa790ea7541745c4d77e0b5ecbc47ac6_TestBlockData.java,
hadoop,/hdd/dj/testSmellDetection/data/hadoop/4_18_2017_TO_10_18_2017//files//96_83b9b25c5136bfb99477b1142af22cb4a4b36be5_TestCloseContainerHandler.java,
hadoop,/hdd/dj/testSmellDetection/data/hadoop/4_18_2017_TO_10_18_2017/files/96_2c392da8aa790ea7541745c4d77e0b5ecbc47ac6_TestCloseContainerHandler.java,
hadoop,/hdd/dj/testSmellDetection/data/hadoop/4_18_2017_TO_10_18_2017//files//97_83b9b25c5136bfb99477b1142af22cb4a4b36be5_TestContainerDeletionChoosingPolicy.java,
hadoop,/hdd/dj/testSmellDetection/data/hadoop/4_18_2017_TO_10_18_2017/files/97_2c392da8aa790ea7541745c4d77e0b5ecbc47ac6_TestContainerDeletionChoosingPolicy.java,
hadoop,/hdd/dj/testSmellDetection/data/hadoop/4_18_2017_TO_10_18_2017//files//98_83b9b25c5136bfb99477b1142af22cb4a4b36be5_TestContainerPersistence.java,
hadoop,/hdd/dj/testSmellDetection/data/hadoop/4_18_2017_TO_10_18_2017/files/98_2c392da8aa790ea7541745c4d77e0b5ecbc47ac6_TestContainerPersistence.java,
hadoop,/hdd/dj/testSmellDetection/data/hadoop/4_18_2017_TO_10_18_2017//files//99_83b9b25c5136bfb99477b1142af22cb4a4b36be5_TestBlockDeletion.java,
hadoop,/hdd/dj/testSmellDetection/data/hadoop/4_18_2017_TO_10_18_2017/files/99_2c392da8aa790ea7541745c4d77e0b5ecbc47ac6_TestBlockDeletion.java,
hadoop,/hdd/dj/testSmellDetection/data/hadoop/4_18_2017_TO_10_18_2017//files//100_83b9b25c5136bfb99477b1142af22cb4a4b36be5_TestCloseContainerByPipeline.java,
hadoop,/hdd/dj/testSmellDetection/data/hadoop/4_18_2017_TO_10_18_2017/files/100_2c392da8aa790ea7541745c4d77e0b5ecbc47ac6_TestCloseContainerByPipeline.java,
hadoop,/hdd/dj/testSmellDetection/data/hadoop/4_18_2017_TO_10_18_2017//files//101_83b9b25c5136bfb99477b1142af22cb4a4b36be5_TestCloseContainerHandler.java,
hadoop,/hdd/dj/testSmellDetection/data/hadoop/4_18_2017_TO_10_18_2017/files/101_2c392da8aa790ea7541745c4d77e0b5ecbc47ac6_TestCloseContainerHandler.java,
hadoop,/hdd/dj/testSmellDetection/data/hadoop/4_18_2017_TO_10_18_2017//files//102_83b9b25c5136bfb99477b1142af22cb4a4b36be5_TestCSMMetrics.java,
hadoop,/hdd/dj/testSmellDetection/data/hadoop/4_18_2017_TO_10_18_2017/files/102_2c392da8aa790ea7541745c4d77e0b5ecbc47ac6_TestCSMMetrics.java,
hadoop,/hdd/dj/testSmellDetection/data/hadoop/4_18_2017_TO_10_18_2017//files//103_83b9b25c5136bfb99477b1142af22cb4a4b36be5_TestContainerMetrics.java,
hadoop,/hdd/dj/testSmellDetection/data/hadoop/4_18_2017_TO_10_18_2017/files/103_2c392da8aa790ea7541745c4d77e0b5ecbc47ac6_TestContainerMetrics.java,
hadoop,/hdd/dj/testSmellDetection/data/hadoop/4_18_2017_TO_10_18_2017//files//104_83b9b25c5136bfb99477b1142af22cb4a4b36be5_TestOzoneContainer.java,
hadoop,/hdd/dj/testSmellDetection/data/hadoop/4_18_2017_TO_10_18_2017/files/104_2c392da8aa790ea7541745c4d77e0b5ecbc47ac6_TestOzoneContainer.java,
hadoop,/hdd/dj/testSmellDetection/data/hadoop/4_18_2017_TO_10_18_2017//files//105_83b9b25c5136bfb99477b1142af22cb4a4b36be5_TestOzoneContainerRatis.java,
hadoop,/hdd/dj/testSmellDetection/data/hadoop/4_18_2017_TO_10_18_2017/files/105_2c392da8aa790ea7541745c4d77e0b5ecbc47ac6_TestOzoneContainerRatis.java,
hadoop,/hdd/dj/testSmellDetection/data/hadoop/4_18_2017_TO_10_18_2017//files//106_83b9b25c5136bfb99477b1142af22cb4a4b36be5_TestRatisManager.java,
hadoop,/hdd/dj/testSmellDetection/data/hadoop/4_18_2017_TO_10_18_2017/files/106_2c392da8aa790ea7541745c4d77e0b5ecbc47ac6_TestRatisManager.java,
hadoop,/hdd/dj/testSmellDetection/data/hadoop/4_18_2017_TO_10_18_2017//files//107_83b9b25c5136bfb99477b1142af22cb4a4b36be5_TestContainerServer.java,
hadoop,/hdd/dj/testSmellDetection/data/hadoop/4_18_2017_TO_10_18_2017/files/107_2c392da8aa790ea7541745c4d77e0b5ecbc47ac6_TestContainerServer.java,
hadoop,/hdd/dj/testSmellDetection/data/hadoop/4_18_2017_TO_10_18_2017//files//108_83b9b25c5136bfb99477b1142af22cb4a4b36be5_TestContainerStateMachine.java,
hadoop,/hdd/dj/testSmellDetection/data/hadoop/4_18_2017_TO_10_18_2017/files/108_2c392da8aa790ea7541745c4d77e0b5ecbc47ac6_TestContainerStateMachine.java,
hadoop,/hdd/dj/testSmellDetection/data/hadoop/4_18_2017_TO_10_18_2017//files//109_83b9b25c5136bfb99477b1142af22cb4a4b36be5_TestContainerReportWithKeys.java,
hadoop,/hdd/dj/testSmellDetection/data/hadoop/4_18_2017_TO_10_18_2017/files/109_2c392da8aa790ea7541745c4d77e0b5ecbc47ac6_TestContainerReportWithKeys.java,
hadoop,/hdd/dj/testSmellDetection/data/hadoop/4_18_2017_TO_10_18_2017//files//110_83b9b25c5136bfb99477b1142af22cb4a4b36be5_TestMultipleContainerReadWrite.java,
hadoop,/hdd/dj/testSmellDetection/data/hadoop/4_18_2017_TO_10_18_2017/files/110_2c392da8aa790ea7541745c4d77e0b5ecbc47ac6_TestMultipleContainerReadWrite.java,
hadoop,/hdd/dj/testSmellDetection/data/hadoop/4_18_2017_TO_10_18_2017//files//111_83b9b25c5136bfb99477b1142af22cb4a4b36be5_TestOmBlockVersioning.java,
hadoop,/hdd/dj/testSmellDetection/data/hadoop/4_18_2017_TO_10_18_2017/files/111_2c392da8aa790ea7541745c4d77e0b5ecbc47ac6_TestOmBlockVersioning.java,
hadoop,/hdd/dj/testSmellDetection/data/hadoop/4_18_2017_TO_10_18_2017//files//112_83b9b25c5136bfb99477b1142af22cb4a4b36be5_TestOmMetrics.java,/hdd/dj/testSmellDetection/data/hadoop/4_18_2017_TO_10_18_2017//files//112_83b9b25c5136bfb99477b1142af22cb4a4b36be5_OMMetrics.java
hadoop,/hdd/dj/testSmellDetection/data/hadoop/4_18_2017_TO_10_18_2017/files/112_2c392da8aa790ea7541745c4d77e0b5ecbc47ac6_TestOmMetrics.java,
hadoop,/hdd/dj/testSmellDetection/data/hadoop/4_18_2017_TO_10_18_2017//files//113_83b9b25c5136bfb99477b1142af22cb4a4b36be5_TestOzoneManager.java,/hdd/dj/testSmellDetection/data/hadoop/4_18_2017_TO_10_18_2017//files//113_83b9b25c5136bfb99477b1142af22cb4a4b36be5_OzoneManager.java
hadoop,/hdd/dj/testSmellDetection/data/hadoop/4_18_2017_TO_10_18_2017/files/113_2c392da8aa790ea7541745c4d77e0b5ecbc47ac6_TestOzoneManager.java,
hadoop,/hdd/dj/testSmellDetection/data/hadoop/4_18_2017_TO_10_18_2017//files//114_83b9b25c5136bfb99477b1142af22cb4a4b36be5_TestOzoneManagerRestInterface.java,
hadoop,/hdd/dj/testSmellDetection/data/hadoop/4_18_2017_TO_10_18_2017/files/114_2c392da8aa790ea7541745c4d77e0b5ecbc47ac6_TestOzoneManagerRestInterface.java,
hadoop,/hdd/dj/testSmellDetection/data/hadoop/4_18_2017_TO_10_18_2017//files//115_83b9b25c5136bfb99477b1142af22cb4a4b36be5_TestScmChillMode.java,
hadoop,/hdd/dj/testSmellDetection/data/hadoop/4_18_2017_TO_10_18_2017/files/115_2c392da8aa790ea7541745c4d77e0b5ecbc47ac6_TestScmChillMode.java,
hadoop,/hdd/dj/testSmellDetection/data/hadoop/4_18_2017_TO_10_18_2017//files//116_83b9b25c5136bfb99477b1142af22cb4a4b36be5_TestOzoneShell.java,
hadoop,/hdd/dj/testSmellDetection/data/hadoop/4_18_2017_TO_10_18_2017/files/116_2c392da8aa790ea7541745c4d77e0b5ecbc47ac6_TestOzoneShell.java,
hadoop,/hdd/dj/testSmellDetection/data/hadoop/4_18_2017_TO_10_18_2017//files//117_83b9b25c5136bfb99477b1142af22cb4a4b36be5_TestAllocateContainer.java,
hadoop,/hdd/dj/testSmellDetection/data/hadoop/4_18_2017_TO_10_18_2017/files/117_2c392da8aa790ea7541745c4d77e0b5ecbc47ac6_TestAllocateContainer.java,
hadoop,/hdd/dj/testSmellDetection/data/hadoop/4_18_2017_TO_10_18_2017//files//118_83b9b25c5136bfb99477b1142af22cb4a4b36be5_TestContainerSmallFile.java,
hadoop,/hdd/dj/testSmellDetection/data/hadoop/4_18_2017_TO_10_18_2017/files/118_2c392da8aa790ea7541745c4d77e0b5ecbc47ac6_TestContainerSmallFile.java,
hadoop,/hdd/dj/testSmellDetection/data/hadoop/4_18_2017_TO_10_18_2017//files//119_83b9b25c5136bfb99477b1142af22cb4a4b36be5_TestGetCommittedBlockLengthAndPutKey.java,
hadoop,/hdd/dj/testSmellDetection/data/hadoop/4_18_2017_TO_10_18_2017/files/119_2c392da8aa790ea7541745c4d77e0b5ecbc47ac6_TestGetCommittedBlockLengthAndPutKey.java,
hadoop,/hdd/dj/testSmellDetection/data/hadoop/4_18_2017_TO_10_18_2017//files//120_83b9b25c5136bfb99477b1142af22cb4a4b36be5_TestSCMMXBean.java,
hadoop,/hdd/dj/testSmellDetection/data/hadoop/4_18_2017_TO_10_18_2017/files/120_2c392da8aa790ea7541745c4d77e0b5ecbc47ac6_TestSCMMXBean.java,
hadoop,/hdd/dj/testSmellDetection/data/hadoop/4_18_2017_TO_10_18_2017//files//121_83b9b25c5136bfb99477b1142af22cb4a4b36be5_TestXceiverClientManager.java,
hadoop,/hdd/dj/testSmellDetection/data/hadoop/4_18_2017_TO_10_18_2017/files/121_2c392da8aa790ea7541745c4d77e0b5ecbc47ac6_TestXceiverClientManager.java,
hadoop,/hdd/dj/testSmellDetection/data/hadoop/4_18_2017_TO_10_18_2017//files//122_83b9b25c5136bfb99477b1142af22cb4a4b36be5_TestXceiverClientMetrics.java,
hadoop,/hdd/dj/testSmellDetection/data/hadoop/4_18_2017_TO_10_18_2017/files/122_2c392da8aa790ea7541745c4d77e0b5ecbc47ac6_TestXceiverClientMetrics.java,
hadoop,/hdd/dj/testSmellDetection/data/hadoop/4_18_2017_TO_10_18_2017//files//123_83b9b25c5136bfb99477b1142af22cb4a4b36be5_TestQueryNode.java,
hadoop,/hdd/dj/testSmellDetection/data/hadoop/4_18_2017_TO_10_18_2017/files/123_2c392da8aa790ea7541745c4d77e0b5ecbc47ac6_TestQueryNode.java,
hadoop,/hdd/dj/testSmellDetection/data/hadoop/4_18_2017_TO_10_18_2017//files//124_83b9b25c5136bfb99477b1142af22cb4a4b36be5_TestOzoneRestWithMiniCluster.java,
hadoop,/hdd/dj/testSmellDetection/data/hadoop/4_18_2017_TO_10_18_2017/files/124_2c392da8aa790ea7541745c4d77e0b5ecbc47ac6_TestOzoneRestWithMiniCluster.java,
hadoop,/hdd/dj/testSmellDetection/data/hadoop/4_18_2017_TO_10_18_2017//files//125_83b9b25c5136bfb99477b1142af22cb4a4b36be5_TestOzoneVolumes.java,
hadoop,/hdd/dj/testSmellDetection/data/hadoop/4_18_2017_TO_10_18_2017/files/125_2c392da8aa790ea7541745c4d77e0b5ecbc47ac6_TestOzoneVolumes.java,
hadoop,/hdd/dj/testSmellDetection/data/hadoop/4_18_2017_TO_10_18_2017//files//126_83b9b25c5136bfb99477b1142af22cb4a4b36be5_TestOzoneWebAccess.java,
hadoop,/hdd/dj/testSmellDetection/data/hadoop/4_18_2017_TO_10_18_2017/files/126_2c392da8aa790ea7541745c4d77e0b5ecbc47ac6_TestOzoneWebAccess.java,
hadoop,/hdd/dj/testSmellDetection/data/hadoop/4_18_2017_TO_10_18_2017//files//127_83b9b25c5136bfb99477b1142af22cb4a4b36be5_TestBuckets.java,
hadoop,/hdd/dj/testSmellDetection/data/hadoop/4_18_2017_TO_10_18_2017/files/127_2c392da8aa790ea7541745c4d77e0b5ecbc47ac6_TestBuckets.java,
hadoop,/hdd/dj/testSmellDetection/data/hadoop/4_18_2017_TO_10_18_2017//files//128_83b9b25c5136bfb99477b1142af22cb4a4b36be5_TestBucketsRatis.java,
hadoop,/hdd/dj/testSmellDetection/data/hadoop/4_18_2017_TO_10_18_2017/files/128_2c392da8aa790ea7541745c4d77e0b5ecbc47ac6_TestBucketsRatis.java,
hadoop,/hdd/dj/testSmellDetection/data/hadoop/4_18_2017_TO_10_18_2017//files//129_83b9b25c5136bfb99477b1142af22cb4a4b36be5_TestKeys.java,
hadoop,/hdd/dj/testSmellDetection/data/hadoop/4_18_2017_TO_10_18_2017/files/129_2c392da8aa790ea7541745c4d77e0b5ecbc47ac6_TestKeys.java,
hadoop,/hdd/dj/testSmellDetection/data/hadoop/4_18_2017_TO_10_18_2017//files//130_83b9b25c5136bfb99477b1142af22cb4a4b36be5_TestKeysRatis.java,
hadoop,/hdd/dj/testSmellDetection/data/hadoop/4_18_2017_TO_10_18_2017/files/130_2c392da8aa790ea7541745c4d77e0b5ecbc47ac6_TestKeysRatis.java,
hadoop,/hdd/dj/testSmellDetection/data/hadoop/4_18_2017_TO_10_18_2017//files//131_83b9b25c5136bfb99477b1142af22cb4a4b36be5_TestOzoneClient.java,/hdd/dj/testSmellDetection/data/hadoop/4_18_2017_TO_10_18_2017//files//131_83b9b25c5136bfb99477b1142af22cb4a4b36be5_OzoneClient.java
hadoop,/hdd/dj/testSmellDetection/data/hadoop/4_18_2017_TO_10_18_2017/files/131_2c392da8aa790ea7541745c4d77e0b5ecbc47ac6_TestOzoneClient.java,
hadoop,/hdd/dj/testSmellDetection/data/hadoop/4_18_2017_TO_10_18_2017//files//132_83b9b25c5136bfb99477b1142af22cb4a4b36be5_TestVolume.java,
hadoop,/hdd/dj/testSmellDetection/data/hadoop/4_18_2017_TO_10_18_2017/files/132_2c392da8aa790ea7541745c4d77e0b5ecbc47ac6_TestVolume.java,
hadoop,/hdd/dj/testSmellDetection/data/hadoop/4_18_2017_TO_10_18_2017//files//133_83b9b25c5136bfb99477b1142af22cb4a4b36be5_TestVolumeRatis.java,
hadoop,/hdd/dj/testSmellDetection/data/hadoop/4_18_2017_TO_10_18_2017/files/133_2c392da8aa790ea7541745c4d77e0b5ecbc47ac6_TestVolumeRatis.java,
hadoop,/hdd/dj/testSmellDetection/data/hadoop/4_18_2017_TO_10_18_2017//files//134_83b9b25c5136bfb99477b1142af22cb4a4b36be5_TestErrorCode.java,
hadoop,/hdd/dj/testSmellDetection/data/hadoop/4_18_2017_TO_10_18_2017/files/134_2c392da8aa790ea7541745c4d77e0b5ecbc47ac6_TestErrorCode.java,
hadoop,/hdd/dj/testSmellDetection/data/hadoop/4_18_2017_TO_10_18_2017//files//135_83b9b25c5136bfb99477b1142af22cb4a4b36be5_TestBucketManagerImpl.java,/hdd/dj/testSmellDetection/data/hadoop/4_18_2017_TO_10_18_2017//files//135_83b9b25c5136bfb99477b1142af22cb4a4b36be5_BucketManagerImpl.java
hadoop,/hdd/dj/testSmellDetection/data/hadoop/4_18_2017_TO_10_18_2017/files/135_2c392da8aa790ea7541745c4d77e0b5ecbc47ac6_TestBucketManagerImpl.java,
hadoop,/hdd/dj/testSmellDetection/data/hadoop/4_18_2017_TO_10_18_2017//files//136_83b9b25c5136bfb99477b1142af22cb4a4b36be5_TestChunkStreams.java,
hadoop,/hdd/dj/testSmellDetection/data/hadoop/4_18_2017_TO_10_18_2017/files/136_2c392da8aa790ea7541745c4d77e0b5ecbc47ac6_TestChunkStreams.java,
hadoop,/hdd/dj/testSmellDetection/data/hadoop/4_18_2017_TO_10_18_2017//files//137_83b9b25c5136bfb99477b1142af22cb4a4b36be5_TestKeyDeletingService.java,/hdd/dj/testSmellDetection/data/hadoop/4_18_2017_TO_10_18_2017//files//137_83b9b25c5136bfb99477b1142af22cb4a4b36be5_KeyDeletingService.java
hadoop,/hdd/dj/testSmellDetection/data/hadoop/4_18_2017_TO_10_18_2017/files/137_2c392da8aa790ea7541745c4d77e0b5ecbc47ac6_TestKeyDeletingService.java,
hadoop,/hdd/dj/testSmellDetection/data/hadoop/4_18_2017_TO_10_18_2017//files//138_83b9b25c5136bfb99477b1142af22cb4a4b36be5_TestKeyManagerImpl.java,/hdd/dj/testSmellDetection/data/hadoop/4_18_2017_TO_10_18_2017//files//138_83b9b25c5136bfb99477b1142af22cb4a4b36be5_KeyManagerImpl.java
hadoop,/hdd/dj/testSmellDetection/data/hadoop/4_18_2017_TO_10_18_2017/files/138_2c392da8aa790ea7541745c4d77e0b5ecbc47ac6_TestKeyManagerImpl.java,
hadoop,/hdd/dj/testSmellDetection/data/hadoop/4_18_2017_TO_10_18_2017//files//139_83b9b25c5136bfb99477b1142af22cb4a4b36be5_TestOzoneManagerHttpServer.java,/hdd/dj/testSmellDetection/data/hadoop/4_18_2017_TO_10_18_2017//files//139_83b9b25c5136bfb99477b1142af22cb4a4b36be5_OzoneManagerHttpServer.java
hadoop,/hdd/dj/testSmellDetection/data/hadoop/4_18_2017_TO_10_18_2017/files/139_2c392da8aa790ea7541745c4d77e0b5ecbc47ac6_TestOzoneManagerHttpServer.java,
hadoop,/hdd/dj/testSmellDetection/data/hadoop/4_18_2017_TO_10_18_2017//files//140_83b9b25c5136bfb99477b1142af22cb4a4b36be5_TestOzoneManagerLock.java,/hdd/dj/testSmellDetection/data/hadoop/4_18_2017_TO_10_18_2017//files//140_83b9b25c5136bfb99477b1142af22cb4a4b36be5_OzoneManagerLock.java
hadoop,/hdd/dj/testSmellDetection/data/hadoop/4_18_2017_TO_10_18_2017/files/140_2c392da8aa790ea7541745c4d77e0b5ecbc47ac6_TestOzoneManagerLock.java,
hadoop,/hdd/dj/testSmellDetection/data/hadoop/4_18_2017_TO_10_18_2017//files//141_83b9b25c5136bfb99477b1142af22cb4a4b36be5_TestOzoneFSInputStream.java,/hdd/dj/testSmellDetection/data/hadoop/4_18_2017_TO_10_18_2017//files//141_83b9b25c5136bfb99477b1142af22cb4a4b36be5_OzoneFSInputStream.java
hadoop,/hdd/dj/testSmellDetection/data/hadoop/4_18_2017_TO_10_18_2017/files/141_2c392da8aa790ea7541745c4d77e0b5ecbc47ac6_TestOzoneFSInputStream.java,
hadoop,/hdd/dj/testSmellDetection/data/hadoop/4_18_2017_TO_10_18_2017//files//142_83b9b25c5136bfb99477b1142af22cb4a4b36be5_TestOzoneFileInterfaces.java,
hadoop,/hdd/dj/testSmellDetection/data/hadoop/4_18_2017_TO_10_18_2017/files/142_2c392da8aa790ea7541745c4d77e0b5ecbc47ac6_TestOzoneFileInterfaces.java,
hadoop,/hdd/dj/testSmellDetection/data/hadoop/4_18_2017_TO_10_18_2017//files//143_83b9b25c5136bfb99477b1142af22cb4a4b36be5_TestVirtualHostStyleFilter.java,/hdd/dj/testSmellDetection/data/hadoop/4_18_2017_TO_10_18_2017//files//143_83b9b25c5136bfb99477b1142af22cb4a4b36be5_VirtualHostStyleFilter.java
hadoop,/hdd/dj/testSmellDetection/data/hadoop/4_18_2017_TO_10_18_2017/files/143_2c392da8aa790ea7541745c4d77e0b5ecbc47ac6_TestVirtualHostStyleFilter.java,
hadoop,/hdd/dj/testSmellDetection/data/hadoop/4_18_2017_TO_10_18_2017//files//144_83b9b25c5136bfb99477b1142af22cb4a4b36be5_TestBucketResponse.java,
hadoop,/hdd/dj/testSmellDetection/data/hadoop/4_18_2017_TO_10_18_2017/files/144_2c392da8aa790ea7541745c4d77e0b5ecbc47ac6_TestBucketResponse.java,
hadoop,/hdd/dj/testSmellDetection/data/hadoop/4_18_2017_TO_10_18_2017//files//145_83b9b25c5136bfb99477b1142af22cb4a4b36be5_TestGetBucket.java,
hadoop,/hdd/dj/testSmellDetection/data/hadoop/4_18_2017_TO_10_18_2017/files/145_2c392da8aa790ea7541745c4d77e0b5ecbc47ac6_TestGetBucket.java,
hadoop,/hdd/dj/testSmellDetection/data/hadoop/4_18_2017_TO_10_18_2017//files//146_83b9b25c5136bfb99477b1142af22cb4a4b36be5_TestOS3Exception.java,/hdd/dj/testSmellDetection/data/hadoop/4_18_2017_TO_10_18_2017//files//146_83b9b25c5136bfb99477b1142af22cb4a4b36be5_OS3Exception.java
hadoop,/hdd/dj/testSmellDetection/data/hadoop/4_18_2017_TO_10_18_2017/files/146_2c392da8aa790ea7541745c4d77e0b5ecbc47ac6_TestOS3Exception.java,
hadoop,/hdd/dj/testSmellDetection/data/hadoop/4_18_2017_TO_10_18_2017//files//147_83b9b25c5136bfb99477b1142af22cb4a4b36be5_TestDeleteObject.java,/hdd/dj/testSmellDetection/data/hadoop/4_18_2017_TO_10_18_2017//files//147_83b9b25c5136bfb99477b1142af22cb4a4b36be5_DeleteObject.java
hadoop,/hdd/dj/testSmellDetection/data/hadoop/4_18_2017_TO_10_18_2017/files/147_2c392da8aa790ea7541745c4d77e0b5ecbc47ac6_TestDeleteObject.java,
hadoop,/hdd/dj/testSmellDetection/data/hadoop/4_18_2017_TO_10_18_2017//files//148_83b9b25c5136bfb99477b1142af22cb4a4b36be5_TestDataValidate.java,
hadoop,/hdd/dj/testSmellDetection/data/hadoop/4_18_2017_TO_10_18_2017/files/148_2c392da8aa790ea7541745c4d77e0b5ecbc47ac6_TestDataValidate.java,
hadoop,/hdd/dj/testSmellDetection/data/hadoop/4_18_2017_TO_10_18_2017//files//149_83b9b25c5136bfb99477b1142af22cb4a4b36be5_TestRandomKeyGenerator.java,/hdd/dj/testSmellDetection/data/hadoop/4_18_2017_TO_10_18_2017//files//149_83b9b25c5136bfb99477b1142af22cb4a4b36be5_RandomKeyGenerator.java
hadoop,/hdd/dj/testSmellDetection/data/hadoop/4_18_2017_TO_10_18_2017/files/149_2c392da8aa790ea7541745c4d77e0b5ecbc47ac6_TestRandomKeyGenerator.java,
hadoop,/hdd/dj/testSmellDetection/data/hadoop/4_18_2017_TO_10_18_2017//files//150_83b9b25c5136bfb99477b1142af22cb4a4b36be5_TestGenerateOzoneRequiredConfigurations.java,/hdd/dj/testSmellDetection/data/hadoop/4_18_2017_TO_10_18_2017//files//150_83b9b25c5136bfb99477b1142af22cb4a4b36be5_GenerateOzoneRequiredConfigurations.java
hadoop,/hdd/dj/testSmellDetection/data/hadoop/4_18_2017_TO_10_18_2017/files/150_2c392da8aa790ea7541745c4d77e0b5ecbc47ac6_TestGenerateOzoneRequiredConfigurations.java,
hadoop,/hdd/dj/testSmellDetection/data/hadoop/4_18_2017_TO_10_18_2017//files//151_83b9b25c5136bfb99477b1142af22cb4a4b36be5_TestOmSQLCli.java,
hadoop,/hdd/dj/testSmellDetection/data/hadoop/4_18_2017_TO_10_18_2017/files/151_2c392da8aa790ea7541745c4d77e0b5ecbc47ac6_TestOmSQLCli.java,
hadoop,/hdd/dj/testSmellDetection/data/hadoop/4_18_2017_TO_10_18_2017//files//152_83b9b25c5136bfb99477b1142af22cb4a4b36be5_TestContainerSQLCli.java,
hadoop,/hdd/dj/testSmellDetection/data/hadoop/4_18_2017_TO_10_18_2017/files/152_2c392da8aa790ea7541745c4d77e0b5ecbc47ac6_TestContainerSQLCli.java,
hadoop,/hdd/dj/testSmellDetection/data/hadoop/4_18_2017_TO_10_18_2017//files//153_f13e231025333ebf80b30bbdce1296cef554943b_TestDirectoryScanner.java,/hdd/dj/testSmellDetection/data/hadoop/4_18_2017_TO_10_18_2017//files//153_f13e231025333ebf80b30bbdce1296cef554943b_DirectoryScanner.java
hadoop,/hdd/dj/testSmellDetection/data/hadoop/4_18_2017_TO_10_18_2017/files/153_73c660b43f3d5311947d2acc9488f17c1caf4de0_TestDirectoryScanner.java,/hdd/dj/testSmellDetection/data/hadoop/4_18_2017_TO_10_18_2017/files/153_73c660b43f3d5311947d2acc9488f17c1caf4de0_DirectoryScanner.java
hadoop,/hdd/dj/testSmellDetection/data/hadoop/4_18_2017_TO_10_18_2017//files//154_73c660b43f3d5311947d2acc9488f17c1caf4de0_TestRMAppTransitions.java,
hadoop,/hdd/dj/testSmellDetection/data/hadoop/4_18_2017_TO_10_18_2017/files/154_c9683656508573fa8dd16287229ab5b1d5aa81ca_TestRMAppTransitions.java,
hadoop,/hdd/dj/testSmellDetection/data/hadoop/4_18_2017_TO_10_18_2017//files//155_c9683656508573fa8dd16287229ab5b1d5aa81ca_TestResourceTrackerService.java,/hdd/dj/testSmellDetection/data/hadoop/4_18_2017_TO_10_18_2017//files//155_c9683656508573fa8dd16287229ab5b1d5aa81ca_ResourceTrackerService.java
hadoop,/hdd/dj/testSmellDetection/data/hadoop/4_18_2017_TO_10_18_2017/files/155_9bb2801e8ce1e6298241944a65f593f555ae10e2_TestResourceTrackerService.java,/hdd/dj/testSmellDetection/data/hadoop/4_18_2017_TO_10_18_2017/files/155_9bb2801e8ce1e6298241944a65f593f555ae10e2_ResourceTrackerService.java
hadoop,/hdd/dj/testSmellDetection/data/hadoop/4_18_2017_TO_10_18_2017//files//156_9bb2801e8ce1e6298241944a65f593f555ae10e2_TestSCMChillModeManager.java,/hdd/dj/testSmellDetection/data/hadoop/4_18_2017_TO_10_18_2017//files//156_9bb2801e8ce1e6298241944a65f593f555ae10e2_SCMChillModeManager.java
hadoop,/hdd/dj/testSmellDetection/data/hadoop/4_18_2017_TO_10_18_2017/files/156_cdf5d58364afbb58b3ae49670a7b179d6c5a0ba7_TestSCMChillModeManager.java,/hdd/dj/testSmellDetection/data/hadoop/4_18_2017_TO_10_18_2017/files/156_cdf5d58364afbb58b3ae49670a7b179d6c5a0ba7_SCMChillModeManager.java
hadoop,/hdd/dj/testSmellDetection/data/hadoop/4_18_2017_TO_10_18_2017//files//157_228dc192f1108438e2a221ec2ed7b6fd44080295_TestDeleteBucket.java,
hadoop,/hdd/dj/testSmellDetection/data/hadoop/4_18_2017_TO_10_18_2017/files/157_d7c7f68c26e4f487661e8f21758353fc9a625079_TestDeleteBucket.java,/hdd/dj/testSmellDetection/data/hadoop/4_18_2017_TO_10_18_2017/files/157_d7c7f68c26e4f487661e8f21758353fc9a625079_DeleteBucket.java
hadoop,/hdd/dj/testSmellDetection/data/hadoop/4_18_2017_TO_10_18_2017//files//158_228dc192f1108438e2a221ec2ed7b6fd44080295_TestHeadBucket.java,/hdd/dj/testSmellDetection/data/hadoop/4_18_2017_TO_10_18_2017//files//158_228dc192f1108438e2a221ec2ed7b6fd44080295_HeadBucket.java
hadoop,/hdd/dj/testSmellDetection/data/hadoop/4_18_2017_TO_10_18_2017/files/158_d7c7f68c26e4f487661e8f21758353fc9a625079_TestHeadBucket.java,/hdd/dj/testSmellDetection/data/hadoop/4_18_2017_TO_10_18_2017/files/158_d7c7f68c26e4f487661e8f21758353fc9a625079_HeadBucket.java
hadoop,/hdd/dj/testSmellDetection/data/hadoop/4_18_2017_TO_10_18_2017//files//159_d7c7f68c26e4f487661e8f21758353fc9a625079_TestRMWebServicesApps.java,
hadoop,/hdd/dj/testSmellDetection/data/hadoop/4_18_2017_TO_10_18_2017/files/159_7c13872cbbb6f1b0b1c2dde894885b41186b3797_TestRMWebServicesApps.java,
hadoop,/hdd/dj/testSmellDetection/data/hadoop/4_18_2017_TO_10_18_2017//files//160_7c13872cbbb6f1b0b1c2dde894885b41186b3797_TestRMAdminCLI.java,/hdd/dj/testSmellDetection/data/hadoop/4_18_2017_TO_10_18_2017//files//160_7c13872cbbb6f1b0b1c2dde894885b41186b3797_RMAdminCLI.java
hadoop,/hdd/dj/testSmellDetection/data/hadoop/4_18_2017_TO_10_18_2017/files/160_745f64012a2a912d5f0a36bbda89dc638e1715cb_TestRMAdminCLI.java,/hdd/dj/testSmellDetection/data/hadoop/4_18_2017_TO_10_18_2017/files/160_745f64012a2a912d5f0a36bbda89dc638e1715cb_RMAdminCLI.java
hadoop,/hdd/dj/testSmellDetection/data/hadoop/4_18_2017_TO_10_18_2017//files//161_50acba2e394db5978f95ebee913fbfdf6edfb891_TestRMAdminCLI.java,/hdd/dj/testSmellDetection/data/hadoop/4_18_2017_TO_10_18_2017//files//161_50acba2e394db5978f95ebee913fbfdf6edfb891_RMAdminCLI.java
hadoop,/hdd/dj/testSmellDetection/data/hadoop/4_18_2017_TO_10_18_2017/files/161_21553e22b6640eb188e87ee2f7d8fbf22bd72092_TestRMAdminCLI.java,/hdd/dj/testSmellDetection/data/hadoop/4_18_2017_TO_10_18_2017/files/161_21553e22b6640eb188e87ee2f7d8fbf22bd72092_RMAdminCLI.java
hadoop,/hdd/dj/testSmellDetection/data/hadoop/4_18_2017_TO_10_18_2017//files//162_745f64012a2a912d5f0a36bbda89dc638e1715cb_TestContainerExecutor.java,/hdd/dj/testSmellDetection/data/hadoop/4_18_2017_TO_10_18_2017//files//162_745f64012a2a912d5f0a36bbda89dc638e1715cb_ContainerExecutor.java
hadoop,/hdd/dj/testSmellDetection/data/hadoop/4_18_2017_TO_10_18_2017/files/162_347ea385817766a5c418017009728cd8b9959776_TestContainerExecutor.java,/hdd/dj/testSmellDetection/data/hadoop/4_18_2017_TO_10_18_2017/files/162_347ea385817766a5c418017009728cd8b9959776_ContainerExecutor.java
hadoop,/hdd/dj/testSmellDetection/data/hadoop/4_18_2017_TO_10_18_2017//files//163_745f64012a2a912d5f0a36bbda89dc638e1715cb_TestLinuxContainerExecutor.java,/hdd/dj/testSmellDetection/data/hadoop/4_18_2017_TO_10_18_2017//files//163_745f64012a2a912d5f0a36bbda89dc638e1715cb_LinuxContainerExecutor.java
hadoop,/hdd/dj/testSmellDetection/data/hadoop/4_18_2017_TO_10_18_2017/files/163_347ea385817766a5c418017009728cd8b9959776_TestLinuxContainerExecutor.java,/hdd/dj/testSmellDetection/data/hadoop/4_18_2017_TO_10_18_2017/files/163_347ea385817766a5c418017009728cd8b9959776_LinuxContainerExecutor.java
hadoop,/hdd/dj/testSmellDetection/data/hadoop/4_18_2017_TO_10_18_2017//files//164_745f64012a2a912d5f0a36bbda89dc638e1715cb_TestContainersMonitorResourceChange.java,
hadoop,/hdd/dj/testSmellDetection/data/hadoop/4_18_2017_TO_10_18_2017/files/164_347ea385817766a5c418017009728cd8b9959776_TestContainersMonitorResourceChange.java,
hadoop,/hdd/dj/testSmellDetection/data/hadoop/4_18_2017_TO_10_18_2017//files//165_745f64012a2a912d5f0a36bbda89dc638e1715cb_ContainerShellClientSocketTest.java,
hadoop,/hdd/dj/testSmellDetection/data/hadoop/4_18_2017_TO_10_18_2017/files/165_347ea385817766a5c418017009728cd8b9959776_ContainerShellClientSocketTest.java,
hadoop,/hdd/dj/testSmellDetection/data/hadoop/4_18_2017_TO_10_18_2017//files//166_745f64012a2a912d5f0a36bbda89dc638e1715cb_TestNMContainerWebSocket.java,
hadoop,/hdd/dj/testSmellDetection/data/hadoop/4_18_2017_TO_10_18_2017/files/166_347ea385817766a5c418017009728cd8b9959776_TestNMContainerWebSocket.java,
hadoop,/hdd/dj/testSmellDetection/data/hadoop/4_18_2017_TO_10_18_2017//files//167_5539dd97d2ac216a6f00b7cf97009e5331e46a72_TestFsVolumeList.java,/hdd/dj/testSmellDetection/data/hadoop/4_18_2017_TO_10_18_2017//files//167_5539dd97d2ac216a6f00b7cf97009e5331e46a72_FsVolumeList.java
hadoop,/hdd/dj/testSmellDetection/data/hadoop/4_18_2017_TO_10_18_2017/files/167_c632c6e6e99e3f3722774c9fc269ace88aa5d9bb_TestFsVolumeList.java,/hdd/dj/testSmellDetection/data/hadoop/4_18_2017_TO_10_18_2017/files/167_c632c6e6e99e3f3722774c9fc269ace88aa5d9bb_FsVolumeList.java
hadoop,/hdd/dj/testSmellDetection/data/hadoop/4_18_2017_TO_10_18_2017//files//168_1043795f7fe44c98a34f8ea3cea708c801c3043b_TestDistributedFileSystemWithECFile.java,
hadoop,/hdd/dj/testSmellDetection/data/hadoop/4_18_2017_TO_10_18_2017/files/168_08bb6c49a5aec32b7d9f29238560f947420405d6_TestDistributedFileSystemWithECFile.java,
hadoop,/hdd/dj/testSmellDetection/data/hadoop/4_18_2017_TO_10_18_2017//files//169_b6698e2a828a652e995d4cfe83d8fcd095fdeee2_TestDistributedFileSystemWithECFile.java,
hadoop,/hdd/dj/testSmellDetection/data/hadoop/4_18_2017_TO_10_18_2017/files/169_a99658cd8504edfe7b80f979eb25795c16726dcd_TestDistributedFileSystemWithECFile.java,
hadoop,/hdd/dj/testSmellDetection/data/hadoop/4_18_2017_TO_10_18_2017//files//170_5b1cfcaeff1bfa8fb736574f1a664da40b3317d2_TestGetCommittedBlockLengthAndPutKey.java,
hadoop,/hdd/dj/testSmellDetection/data/hadoop/4_18_2017_TO_10_18_2017/files/170_7367ff333bf332b300e0acd6e7501ce8139a1998_TestGetCommittedBlockLengthAndPutKey.java,
hadoop,/hdd/dj/testSmellDetection/data/hadoop/4_18_2017_TO_10_18_2017//files//171_665036c5f71f6ce7ea331706ae1deb56da0fd0eb_TestAppManager.java,
hadoop,/hdd/dj/testSmellDetection/data/hadoop/4_18_2017_TO_10_18_2017/files/171_ce4a0898df5e9891f0388aa65a754f0ff85b56ac_TestAppManager.java,
hadoop,/hdd/dj/testSmellDetection/data/hadoop/4_18_2017_TO_10_18_2017//files//172_665036c5f71f6ce7ea331706ae1deb56da0fd0eb_TestAppManagerWithFairScheduler.java,
hadoop,/hdd/dj/testSmellDetection/data/hadoop/4_18_2017_TO_10_18_2017/files/172_ce4a0898df5e9891f0388aa65a754f0ff85b56ac_TestAppManagerWithFairScheduler.java,
hadoop,/hdd/dj/testSmellDetection/data/hadoop/4_18_2017_TO_10_18_2017//files//173_665036c5f71f6ce7ea331706ae1deb56da0fd0eb_TestClientRMService.java,/hdd/dj/testSmellDetection/data/hadoop/4_18_2017_TO_10_18_2017//files//173_665036c5f71f6ce7ea331706ae1deb56da0fd0eb_ClientRMService.java
hadoop,/hdd/dj/testSmellDetection/data/hadoop/4_18_2017_TO_10_18_2017/files/173_ce4a0898df5e9891f0388aa65a754f0ff85b56ac_TestClientRMService.java,/hdd/dj/testSmellDetection/data/hadoop/4_18_2017_TO_10_18_2017/files/173_ce4a0898df5e9891f0388aa65a754f0ff85b56ac_ClientRMService.java
hadoop,/hdd/dj/testSmellDetection/data/hadoop/4_18_2017_TO_10_18_2017//files//174_665036c5f71f6ce7ea331706ae1deb56da0fd0eb_TestRMServerUtils.java,/hdd/dj/testSmellDetection/data/hadoop/4_18_2017_TO_10_18_2017//files//174_665036c5f71f6ce7ea331706ae1deb56da0fd0eb_RMServerUtils.java
hadoop,/hdd/dj/testSmellDetection/data/hadoop/4_18_2017_TO_10_18_2017/files/174_ce4a0898df5e9891f0388aa65a754f0ff85b56ac_TestRMServerUtils.java,/hdd/dj/testSmellDetection/data/hadoop/4_18_2017_TO_10_18_2017/files/174_ce4a0898df5e9891f0388aa65a754f0ff85b56ac_RMServerUtils.java
hadoop,/hdd/dj/testSmellDetection/data/hadoop/4_18_2017_TO_10_18_2017//files//175_665036c5f71f6ce7ea331706ae1deb56da0fd0eb_TestSchedulerUtils.java,/hdd/dj/testSmellDetection/data/hadoop/4_18_2017_TO_10_18_2017//files//175_665036c5f71f6ce7ea331706ae1deb56da0fd0eb_SchedulerUtils.java
hadoop,/hdd/dj/testSmellDetection/data/hadoop/4_18_2017_TO_10_18_2017/files/175_ce4a0898df5e9891f0388aa65a754f0ff85b56ac_TestSchedulerUtils.java,/hdd/dj/testSmellDetection/data/hadoop/4_18_2017_TO_10_18_2017/files/175_ce4a0898df5e9891f0388aa65a754f0ff85b56ac_SchedulerUtils.java
hadoop,/hdd/dj/testSmellDetection/data/hadoop/4_18_2017_TO_10_18_2017//files//176_665036c5f71f6ce7ea331706ae1deb56da0fd0eb_TestCapacityScheduler.java,/hdd/dj/testSmellDetection/data/hadoop/4_18_2017_TO_10_18_2017//files//176_665036c5f71f6ce7ea331706ae1deb56da0fd0eb_CapacityScheduler.java
hadoop,/hdd/dj/testSmellDetection/data/hadoop/4_18_2017_TO_10_18_2017/files/176_ce4a0898df5e9891f0388aa65a754f0ff85b56ac_TestCapacityScheduler.java,/hdd/dj/testSmellDetection/data/hadoop/4_18_2017_TO_10_18_2017/files/176_ce4a0898df5e9891f0388aa65a754f0ff85b56ac_CapacityScheduler.java
hadoop,/hdd/dj/testSmellDetection/data/hadoop/4_18_2017_TO_10_18_2017//files//177_665036c5f71f6ce7ea331706ae1deb56da0fd0eb_TestAllocationFileLoaderService.java,
hadoop,/hdd/dj/testSmellDetection/data/hadoop/4_18_2017_TO_10_18_2017/files/177_ce4a0898df5e9891f0388aa65a754f0ff85b56ac_TestAllocationFileLoaderService.java,
hadoop,/hdd/dj/testSmellDetection/data/hadoop/4_18_2017_TO_10_18_2017//files//178_665036c5f71f6ce7ea331706ae1deb56da0fd0eb_TestApplicationMasterServiceWithFS.java,
hadoop,/hdd/dj/testSmellDetection/data/hadoop/4_18_2017_TO_10_18_2017/files/178_ce4a0898df5e9891f0388aa65a754f0ff85b56ac_TestApplicationMasterServiceWithFS.java,
hadoop,/hdd/dj/testSmellDetection/data/hadoop/4_18_2017_TO_10_18_2017//files//179_665036c5f71f6ce7ea331706ae1deb56da0fd0eb_TestFairScheduler.java,/hdd/dj/testSmellDetection/data/hadoop/4_18_2017_TO_10_18_2017//files//179_665036c5f71f6ce7ea331706ae1deb56da0fd0eb_FairScheduler.java
hadoop,/hdd/dj/testSmellDetection/data/hadoop/4_18_2017_TO_10_18_2017/files/179_ce4a0898df5e9891f0388aa65a754f0ff85b56ac_TestFairScheduler.java,/hdd/dj/testSmellDetection/data/hadoop/4_18_2017_TO_10_18_2017/files/179_ce4a0898df5e9891f0388aa65a754f0ff85b56ac_FairScheduler.java
hadoop,/hdd/dj/testSmellDetection/data/hadoop/4_18_2017_TO_10_18_2017//files//180_4ba6dd46052c0eb34a97a154b1d448245a6184ee_TestGetCommittedBlockLengthAndPutKey.java,
hadoop,/hdd/dj/testSmellDetection/data/hadoop/4_18_2017_TO_10_18_2017/files/180_abfd4ffdc90ada2c44fd1e563a12a9cf574f7b5b_TestGetCommittedBlockLengthAndPutKey.java,
hadoop,/hdd/dj/testSmellDetection/data/hadoop/4_18_2017_TO_10_18_2017//files//181_a23ea68b9747eae9b176f908bb04b76d30fe3795_TestUnmanagedApplicationManager.java,/hdd/dj/testSmellDetection/data/hadoop/4_18_2017_TO_10_18_2017//files//181_a23ea68b9747eae9b176f908bb04b76d30fe3795_UnmanagedApplicationManager.java
hadoop,/hdd/dj/testSmellDetection/data/hadoop/4_18_2017_TO_10_18_2017/files/181_c3d22d3b4569b7f87af4ee4abfcc284deebe90de_TestUnmanagedApplicationManager.java,/hdd/dj/testSmellDetection/data/hadoop/4_18_2017_TO_10_18_2017/files/181_c3d22d3b4569b7f87af4ee4abfcc284deebe90de_UnmanagedApplicationManager.java
hadoop,/hdd/dj/testSmellDetection/data/hadoop/4_18_2017_TO_10_18_2017//files//182_a23ea68b9747eae9b176f908bb04b76d30fe3795_TestFederationInterceptor.java,/hdd/dj/testSmellDetection/data/hadoop/4_18_2017_TO_10_18_2017//files//182_a23ea68b9747eae9b176f908bb04b76d30fe3795_FederationInterceptor.java
hadoop,/hdd/dj/testSmellDetection/data/hadoop/4_18_2017_TO_10_18_2017/files/182_c3d22d3b4569b7f87af4ee4abfcc284deebe90de_TestFederationInterceptor.java,/hdd/dj/testSmellDetection/data/hadoop/4_18_2017_TO_10_18_2017/files/182_c3d22d3b4569b7f87af4ee4abfcc284deebe90de_FederationInterceptor.java
hadoop,/hdd/dj/testSmellDetection/data/hadoop/4_18_2017_TO_10_18_2017//files//183_a23ea68b9747eae9b176f908bb04b76d30fe3795_TestableFederationInterceptor.java,
hadoop,/hdd/dj/testSmellDetection/data/hadoop/4_18_2017_TO_10_18_2017/files/183_c3d22d3b4569b7f87af4ee4abfcc284deebe90de_TestableFederationInterceptor.java,
hadoop,/hdd/dj/testSmellDetection/data/hadoop/4_18_2017_TO_10_18_2017//files//184_fa4a11103737a997c0dca068deca99c29cf2d797_TestUnmanagedApplicationManager.java,/hdd/dj/testSmellDetection/data/hadoop/4_18_2017_TO_10_18_2017//files//184_fa4a11103737a997c0dca068deca99c29cf2d797_UnmanagedApplicationManager.java
hadoop,/hdd/dj/testSmellDetection/data/hadoop/4_18_2017_TO_10_18_2017/files/184_b0900ad31000be6491127f4b5ef781a0ec423645_TestUnmanagedApplicationManager.java,/hdd/dj/testSmellDetection/data/hadoop/4_18_2017_TO_10_18_2017/files/184_b0900ad31000be6491127f4b5ef781a0ec423645_UnmanagedApplicationManager.java
hadoop,/hdd/dj/testSmellDetection/data/hadoop/4_18_2017_TO_10_18_2017//files//185_fa4a11103737a997c0dca068deca99c29cf2d797_TestFederationInterceptor.java,/hdd/dj/testSmellDetection/data/hadoop/4_18_2017_TO_10_18_2017//files//185_fa4a11103737a997c0dca068deca99c29cf2d797_FederationInterceptor.java
hadoop,/hdd/dj/testSmellDetection/data/hadoop/4_18_2017_TO_10_18_2017/files/185_b0900ad31000be6491127f4b5ef781a0ec423645_TestFederationInterceptor.java,/hdd/dj/testSmellDetection/data/hadoop/4_18_2017_TO_10_18_2017/files/185_b0900ad31000be6491127f4b5ef781a0ec423645_FederationInterceptor.java
hadoop,/hdd/dj/testSmellDetection/data/hadoop/4_18_2017_TO_10_18_2017//files//186_fa4a11103737a997c0dca068deca99c29cf2d797_TestableFederationInterceptor.java,
hadoop,/hdd/dj/testSmellDetection/data/hadoop/4_18_2017_TO_10_18_2017/files/186_b0900ad31000be6491127f4b5ef781a0ec423645_TestableFederationInterceptor.java,
hadoop,/hdd/dj/testSmellDetection/data/hadoop/4_18_2017_TO_10_18_2017//files//187_c3d22d3b4569b7f87af4ee4abfcc284deebe90de_TestStorageContainerManager.java,
hadoop,/hdd/dj/testSmellDetection/data/hadoop/4_18_2017_TO_10_18_2017/files/187_03d66b1f5d8936e8006b87511af7a647ed1c3fcd_TestStorageContainerManager.java,
hadoop,/hdd/dj/testSmellDetection/data/hadoop/4_18_2017_TO_10_18_2017//files//188_abfd4ffdc90ada2c44fd1e563a12a9cf574f7b5b_TestStorageContainerManager.java,
hadoop,/hdd/dj/testSmellDetection/data/hadoop/4_18_2017_TO_10_18_2017/files/188_d08a5387778a85e7f47d76ad47da775caa55e489_TestStorageContainerManager.java,
hadoop,/hdd/dj/testSmellDetection/data/hadoop/4_18_2017_TO_10_18_2017//files//189_a05bd1288cabfe4cafb0693739add4a675aec5a2_AbstractAbfsIntegrationTest.java,
hadoop,/hdd/dj/testSmellDetection/data/hadoop/4_18_2017_TO_10_18_2017/files/189_bd50fa956b1ca25bb2136977b98a6aa6895eff8b_AbstractAbfsIntegrationTest.java,
hadoop,/hdd/dj/testSmellDetection/data/hadoop/4_18_2017_TO_10_18_2017//files//190_bd50fa956b1ca25bb2136977b98a6aa6895eff8b_TestDeleteBucket.java,/hdd/dj/testSmellDetection/data/hadoop/4_18_2017_TO_10_18_2017//files//190_bd50fa956b1ca25bb2136977b98a6aa6895eff8b_DeleteBucket.java
hadoop,/hdd/dj/testSmellDetection/data/hadoop/4_18_2017_TO_10_18_2017/files/190_d5dd6f31fc35b890cfa241d5fce404d6774e98c6_TestDeleteBucket.java,/hdd/dj/testSmellDetection/data/hadoop/4_18_2017_TO_10_18_2017/files/190_d5dd6f31fc35b890cfa241d5fce404d6774e98c6_DeleteBucket.java
hadoop,/hdd/dj/testSmellDetection/data/hadoop/4_18_2017_TO_10_18_2017//files//191_bd50fa956b1ca25bb2136977b98a6aa6895eff8b_TestHeadBucket.java,/hdd/dj/testSmellDetection/data/hadoop/4_18_2017_TO_10_18_2017//files//191_bd50fa956b1ca25bb2136977b98a6aa6895eff8b_HeadBucket.java
hadoop,/hdd/dj/testSmellDetection/data/hadoop/4_18_2017_TO_10_18_2017/files/191_d5dd6f31fc35b890cfa241d5fce404d6774e98c6_TestHeadBucket.java,/hdd/dj/testSmellDetection/data/hadoop/4_18_2017_TO_10_18_2017/files/191_d5dd6f31fc35b890cfa241d5fce404d6774e98c6_HeadBucket.java
hadoop,/hdd/dj/testSmellDetection/data/hadoop/4_18_2017_TO_10_18_2017//files//192_bd50fa956b1ca25bb2136977b98a6aa6895eff8b_TestOS3Exception.java,/hdd/dj/testSmellDetection/data/hadoop/4_18_2017_TO_10_18_2017//files//192_bd50fa956b1ca25bb2136977b98a6aa6895eff8b_OS3Exception.java
hadoop,/hdd/dj/testSmellDetection/data/hadoop/4_18_2017_TO_10_18_2017/files/192_d5dd6f31fc35b890cfa241d5fce404d6774e98c6_TestOS3Exception.java,/hdd/dj/testSmellDetection/data/hadoop/4_18_2017_TO_10_18_2017/files/192_d5dd6f31fc35b890cfa241d5fce404d6774e98c6_OS3Exception.java
hadoop,/hdd/dj/testSmellDetection/data/hadoop/4_18_2017_TO_10_18_2017//files//193_d08a5387778a85e7f47d76ad47da775caa55e489_TestDeleteBucket.java,/hdd/dj/testSmellDetection/data/hadoop/4_18_2017_TO_10_18_2017//files//193_d08a5387778a85e7f47d76ad47da775caa55e489_DeleteBucket.java
hadoop,/hdd/dj/testSmellDetection/data/hadoop/4_18_2017_TO_10_18_2017/files/193_308c614d4a45ac37ed31aaab3764026ac0e58395_TestDeleteBucket.java,/hdd/dj/testSmellDetection/data/hadoop/4_18_2017_TO_10_18_2017/files/193_308c614d4a45ac37ed31aaab3764026ac0e58395_DeleteBucket.java
hadoop,/hdd/dj/testSmellDetection/data/hadoop/4_18_2017_TO_10_18_2017//files//194_d08a5387778a85e7f47d76ad47da775caa55e489_TestHeadBucket.java,/hdd/dj/testSmellDetection/data/hadoop/4_18_2017_TO_10_18_2017//files//194_d08a5387778a85e7f47d76ad47da775caa55e489_HeadBucket.java
hadoop,/hdd/dj/testSmellDetection/data/hadoop/4_18_2017_TO_10_18_2017/files/194_308c614d4a45ac37ed31aaab3764026ac0e58395_TestHeadBucket.java,/hdd/dj/testSmellDetection/data/hadoop/4_18_2017_TO_10_18_2017/files/194_308c614d4a45ac37ed31aaab3764026ac0e58395_HeadBucket.java
hadoop,/hdd/dj/testSmellDetection/data/hadoop/4_18_2017_TO_10_18_2017//files//195_d08a5387778a85e7f47d76ad47da775caa55e489_TestOS3Exception.java,/hdd/dj/testSmellDetection/data/hadoop/4_18_2017_TO_10_18_2017//files//195_d08a5387778a85e7f47d76ad47da775caa55e489_OS3Exception.java
hadoop,/hdd/dj/testSmellDetection/data/hadoop/4_18_2017_TO_10_18_2017/files/195_308c614d4a45ac37ed31aaab3764026ac0e58395_TestOS3Exception.java,/hdd/dj/testSmellDetection/data/hadoop/4_18_2017_TO_10_18_2017/files/195_308c614d4a45ac37ed31aaab3764026ac0e58395_OS3Exception.java
hadoop,/hdd/dj/testSmellDetection/data/hadoop/4_18_2017_TO_10_18_2017//files//196_bf04f194568f9e81f5481b25a84ad903e3c307cf_TestOzoneRpcClient.java,
hadoop,/hdd/dj/testSmellDetection/data/hadoop/4_18_2017_TO_10_18_2017/files/196_5b7ba48cedb0d70ca154771fec48e5c4129cf29a_TestOzoneRpcClient.java,
hadoop,/hdd/dj/testSmellDetection/data/hadoop/4_18_2017_TO_10_18_2017//files//197_efd852449f8db899553fa351ece06cbb53823fc0_TestFairScheduler.java,/hdd/dj/testSmellDetection/data/hadoop/4_18_2017_TO_10_18_2017//files//197_efd852449f8db899553fa351ece06cbb53823fc0_FairScheduler.java
hadoop,/hdd/dj/testSmellDetection/data/hadoop/4_18_2017_TO_10_18_2017/files/197_ad642186a908b3b75afb4bc6270177564a8d75d6_TestFairScheduler.java,/hdd/dj/testSmellDetection/data/hadoop/4_18_2017_TO_10_18_2017/files/197_ad642186a908b3b75afb4bc6270177564a8d75d6_FairScheduler.java
hadoop,/hdd/dj/testSmellDetection/data/hadoop/4_18_2017_TO_10_18_2017//files//198_6a06bc309d72c766694eb6296d5f3fb5c3c597c5_TestNameNodeMetadataConsistency.java,
hadoop,/hdd/dj/testSmellDetection/data/hadoop/4_18_2017_TO_10_18_2017/files/198_605622c87bc109f60ee1674be37a526e44723b67_TestNameNodeMetadataConsistency.java,
hadoop,/hdd/dj/testSmellDetection/data/hadoop/4_18_2017_TO_10_18_2017//files//199_614d6cf99ce369c5cc07bff1999dd336f5eeb097_TestNameNodeMetadataConsistency.java,
hadoop,/hdd/dj/testSmellDetection/data/hadoop/4_18_2017_TO_10_18_2017/files/199_bc400c8a339ffc16828d651e1fbb33a2075a25b3_TestNameNodeMetadataConsistency.java,
hadoop,/hdd/dj/testSmellDetection/data/hadoop/4_18_2017_TO_10_18_2017//files//200_605622c87bc109f60ee1674be37a526e44723b67_TestOzoneShell.java,
hadoop,/hdd/dj/testSmellDetection/data/hadoop/4_18_2017_TO_10_18_2017/files/200_4de2dc2699fc371b2de83ba55ecbcecef1f0423b_TestOzoneShell.java,
hadoop,/hdd/dj/testSmellDetection/data/hadoop/4_18_2017_TO_10_18_2017//files//201_6fa3feb577d05d73a2eb1bc8e39800326f678c31_TestProgressBar.java,
hadoop,/hdd/dj/testSmellDetection/data/hadoop/4_18_2017_TO_10_18_2017/files/201_f068296f8a88fc2a4c7b1680bc190c5fa7fc2469_TestProgressBar.java,/hdd/dj/testSmellDetection/data/hadoop/4_18_2017_TO_10_18_2017/files/201_f068296f8a88fc2a4c7b1680bc190c5fa7fc2469_ProgressBar.java
hadoop,/hdd/dj/testSmellDetection/data/hadoop/4_18_2017_TO_10_18_2017//files//202_f068296f8a88fc2a4c7b1680bc190c5fa7fc2469_TestContainerAllocation.java,/hdd/dj/testSmellDetection/data/hadoop/4_18_2017_TO_10_18_2017//files//202_f068296f8a88fc2a4c7b1680bc190c5fa7fc2469_ContainerAllocation.java
hadoop,/hdd/dj/testSmellDetection/data/hadoop/4_18_2017_TO_10_18_2017/files/202_edce866489d83744f3f47a3b884b0c6136885e4a_TestContainerAllocation.java,/hdd/dj/testSmellDetection/data/hadoop/4_18_2017_TO_10_18_2017/files/202_edce866489d83744f3f47a3b884b0c6136885e4a_ContainerAllocation.java
hadoop,/hdd/dj/testSmellDetection/data/hadoop/4_18_2017_TO_10_18_2017//files//203_bc400c8a339ffc16828d651e1fbb33a2075a25b3_TestContainerAllocation.java,/hdd/dj/testSmellDetection/data/hadoop/4_18_2017_TO_10_18_2017//files//203_bc400c8a339ffc16828d651e1fbb33a2075a25b3_ContainerAllocation.java
hadoop,/hdd/dj/testSmellDetection/data/hadoop/4_18_2017_TO_10_18_2017/files/203_eb0147a4c7b719e4bd605b85fa39a9281f25d870_TestContainerAllocation.java,/hdd/dj/testSmellDetection/data/hadoop/4_18_2017_TO_10_18_2017/files/203_eb0147a4c7b719e4bd605b85fa39a9281f25d870_ContainerAllocation.java
hadoop,/hdd/dj/testSmellDetection/data/hadoop/4_18_2017_TO_10_18_2017//files//204_5813c1de56970b66acff82c7a22d084d655e8841_TestContainerAllocation.java,/hdd/dj/testSmellDetection/data/hadoop/4_18_2017_TO_10_18_2017//files//204_5813c1de56970b66acff82c7a22d084d655e8841_ContainerAllocation.java
hadoop,/hdd/dj/testSmellDetection/data/hadoop/4_18_2017_TO_10_18_2017/files/204_3968ce1073856b64484576b5529f068eb2c10ca5_TestContainerAllocation.java,/hdd/dj/testSmellDetection/data/hadoop/4_18_2017_TO_10_18_2017/files/204_3968ce1073856b64484576b5529f068eb2c10ca5_ContainerAllocation.java
hadoop,/hdd/dj/testSmellDetection/data/hadoop/4_18_2017_TO_10_18_2017//files//205_8a9f61be4ed4ef5f2248f9569142659c8b1f83e8_TestContainerAllocation.java,/hdd/dj/testSmellDetection/data/hadoop/4_18_2017_TO_10_18_2017//files//205_8a9f61be4ed4ef5f2248f9569142659c8b1f83e8_ContainerAllocation.java
hadoop,/hdd/dj/testSmellDetection/data/hadoop/4_18_2017_TO_10_18_2017/files/205_af85ce6ae44966a19f7c91793f77136750ca0597_TestContainerAllocation.java,/hdd/dj/testSmellDetection/data/hadoop/4_18_2017_TO_10_18_2017/files/205_af85ce6ae44966a19f7c91793f77136750ca0597_ContainerAllocation.java
hadoop,/hdd/dj/testSmellDetection/data/hadoop/4_18_2017_TO_10_18_2017//files//206_590a4e9d17d5cfdcd8f85cc66e946d11c2d9d60c_TestContainerAllocation.java,/hdd/dj/testSmellDetection/data/hadoop/4_18_2017_TO_10_18_2017//files//206_590a4e9d17d5cfdcd8f85cc66e946d11c2d9d60c_ContainerAllocation.java
hadoop,/hdd/dj/testSmellDetection/data/hadoop/4_18_2017_TO_10_18_2017/files/206_e75191a62e29f4c39de67fbfe69841290d2c3b34_TestContainerAllocation.java,/hdd/dj/testSmellDetection/data/hadoop/4_18_2017_TO_10_18_2017/files/206_e75191a62e29f4c39de67fbfe69841290d2c3b34_ContainerAllocation.java
hadoop,/hdd/dj/testSmellDetection/data/hadoop/4_18_2017_TO_10_18_2017//files//207_b0900ad31000be6491127f4b5ef781a0ec423645_TestAppManager.java,
hadoop,/hdd/dj/testSmellDetection/data/hadoop/4_18_2017_TO_10_18_2017/files/207_d412785175a89b584bdcbffbe47175a8a9d771c4_TestAppManager.java,
hadoop,/hdd/dj/testSmellDetection/data/hadoop/4_18_2017_TO_10_18_2017//files//208_b0900ad31000be6491127f4b5ef781a0ec423645_TestClientRMService.java,/hdd/dj/testSmellDetection/data/hadoop/4_18_2017_TO_10_18_2017//files//208_b0900ad31000be6491127f4b5ef781a0ec423645_ClientRMService.java
hadoop,/hdd/dj/testSmellDetection/data/hadoop/4_18_2017_TO_10_18_2017/files/208_d412785175a89b584bdcbffbe47175a8a9d771c4_TestClientRMService.java,/hdd/dj/testSmellDetection/data/hadoop/4_18_2017_TO_10_18_2017/files/208_d412785175a89b584bdcbffbe47175a8a9d771c4_ClientRMService.java
hadoop,/hdd/dj/testSmellDetection/data/hadoop/4_18_2017_TO_10_18_2017//files//209_d412785175a89b584bdcbffbe47175a8a9d771c4_TestContainerAllocation.java,/hdd/dj/testSmellDetection/data/hadoop/4_18_2017_TO_10_18_2017//files//209_d412785175a89b584bdcbffbe47175a8a9d771c4_ContainerAllocation.java
hadoop,/hdd/dj/testSmellDetection/data/hadoop/4_18_2017_TO_10_18_2017/files/209_cc1bf7f8948ba10151ec0dc80ce6131de38b5a45_TestContainerAllocation.java,/hdd/dj/testSmellDetection/data/hadoop/4_18_2017_TO_10_18_2017/files/209_cc1bf7f8948ba10151ec0dc80ce6131de38b5a45_ContainerAllocation.java
hadoop,/hdd/dj/testSmellDetection/data/hadoop/4_18_2017_TO_10_18_2017//files//210_3968ce1073856b64484576b5529f068eb2c10ca5_TestDistributedFileSystemWithECFile.java,
hadoop,/hdd/dj/testSmellDetection/data/hadoop/4_18_2017_TO_10_18_2017/files/210_323b76bccfa153ef5ba52dc14876283d05618739_TestDistributedFileSystemWithECFile.java,
hadoop,/hdd/dj/testSmellDetection/data/hadoop/4_18_2017_TO_10_18_2017//files//211_af85ce6ae44966a19f7c91793f77136750ca0597_TestDistributedFileSystemWithECFile.java,
hadoop,/hdd/dj/testSmellDetection/data/hadoop/4_18_2017_TO_10_18_2017/files/211_b170de8be5234015794d1e9eb09f5e69c7a2af25_TestDistributedFileSystemWithECFile.java,
hadoop,/hdd/dj/testSmellDetection/data/hadoop/4_18_2017_TO_10_18_2017//files//212_bb59914237b76cb7409b63da27b21a07a4481942_TestResourceUtilizationAggregator.java,
hadoop,/hdd/dj/testSmellDetection/data/hadoop/4_18_2017_TO_10_18_2017/files/212_608f009980b779857b3660a3bd6c70ee44738b8f_TestResourceUtilizationAggregator.java,/hdd/dj/testSmellDetection/data/hadoop/4_18_2017_TO_10_18_2017/files/212_608f009980b779857b3660a3bd6c70ee44738b8f_ResourceUtilizationAggregator.java
hadoop,/hdd/dj/testSmellDetection/data/hadoop/4_18_2017_TO_10_18_2017//files//213_b39b802422b444629095bde4484b820f02fd6d1d_TestHeadObject.java,
hadoop,/hdd/dj/testSmellDetection/data/hadoop/4_18_2017_TO_10_18_2017/files/213_cd280514b84e8a2915f274883a07f152b772ebad_TestHeadObject.java,/hdd/dj/testSmellDetection/data/hadoop/4_18_2017_TO_10_18_2017/files/213_cd280514b84e8a2915f274883a07f152b772ebad_HeadObject.java
hadoop,/hdd/dj/testSmellDetection/data/hadoop/4_18_2017_TO_10_18_2017//files//214_056f480093938808aa016d828000a1fc99cff141_TestHeadObject.java,
hadoop,/hdd/dj/testSmellDetection/data/hadoop/4_18_2017_TO_10_18_2017/files/214_b64fcc71f11eae48e41bb8ea42ad0e274cc4b935_TestHeadObject.java,/hdd/dj/testSmellDetection/data/hadoop/4_18_2017_TO_10_18_2017/files/214_b64fcc71f11eae48e41bb8ea42ad0e274cc4b935_HeadObject.java
hadoop,/hdd/dj/testSmellDetection/data/hadoop/4_18_2017_TO_10_18_2017//files//215_323b76bccfa153ef5ba52dc14876283d05618739_TestAppManager.java,
hadoop,/hdd/dj/testSmellDetection/data/hadoop/4_18_2017_TO_10_18_2017/files/215_a0060cf8eebf558cd0068992af6ff9689c4f56ea_TestAppManager.java,
hadoop,/hdd/dj/testSmellDetection/data/hadoop/4_18_2017_TO_10_18_2017//files//216_323b76bccfa153ef5ba52dc14876283d05618739_TestAppManagerWithFairScheduler.java,
hadoop,/hdd/dj/testSmellDetection/data/hadoop/4_18_2017_TO_10_18_2017/files/216_a0060cf8eebf558cd0068992af6ff9689c4f56ea_TestAppManagerWithFairScheduler.java,
hadoop,/hdd/dj/testSmellDetection/data/hadoop/4_18_2017_TO_10_18_2017//files//217_323b76bccfa153ef5ba52dc14876283d05618739_TestClientRMService.java,/hdd/dj/testSmellDetection/data/hadoop/4_18_2017_TO_10_18_2017//files//217_323b76bccfa153ef5ba52dc14876283d05618739_ClientRMService.java
hadoop,/hdd/dj/testSmellDetection/data/hadoop/4_18_2017_TO_10_18_2017/files/217_a0060cf8eebf558cd0068992af6ff9689c4f56ea_TestClientRMService.java,/hdd/dj/testSmellDetection/data/hadoop/4_18_2017_TO_10_18_2017/files/217_a0060cf8eebf558cd0068992af6ff9689c4f56ea_ClientRMService.java
hadoop,/hdd/dj/testSmellDetection/data/hadoop/4_18_2017_TO_10_18_2017//files//218_323b76bccfa153ef5ba52dc14876283d05618739_TestRMServerUtils.java,/hdd/dj/testSmellDetection/data/hadoop/4_18_2017_TO_10_18_2017//files//218_323b76bccfa153ef5ba52dc14876283d05618739_RMServerUtils.java
hadoop,/hdd/dj/testSmellDetection/data/hadoop/4_18_2017_TO_10_18_2017/files/218_a0060cf8eebf558cd0068992af6ff9689c4f56ea_TestRMServerUtils.java,/hdd/dj/testSmellDetection/data/hadoop/4_18_2017_TO_10_18_2017/files/218_a0060cf8eebf558cd0068992af6ff9689c4f56ea_RMServerUtils.java
hadoop,/hdd/dj/testSmellDetection/data/hadoop/4_18_2017_TO_10_18_2017//files//219_323b76bccfa153ef5ba52dc14876283d05618739_TestSchedulerUtils.java,/hdd/dj/testSmellDetection/data/hadoop/4_18_2017_TO_10_18_2017//files//219_323b76bccfa153ef5ba52dc14876283d05618739_SchedulerUtils.java
hadoop,/hdd/dj/testSmellDetection/data/hadoop/4_18_2017_TO_10_18_2017/files/219_a0060cf8eebf558cd0068992af6ff9689c4f56ea_TestSchedulerUtils.java,/hdd/dj/testSmellDetection/data/hadoop/4_18_2017_TO_10_18_2017/files/219_a0060cf8eebf558cd0068992af6ff9689c4f56ea_SchedulerUtils.java
hadoop,/hdd/dj/testSmellDetection/data/hadoop/4_18_2017_TO_10_18_2017//files//220_323b76bccfa153ef5ba52dc14876283d05618739_TestCapacityScheduler.java,/hdd/dj/testSmellDetection/data/hadoop/4_18_2017_TO_10_18_2017//files//220_323b76bccfa153ef5ba52dc14876283d05618739_CapacityScheduler.java
hadoop,/hdd/dj/testSmellDetection/data/hadoop/4_18_2017_TO_10_18_2017/files/220_a0060cf8eebf558cd0068992af6ff9689c4f56ea_TestCapacityScheduler.java,/hdd/dj/testSmellDetection/data/hadoop/4_18_2017_TO_10_18_2017/files/220_a0060cf8eebf558cd0068992af6ff9689c4f56ea_CapacityScheduler.java
hadoop,/hdd/dj/testSmellDetection/data/hadoop/4_18_2017_TO_10_18_2017//files//221_323b76bccfa153ef5ba52dc14876283d05618739_TestAllocationFileLoaderService.java,
hadoop,/hdd/dj/testSmellDetection/data/hadoop/4_18_2017_TO_10_18_2017/files/221_a0060cf8eebf558cd0068992af6ff9689c4f56ea_TestAllocationFileLoaderService.java,
hadoop,/hdd/dj/testSmellDetection/data/hadoop/4_18_2017_TO_10_18_2017//files//222_323b76bccfa153ef5ba52dc14876283d05618739_TestApplicationMasterServiceWithFS.java,
hadoop,/hdd/dj/testSmellDetection/data/hadoop/4_18_2017_TO_10_18_2017/files/222_a0060cf8eebf558cd0068992af6ff9689c4f56ea_TestApplicationMasterServiceWithFS.java,
hadoop,/hdd/dj/testSmellDetection/data/hadoop/4_18_2017_TO_10_18_2017//files//223_323b76bccfa153ef5ba52dc14876283d05618739_TestFairScheduler.java,/hdd/dj/testSmellDetection/data/hadoop/4_18_2017_TO_10_18_2017//files//223_323b76bccfa153ef5ba52dc14876283d05618739_FairScheduler.java
hadoop,/hdd/dj/testSmellDetection/data/hadoop/4_18_2017_TO_10_18_2017/files/223_a0060cf8eebf558cd0068992af6ff9689c4f56ea_TestFairScheduler.java,/hdd/dj/testSmellDetection/data/hadoop/4_18_2017_TO_10_18_2017/files/223_a0060cf8eebf558cd0068992af6ff9689c4f56ea_FairScheduler.java
hadoop,/hdd/dj/testSmellDetection/data/hadoop/4_18_2017_TO_10_18_2017//files//224_cd280514b84e8a2915f274883a07f152b772ebad_TestContainerCleanup.java,
hadoop,/hdd/dj/testSmellDetection/data/hadoop/4_18_2017_TO_10_18_2017/files/224_5ce70e1211e624d58e8bb1181aec00729ebdc085_TestContainerCleanup.java,/hdd/dj/testSmellDetection/data/hadoop/4_18_2017_TO_10_18_2017/files/224_5ce70e1211e624d58e8bb1181aec00729ebdc085_ContainerCleanup.java
hadoop,/hdd/dj/testSmellDetection/data/hadoop/4_18_2017_TO_10_18_2017//files//225_cd280514b84e8a2915f274883a07f152b772ebad_TestContainersLauncher.java,/hdd/dj/testSmellDetection/data/hadoop/4_18_2017_TO_10_18_2017//files//225_cd280514b84e8a2915f274883a07f152b772ebad_ContainersLauncher.java
hadoop,/hdd/dj/testSmellDetection/data/hadoop/4_18_2017_TO_10_18_2017/files/225_5ce70e1211e624d58e8bb1181aec00729ebdc085_TestContainersLauncher.java,/hdd/dj/testSmellDetection/data/hadoop/4_18_2017_TO_10_18_2017/files/225_5ce70e1211e624d58e8bb1181aec00729ebdc085_ContainersLauncher.java
hadoop,/hdd/dj/testSmellDetection/data/hadoop/4_18_2017_TO_10_18_2017//files//226_5f97c0cd7657cdeb6196b6f2c83e44990044f52f_TestContainerCleanup.java,
hadoop,/hdd/dj/testSmellDetection/data/hadoop/4_18_2017_TO_10_18_2017/files/226_145c7aa663bcc55e7f354fe4ae12110650eb4c42_TestContainerCleanup.java,/hdd/dj/testSmellDetection/data/hadoop/4_18_2017_TO_10_18_2017/files/226_145c7aa663bcc55e7f354fe4ae12110650eb4c42_ContainerCleanup.java
hadoop,/hdd/dj/testSmellDetection/data/hadoop/4_18_2017_TO_10_18_2017//files//227_5f97c0cd7657cdeb6196b6f2c83e44990044f52f_TestContainersLauncher.java,/hdd/dj/testSmellDetection/data/hadoop/4_18_2017_TO_10_18_2017//files//227_5f97c0cd7657cdeb6196b6f2c83e44990044f52f_ContainersLauncher.java
hadoop,/hdd/dj/testSmellDetection/data/hadoop/4_18_2017_TO_10_18_2017/files/227_145c7aa663bcc55e7f354fe4ae12110650eb4c42_TestContainersLauncher.java,/hdd/dj/testSmellDetection/data/hadoop/4_18_2017_TO_10_18_2017/files/227_145c7aa663bcc55e7f354fe4ae12110650eb4c42_ContainersLauncher.java
hadoop,/hdd/dj/testSmellDetection/data/hadoop/4_18_2017_TO_10_18_2017//files//228_90552b1ea8380c1155f7000bd9e4c23e709e6970_TestDFSClientRetries.java,
hadoop,/hdd/dj/testSmellDetection/data/hadoop/4_18_2017_TO_10_18_2017/files/228_10185d9a77ce07080588f3c77399a07cd7ccf427_TestDFSClientRetries.java,
hadoop,/hdd/dj/testSmellDetection/data/hadoop/4_18_2017_TO_10_18_2017//files//229_90552b1ea8380c1155f7000bd9e4c23e709e6970_TestHdfsConfigFields.java,
hadoop,/hdd/dj/testSmellDetection/data/hadoop/4_18_2017_TO_10_18_2017/files/229_10185d9a77ce07080588f3c77399a07cd7ccf427_TestHdfsConfigFields.java,
hadoop,/hdd/dj/testSmellDetection/data/hadoop/4_18_2017_TO_10_18_2017//files//230_cdc4350718055189fef8c70e31314607001d4009_TestWebHDFS.java,/hdd/dj/testSmellDetection/data/hadoop/4_18_2017_TO_10_18_2017//files//230_cdc4350718055189fef8c70e31314607001d4009_WebHdfs.java
hadoop,/hdd/dj/testSmellDetection/data/hadoop/4_18_2017_TO_10_18_2017/files/230_3ead525c71cba068e7abf1c76ad629bfeec10852_TestWebHDFS.java,/hdd/dj/testSmellDetection/data/hadoop/4_18_2017_TO_10_18_2017/files/230_3ead525c71cba068e7abf1c76ad629bfeec10852_WebHdfs.java
hadoop,/hdd/dj/testSmellDetection/data/hadoop/4_18_2017_TO_10_18_2017//files//231_1ee09906cebd0a5d5ce986346ff96b8810036e8c_TestWebHDFS.java,/hdd/dj/testSmellDetection/data/hadoop/4_18_2017_TO_10_18_2017//files//231_1ee09906cebd0a5d5ce986346ff96b8810036e8c_WebHdfs.java
hadoop,/hdd/dj/testSmellDetection/data/hadoop/4_18_2017_TO_10_18_2017/files/231_966d94ea2f6f57d8151a7a0a64af6e4e142fcbfb_TestWebHDFS.java,/hdd/dj/testSmellDetection/data/hadoop/4_18_2017_TO_10_18_2017/files/231_966d94ea2f6f57d8151a7a0a64af6e4e142fcbfb_WebHdfs.java
hadoop,/hdd/dj/testSmellDetection/data/hadoop/4_18_2017_TO_10_18_2017//files//232_3ead525c71cba068e7abf1c76ad629bfeec10852_TestDFSInotifyEventInputStream.java,/hdd/dj/testSmellDetection/data/hadoop/4_18_2017_TO_10_18_2017//files//232_3ead525c71cba068e7abf1c76ad629bfeec10852_DFSInotifyEventInputStream.java
hadoop,/hdd/dj/testSmellDetection/data/hadoop/4_18_2017_TO_10_18_2017/files/232_bf3d591f0cb0fedeab5d89cc8d2270d3b9a70313_TestDFSInotifyEventInputStream.java,/hdd/dj/testSmellDetection/data/hadoop/4_18_2017_TO_10_18_2017/files/232_bf3d591f0cb0fedeab5d89cc8d2270d3b9a70313_DFSInotifyEventInputStream.java
hadoop,/hdd/dj/testSmellDetection/data/hadoop/4_18_2017_TO_10_18_2017//files//233_966d94ea2f6f57d8151a7a0a64af6e4e142fcbfb_TestDFSInotifyEventInputStream.java,/hdd/dj/testSmellDetection/data/hadoop/4_18_2017_TO_10_18_2017//files//233_966d94ea2f6f57d8151a7a0a64af6e4e142fcbfb_DFSInotifyEventInputStream.java
hadoop,/hdd/dj/testSmellDetection/data/hadoop/4_18_2017_TO_10_18_2017/files/233_90a9837c9dd3e3a4b6631916ae3dab7c3745b9a7_TestDFSInotifyEventInputStream.java,/hdd/dj/testSmellDetection/data/hadoop/4_18_2017_TO_10_18_2017/files/233_90a9837c9dd3e3a4b6631916ae3dab7c3745b9a7_DFSInotifyEventInputStream.java
