cassandra,/hdd/dj/testSmellDetection/data/cassandra/2017-03-20_TO_2017-09-20//files//0_1dcb3131a4d7417634551456f1fe3f519fa17fd0_SecondaryIndexTest.java,
cassandra,/hdd/dj/testSmellDetection/data/cassandra/2017-03-20_TO_2017-09-20/files/0_0eebc6e6b7cd7fc801579e57701608e7bf155ee0_SecondaryIndexTest.java,
cassandra,/hdd/dj/testSmellDetection/data/cassandra/2017-03-20_TO_2017-09-20//files//1_1dcb3131a4d7417634551456f1fe3f519fa17fd0_SelectTest.java,
cassandra,/hdd/dj/testSmellDetection/data/cassandra/2017-03-20_TO_2017-09-20/files/1_0eebc6e6b7cd7fc801579e57701608e7bf155ee0_SelectTest.java,
cassandra,/hdd/dj/testSmellDetection/data/cassandra/2017-03-20_TO_2017-09-20//files//2_2836a644a357c0992ba89622f04668422ce2761a_DeleteTest.java,
cassandra,/hdd/dj/testSmellDetection/data/cassandra/2017-03-20_TO_2017-09-20/files/2_f53e502c3c484481a296d9fdbff5fde4b709a9fc_DeleteTest.java,
cassandra,/hdd/dj/testSmellDetection/data/cassandra/2017-03-20_TO_2017-09-20//files//3_3e95c5b0c574383e7da9a5e152b7be8aa122af9f_DeleteTest.java,
cassandra,/hdd/dj/testSmellDetection/data/cassandra/2017-03-20_TO_2017-09-20/files/3_a85eeefe88eb036a9cd9fa85a1c8c31c2bfad78a_DeleteTest.java,
cassandra,/hdd/dj/testSmellDetection/data/cassandra/2017-03-20_TO_2017-09-20//files//4_a85eeefe88eb036a9cd9fa85a1c8c31c2bfad78a_SecondaryIndexTest.java,
cassandra,/hdd/dj/testSmellDetection/data/cassandra/2017-03-20_TO_2017-09-20/files/4_82d3cdcd6cfeff043c92ea7a060498942130feb5_SecondaryIndexTest.java,
cassandra,/hdd/dj/testSmellDetection/data/cassandra/2017-03-20_TO_2017-09-20//files//5_a85eeefe88eb036a9cd9fa85a1c8c31c2bfad78a_SelectSingleColumnRelationTest.java,
cassandra,/hdd/dj/testSmellDetection/data/cassandra/2017-03-20_TO_2017-09-20/files/5_82d3cdcd6cfeff043c92ea7a060498942130feb5_SelectSingleColumnRelationTest.java,
cassandra,/hdd/dj/testSmellDetection/data/cassandra/2017-03-20_TO_2017-09-20//files//6_a10b8079ef713d2ee59fb4af27f65c148d68d900_CipherFactoryTest.java,
cassandra,/hdd/dj/testSmellDetection/data/cassandra/2017-03-20_TO_2017-09-20/files/6_ee7023e324cdd3b3442b04ad4b0b1f4b33921d35_CipherFactoryTest.java,
cassandra,/hdd/dj/testSmellDetection/data/cassandra/2017-03-20_TO_2017-09-20//files//7_60e2e982656e9ba495107ffe8f338223e1196b4a_DatabaseDescriptorRefTest.java,
cassandra,/hdd/dj/testSmellDetection/data/cassandra/2017-03-20_TO_2017-09-20/files/7_732d1af866b91e5ba63e7e2a467d99d4cb90e11f_DatabaseDescriptorRefTest.java,
cassandra,/hdd/dj/testSmellDetection/data/cassandra/2017-03-20_TO_2017-09-20/files/8_732d1af866b91e5ba63e7e2a467d99d4cb90e11f_ReconnectableSnitchHelperTest.java,
cassandra,/hdd/dj/testSmellDetection/data/cassandra/2017-03-20_TO_2017-09-20//files//9_60e2e982656e9ba495107ffe8f338223e1196b4a_MessagingServiceTest.java,
cassandra,/hdd/dj/testSmellDetection/data/cassandra/2017-03-20_TO_2017-09-20/files/9_732d1af866b91e5ba63e7e2a467d99d4cb90e11f_MessagingServiceTest.java,
cassandra,/hdd/dj/testSmellDetection/data/cassandra/2017-03-20_TO_2017-09-20//files//10_631162271c9bbaca6b48dc4e2223dbba97bf51d4_AlterTest.java,
cassandra,/hdd/dj/testSmellDetection/data/cassandra/2017-03-20_TO_2017-09-20/files/10_5262bb17b46fc8c02f9f836ddf9317d0de2698cd_AlterTest.java,
cassandra,/hdd/dj/testSmellDetection/data/cassandra/2017-03-20_TO_2017-09-20//files//11_52fc62f18f01336f9412509a7924b92278fe33df_CassandraIndexTest.java,
cassandra,/hdd/dj/testSmellDetection/data/cassandra/2017-03-20_TO_2017-09-20/files/11_41befde2273724e2070a28cd6c47a407e3e4426a_CassandraIndexTest.java,
cassandra,/hdd/dj/testSmellDetection/data/cassandra/2017-03-20_TO_2017-09-20//files//12_9b8692c6a4c75b7df29a58b5d3d1d1ee5cb0c3a4_LegacySchemaMigratorTest.java,
cassandra,/hdd/dj/testSmellDetection/data/cassandra/2017-03-20_TO_2017-09-20/files/12_6edc26824747b204fefc31478db833667d5d5892_LegacySchemaMigratorTest.java,
cassandra,/hdd/dj/testSmellDetection/data/cassandra/2017-03-20_TO_2017-09-20//files//13_6edc26824747b204fefc31478db833667d5d5892_OldFormatDeserializerTest.java,
cassandra,/hdd/dj/testSmellDetection/data/cassandra/2017-03-20_TO_2017-09-20/files/13_451fe9d8ac567942f62852f542d28d7d1116f1a1_OldFormatDeserializerTest.java,
cassandra,/hdd/dj/testSmellDetection/data/cassandra/2017-03-20_TO_2017-09-20//files//14_07795f1016970ac519503293883c1f7013f3f48a_AlterTest.java,
cassandra,/hdd/dj/testSmellDetection/data/cassandra/2017-03-20_TO_2017-09-20/files/14_b953f9eb2a3a1ba992fbb561b1e35531607739f3_AlterTest.java,
cassandra,/hdd/dj/testSmellDetection/data/cassandra/2017-03-20_TO_2017-09-20//files//15_07795f1016970ac519503293883c1f7013f3f48a_CreateTest.java,
cassandra,/hdd/dj/testSmellDetection/data/cassandra/2017-03-20_TO_2017-09-20/files/15_b953f9eb2a3a1ba992fbb561b1e35531607739f3_CreateTest.java,
cassandra,/hdd/dj/testSmellDetection/data/cassandra/2017-03-20_TO_2017-09-20//files//16_451fe9d8ac567942f62852f542d28d7d1116f1a1_SystemKeyspaceTest.java,
cassandra,/hdd/dj/testSmellDetection/data/cassandra/2017-03-20_TO_2017-09-20/files/16_849f8cd6162c4850d64581a2c4a542c677e43e0a_SystemKeyspaceTest.java,
cassandra,/hdd/dj/testSmellDetection/data/cassandra/2017-03-20_TO_2017-09-20//files//17_0b1675d43d1cf141c5a2f891fd93cbf1bfcf1586_KeyspaceTest.java,
cassandra,/hdd/dj/testSmellDetection/data/cassandra/2017-03-20_TO_2017-09-20/files/17_81b8895151742668ff5035960612d8c4325a1761_KeyspaceTest.java,
cassandra,/hdd/dj/testSmellDetection/data/cassandra/2017-03-20_TO_2017-09-20//files//18_bb4c5c3c4adf4c76e53fed297036489cee1a2768_DatabaseDescriptorRefTest.java,
cassandra,/hdd/dj/testSmellDetection/data/cassandra/2017-03-20_TO_2017-09-20/files/18_6f647aaa0df6f90ee298d372e624c9e3c1ae937e_DatabaseDescriptorRefTest.java,
cassandra,/hdd/dj/testSmellDetection/data/cassandra/2017-03-20_TO_2017-09-20/files/19_6f647aaa0df6f90ee298d372e624c9e3c1ae937e_WriteResponseHandlerTest.java,
cassandra,/hdd/dj/testSmellDetection/data/cassandra/2017-03-20_TO_2017-09-20//files//20_add855ae177d28d02f1172fb0070ef487237ead5_LegacyJMXProgressSupportTest.java,
cassandra,/hdd/dj/testSmellDetection/data/cassandra/2017-03-20_TO_2017-09-20//files//21_5978f9d5f719455ceb79d5f077cdd1b72b4e1876_CompactionsCQLTest.java,
cassandra,/hdd/dj/testSmellDetection/data/cassandra/2017-03-20_TO_2017-09-20/files/21_e5a5fb96c3cc19ceeb3ad9303dc1db7b1b506a1f_CompactionsCQLTest.java,
cassandra,/hdd/dj/testSmellDetection/data/cassandra/2017-03-20_TO_2017-09-20/files/22_2c6924b561ddf0b0df9315946b21260d6e27fdb9_ReadExecutorTest.java,
cassandra,/hdd/dj/testSmellDetection/data/cassandra/2017-03-20_TO_2017-09-20//files//23_2c6924b561ddf0b0df9315946b21260d6e27fdb9_CollectionsTest.java,
cassandra,/hdd/dj/testSmellDetection/data/cassandra/2017-03-20_TO_2017-09-20/files/23_f87ec773fe1c698d738e9735f6e8ee513c2ba510_CollectionsTest.java,
cassandra,/hdd/dj/testSmellDetection/data/cassandra/2017-03-20_TO_2017-09-20//files//24_2c6924b561ddf0b0df9315946b21260d6e27fdb9_TupleTypeTest.java,
cassandra,/hdd/dj/testSmellDetection/data/cassandra/2017-03-20_TO_2017-09-20/files/24_f87ec773fe1c698d738e9735f6e8ee513c2ba510_TupleTypeTest.java,
cassandra,/hdd/dj/testSmellDetection/data/cassandra/2017-03-20_TO_2017-09-20//files//25_462b9cf63bf986671f8a080ef1802f0c27e7c772_CassandraIndexTest.java,
cassandra,/hdd/dj/testSmellDetection/data/cassandra/2017-03-20_TO_2017-09-20/files/25_828ca7cc925de90c3883e935c66f7beec6fa9113_CassandraIndexTest.java,
cassandra,/hdd/dj/testSmellDetection/data/cassandra/2017-03-20_TO_2017-09-20//files//26_828ca7cc925de90c3883e935c66f7beec6fa9113_ViewTest.java,
cassandra,/hdd/dj/testSmellDetection/data/cassandra/2017-03-20_TO_2017-09-20/files/26_2f1ab4a4248ac24c890e195cd5714ca54510c19a_ViewTest.java,
cassandra,/hdd/dj/testSmellDetection/data/cassandra/2017-03-20_TO_2017-09-20//files//27_449400be30a591a69499f2f81dedefdbe0e14785_ViewTest.java,
cassandra,/hdd/dj/testSmellDetection/data/cassandra/2017-03-20_TO_2017-09-20/files/27_be96c2840b0a6b269e22bde246b84e8ef4aeef69_ViewTest.java,
cassandra,/hdd/dj/testSmellDetection/data/cassandra/2017-03-20_TO_2017-09-20//files//28_4d15f2d065649c62b55625f739f61eadb0fac174_AbstractPendingRepairTest.java,
cassandra,/hdd/dj/testSmellDetection/data/cassandra/2017-03-20_TO_2017-09-20/files/28_30820eacb9c565d06260031260910f020e16e83d_AbstractPendingRepairTest.java,
cassandra,/hdd/dj/testSmellDetection/data/cassandra/2017-03-20_TO_2017-09-20//files//29_4d15f2d065649c62b55625f739f61eadb0fac174_CompactionStrategyManagerPendingRepairTest.java,
cassandra,/hdd/dj/testSmellDetection/data/cassandra/2017-03-20_TO_2017-09-20/files/29_30820eacb9c565d06260031260910f020e16e83d_CompactionStrategyManagerPendingRepairTest.java,
cassandra,/hdd/dj/testSmellDetection/data/cassandra/2017-03-20_TO_2017-09-20//files//30_4d15f2d065649c62b55625f739f61eadb0fac174_PendingRepairManagerTest.java,
cassandra,/hdd/dj/testSmellDetection/data/cassandra/2017-03-20_TO_2017-09-20/files/30_30820eacb9c565d06260031260910f020e16e83d_PendingRepairManagerTest.java,
cassandra,/hdd/dj/testSmellDetection/data/cassandra/2017-03-20_TO_2017-09-20//files//31_30820eacb9c565d06260031260910f020e16e83d_BootStrapperTest.java,
cassandra,/hdd/dj/testSmellDetection/data/cassandra/2017-03-20_TO_2017-09-20/files/31_c794d2bed7ca1d10e13c4da08a3d45f5c755c1d8_BootStrapperTest.java,
cassandra,/hdd/dj/testSmellDetection/data/cassandra/2017-03-20_TO_2017-09-20//files//32_30820eacb9c565d06260031260910f020e16e83d_LegacySSTableTest.java,
cassandra,/hdd/dj/testSmellDetection/data/cassandra/2017-03-20_TO_2017-09-20/files/32_c794d2bed7ca1d10e13c4da08a3d45f5c755c1d8_LegacySSTableTest.java,
cassandra,/hdd/dj/testSmellDetection/data/cassandra/2017-03-20_TO_2017-09-20/files/33_c794d2bed7ca1d10e13c4da08a3d45f5c755c1d8_StreamOperationTest.java,
cassandra,/hdd/dj/testSmellDetection/data/cassandra/2017-03-20_TO_2017-09-20//files//34_30820eacb9c565d06260031260910f020e16e83d_StreamTransferTaskTest.java,
cassandra,/hdd/dj/testSmellDetection/data/cassandra/2017-03-20_TO_2017-09-20/files/34_c794d2bed7ca1d10e13c4da08a3d45f5c755c1d8_StreamTransferTaskTest.java,
cassandra,/hdd/dj/testSmellDetection/data/cassandra/2017-03-20_TO_2017-09-20//files//35_30820eacb9c565d06260031260910f020e16e83d_StreamingTransferTest.java,
cassandra,/hdd/dj/testSmellDetection/data/cassandra/2017-03-20_TO_2017-09-20/files/35_c794d2bed7ca1d10e13c4da08a3d45f5c755c1d8_StreamingTransferTest.java,
cassandra,/hdd/dj/testSmellDetection/data/cassandra/2017-03-20_TO_2017-09-20//files//36_b021a1ba55c862eb237a0944e9e1092cfc36f4ef_SecondaryIndexTest.java,
cassandra,/hdd/dj/testSmellDetection/data/cassandra/2017-03-20_TO_2017-09-20/files/36_64d8a1d9fdacf3e7396cdf2f5c61171c1c9bccf2_SecondaryIndexTest.java,
cassandra,/hdd/dj/testSmellDetection/data/cassandra/2017-03-20_TO_2017-09-20//files//37_5f54d42107b0e0ece0ebb94a285cd7957b608523_SASIIndexTest.java,
cassandra,/hdd/dj/testSmellDetection/data/cassandra/2017-03-20_TO_2017-09-20/files/37_317a3ed6271f02b6e942937882ff75a503b93f8a_SASIIndexTest.java,
cassandra,/hdd/dj/testSmellDetection/data/cassandra/2017-03-20_TO_2017-09-20//files//38_833c993b8e604046179067e663f963dcf4c4a2ca_DeleteTest.java,
cassandra,/hdd/dj/testSmellDetection/data/cassandra/2017-03-20_TO_2017-09-20/files/38_2d6fd782465395d54d8958e2da8a5c8744a81942_DeleteTest.java,
cassandra,/hdd/dj/testSmellDetection/data/cassandra/2017-03-20_TO_2017-09-20//files//39_833c993b8e604046179067e663f963dcf4c4a2ca_PartitionImplementationTest.java,
cassandra,/hdd/dj/testSmellDetection/data/cassandra/2017-03-20_TO_2017-09-20/files/39_2d6fd782465395d54d8958e2da8a5c8744a81942_PartitionImplementationTest.java,
cassandra,/hdd/dj/testSmellDetection/data/cassandra/2017-03-20_TO_2017-09-20//files//40_58e8008a50ed9fddf87e92b2199894ce11156f2a_DeleteTest.java,
cassandra,/hdd/dj/testSmellDetection/data/cassandra/2017-03-20_TO_2017-09-20/files/40_5e130209d38cd7e483d025d798895afe21f2a6bd_DeleteTest.java,
cassandra,/hdd/dj/testSmellDetection/data/cassandra/2017-03-20_TO_2017-09-20//files//41_58e8008a50ed9fddf87e92b2199894ce11156f2a_PartitionImplementationTest.java,
cassandra,/hdd/dj/testSmellDetection/data/cassandra/2017-03-20_TO_2017-09-20/files/41_5e130209d38cd7e483d025d798895afe21f2a6bd_PartitionImplementationTest.java,
cassandra,/hdd/dj/testSmellDetection/data/cassandra/2017-03-20_TO_2017-09-20/files/42_1096f9f5e77ff7b17cc7f9fe5aba008834899251_GCInspectorTest.java,
cassandra,/hdd/dj/testSmellDetection/data/cassandra/2017-03-20_TO_2017-09-20//files//43_1096f9f5e77ff7b17cc7f9fe5aba008834899251_MessagePayloadTest.java,
cassandra,/hdd/dj/testSmellDetection/data/cassandra/2017-03-20_TO_2017-09-20/files/43_1f533260a01552790aff0f5f2f8f2f0aee8dbf10_MessagePayloadTest.java,
cassandra,/hdd/dj/testSmellDetection/data/cassandra/2017-03-20_TO_2017-09-20//files//44_1096f9f5e77ff7b17cc7f9fe5aba008834899251_SerDeserTest.java,
cassandra,/hdd/dj/testSmellDetection/data/cassandra/2017-03-20_TO_2017-09-20/files/44_1f533260a01552790aff0f5f2f8f2f0aee8dbf10_SerDeserTest.java,
cassandra,/hdd/dj/testSmellDetection/data/cassandra/2017-03-20_TO_2017-09-20//files//45_02ded019475efdd1331ac908c33dd05d42ba9368_GCInspectorTest.java,
cassandra,/hdd/dj/testSmellDetection/data/cassandra/2017-03-20_TO_2017-09-20/files/45_8a6fc4e2ac8012ae2d3e4abf6c6502cbeda5159c_GCInspectorTest.java,
cassandra,/hdd/dj/testSmellDetection/data/cassandra/2017-03-20_TO_2017-09-20//files//46_8a6fc4e2ac8012ae2d3e4abf6c6502cbeda5159c_MetadataSerializerTest.java,
cassandra,/hdd/dj/testSmellDetection/data/cassandra/2017-03-20_TO_2017-09-20/files/46_82668ff7524fd060288d7b57e73003500bd5dd5a_MetadataSerializerTest.java,
cassandra,/hdd/dj/testSmellDetection/data/cassandra/2017-03-20_TO_2017-09-20//files//47_5089e74ef4a0eaeb1c439d57f074de1c496421f2_CassandraIndexTest.java,
cassandra,/hdd/dj/testSmellDetection/data/cassandra/2017-03-20_TO_2017-09-20/files/47_e5c2a1839f2cdf16771dcba726f862e61fda8d4f_CassandraIndexTest.java,
cassandra,/hdd/dj/testSmellDetection/data/cassandra/2017-03-20_TO_2017-09-20//files//48_590e1512a9751c437b170d03da9428d18b152def_RemoveTest.java,
cassandra,/hdd/dj/testSmellDetection/data/cassandra/2017-03-20_TO_2017-09-20/files/48_31590f5da10de8bbcf36d19617ced02b37be2a57_RemoveTest.java,
cassandra,/hdd/dj/testSmellDetection/data/cassandra/2017-03-20_TO_2017-09-20//files//49_50ba850beb573ae4aa62ac46e645ce48413815ce_StreamStateStoreTest.java,
cassandra,/hdd/dj/testSmellDetection/data/cassandra/2017-03-20_TO_2017-09-20/files/49_9308159bc87d29c33e64dbcfcefa948d7f5643dd_StreamStateStoreTest.java,
cassandra,/hdd/dj/testSmellDetection/data/cassandra/2017-03-20_TO_2017-09-20//files//50_50ba850beb573ae4aa62ac46e645ce48413815ce_LegacySSTableTest.java,
cassandra,/hdd/dj/testSmellDetection/data/cassandra/2017-03-20_TO_2017-09-20/files/50_9308159bc87d29c33e64dbcfcefa948d7f5643dd_LegacySSTableTest.java,
cassandra,/hdd/dj/testSmellDetection/data/cassandra/2017-03-20_TO_2017-09-20//files//51_50ba850beb573ae4aa62ac46e645ce48413815ce_SSTableRewriterTest.java,
cassandra,/hdd/dj/testSmellDetection/data/cassandra/2017-03-20_TO_2017-09-20/files/51_9308159bc87d29c33e64dbcfcefa948d7f5643dd_SSTableRewriterTest.java,
cassandra,/hdd/dj/testSmellDetection/data/cassandra/2017-03-20_TO_2017-09-20//files//52_50ba850beb573ae4aa62ac46e645ce48413815ce_LocalSyncTaskTest.java,
cassandra,/hdd/dj/testSmellDetection/data/cassandra/2017-03-20_TO_2017-09-20/files/52_9308159bc87d29c33e64dbcfcefa948d7f5643dd_LocalSyncTaskTest.java,
cassandra,/hdd/dj/testSmellDetection/data/cassandra/2017-03-20_TO_2017-09-20//files//53_50ba850beb573ae4aa62ac46e645ce48413815ce_RepairSessionTest.java,
cassandra,/hdd/dj/testSmellDetection/data/cassandra/2017-03-20_TO_2017-09-20/files/53_9308159bc87d29c33e64dbcfcefa948d7f5643dd_RepairSessionTest.java,
cassandra,/hdd/dj/testSmellDetection/data/cassandra/2017-03-20_TO_2017-09-20//files//54_50ba850beb573ae4aa62ac46e645ce48413815ce_StreamingRepairTaskTest.java,
cassandra,/hdd/dj/testSmellDetection/data/cassandra/2017-03-20_TO_2017-09-20/files/54_9308159bc87d29c33e64dbcfcefa948d7f5643dd_StreamingRepairTaskTest.java,
cassandra,/hdd/dj/testSmellDetection/data/cassandra/2017-03-20_TO_2017-09-20//files//55_50ba850beb573ae4aa62ac46e645ce48413815ce_StreamSessionTest.java,
cassandra,/hdd/dj/testSmellDetection/data/cassandra/2017-03-20_TO_2017-09-20/files/55_9308159bc87d29c33e64dbcfcefa948d7f5643dd_StreamSessionTest.java,
cassandra,/hdd/dj/testSmellDetection/data/cassandra/2017-03-20_TO_2017-09-20//files//56_50ba850beb573ae4aa62ac46e645ce48413815ce_StreamTransferTaskTest.java,
cassandra,/hdd/dj/testSmellDetection/data/cassandra/2017-03-20_TO_2017-09-20/files/56_9308159bc87d29c33e64dbcfcefa948d7f5643dd_StreamTransferTaskTest.java,
cassandra,/hdd/dj/testSmellDetection/data/cassandra/2017-03-20_TO_2017-09-20//files//57_50ba850beb573ae4aa62ac46e645ce48413815ce_StreamingTransferTest.java,
cassandra,/hdd/dj/testSmellDetection/data/cassandra/2017-03-20_TO_2017-09-20/files/57_9308159bc87d29c33e64dbcfcefa948d7f5643dd_StreamingTransferTest.java,
cassandra,/hdd/dj/testSmellDetection/data/cassandra/2017-03-20_TO_2017-09-20//files//58_ba9beea9db45268e9e7ba80b2bc719788e6a718e_TracingTest.java,
cassandra,/hdd/dj/testSmellDetection/data/cassandra/2017-03-20_TO_2017-09-20/files/58_44eb797ad7028fe7b4fcd49800162db7c5c87cdc_TracingTest.java,
cassandra,/hdd/dj/testSmellDetection/data/cassandra/2017-03-20_TO_2017-09-20//files//59_1e20d9513073194b02c2cd5c324f118d38e16f19_CompactionManagerGetSSTablesForValidationTest.java,
cassandra,/hdd/dj/testSmellDetection/data/cassandra/2017-03-20_TO_2017-09-20/files/59_4cfaf855c404256a9dd281d5066cc076232d72ff_CompactionManagerGetSSTablesForValidationTest.java,
cassandra,/hdd/dj/testSmellDetection/data/cassandra/2017-03-20_TO_2017-09-20//files//60_1e20d9513073194b02c2cd5c324f118d38e16f19_LeveledCompactionStrategyTest.java,
cassandra,/hdd/dj/testSmellDetection/data/cassandra/2017-03-20_TO_2017-09-20/files/60_4cfaf855c404256a9dd281d5066cc076232d72ff_LeveledCompactionStrategyTest.java,
cassandra,/hdd/dj/testSmellDetection/data/cassandra/2017-03-20_TO_2017-09-20//files//61_1e20d9513073194b02c2cd5c324f118d38e16f19_StreamStateStoreTest.java,
cassandra,/hdd/dj/testSmellDetection/data/cassandra/2017-03-20_TO_2017-09-20/files/61_4cfaf855c404256a9dd281d5066cc076232d72ff_StreamStateStoreTest.java,
cassandra,/hdd/dj/testSmellDetection/data/cassandra/2017-03-20_TO_2017-09-20//files//62_1e20d9513073194b02c2cd5c324f118d38e16f19_SSTableRewriterTest.java,
cassandra,/hdd/dj/testSmellDetection/data/cassandra/2017-03-20_TO_2017-09-20/files/62_4cfaf855c404256a9dd281d5066cc076232d72ff_SSTableRewriterTest.java,
cassandra,/hdd/dj/testSmellDetection/data/cassandra/2017-03-20_TO_2017-09-20//files//63_1e20d9513073194b02c2cd5c324f118d38e16f19_AbstractRepairTest.java,
cassandra,/hdd/dj/testSmellDetection/data/cassandra/2017-03-20_TO_2017-09-20/files/63_4cfaf855c404256a9dd281d5066cc076232d72ff_AbstractRepairTest.java,
cassandra,/hdd/dj/testSmellDetection/data/cassandra/2017-03-20_TO_2017-09-20//files//64_1e20d9513073194b02c2cd5c324f118d38e16f19_LocalSyncTaskTest.java,
cassandra,/hdd/dj/testSmellDetection/data/cassandra/2017-03-20_TO_2017-09-20/files/64_4cfaf855c404256a9dd281d5066cc076232d72ff_LocalSyncTaskTest.java,
cassandra,/hdd/dj/testSmellDetection/data/cassandra/2017-03-20_TO_2017-09-20//files//65_1e20d9513073194b02c2cd5c324f118d38e16f19_RepairSessionTest.java,
cassandra,/hdd/dj/testSmellDetection/data/cassandra/2017-03-20_TO_2017-09-20/files/65_4cfaf855c404256a9dd281d5066cc076232d72ff_RepairSessionTest.java,
cassandra,/hdd/dj/testSmellDetection/data/cassandra/2017-03-20_TO_2017-09-20//files//66_1e20d9513073194b02c2cd5c324f118d38e16f19_StreamingRepairTaskTest.java,
cassandra,/hdd/dj/testSmellDetection/data/cassandra/2017-03-20_TO_2017-09-20/files/66_4cfaf855c404256a9dd281d5066cc076232d72ff_StreamingRepairTaskTest.java,
cassandra,/hdd/dj/testSmellDetection/data/cassandra/2017-03-20_TO_2017-09-20//files//67_1e20d9513073194b02c2cd5c324f118d38e16f19_ValidatorTest.java,
cassandra,/hdd/dj/testSmellDetection/data/cassandra/2017-03-20_TO_2017-09-20/files/67_4cfaf855c404256a9dd281d5066cc076232d72ff_ValidatorTest.java,
cassandra,/hdd/dj/testSmellDetection/data/cassandra/2017-03-20_TO_2017-09-20//files//68_1e20d9513073194b02c2cd5c324f118d38e16f19_AbstractConsistentSessionTest.java,
cassandra,/hdd/dj/testSmellDetection/data/cassandra/2017-03-20_TO_2017-09-20/files/68_4cfaf855c404256a9dd281d5066cc076232d72ff_AbstractConsistentSessionTest.java,
cassandra,/hdd/dj/testSmellDetection/data/cassandra/2017-03-20_TO_2017-09-20//files//69_1e20d9513073194b02c2cd5c324f118d38e16f19_PendingAntiCompactionTest.java,
cassandra,/hdd/dj/testSmellDetection/data/cassandra/2017-03-20_TO_2017-09-20/files/69_4cfaf855c404256a9dd281d5066cc076232d72ff_PendingAntiCompactionTest.java,
cassandra,/hdd/dj/testSmellDetection/data/cassandra/2017-03-20_TO_2017-09-20//files//70_1e20d9513073194b02c2cd5c324f118d38e16f19_RepairMessageSerializationsTest.java,
cassandra,/hdd/dj/testSmellDetection/data/cassandra/2017-03-20_TO_2017-09-20/files/70_4cfaf855c404256a9dd281d5066cc076232d72ff_RepairMessageSerializationsTest.java,
cassandra,/hdd/dj/testSmellDetection/data/cassandra/2017-03-20_TO_2017-09-20//files//71_1e20d9513073194b02c2cd5c324f118d38e16f19_ActiveRepairServiceTest.java,
cassandra,/hdd/dj/testSmellDetection/data/cassandra/2017-03-20_TO_2017-09-20/files/71_4cfaf855c404256a9dd281d5066cc076232d72ff_ActiveRepairServiceTest.java,
cassandra,/hdd/dj/testSmellDetection/data/cassandra/2017-03-20_TO_2017-09-20//files//72_1e20d9513073194b02c2cd5c324f118d38e16f19_SerializationsTest.java,
cassandra,/hdd/dj/testSmellDetection/data/cassandra/2017-03-20_TO_2017-09-20/files/72_4cfaf855c404256a9dd281d5066cc076232d72ff_SerializationsTest.java,
cassandra,/hdd/dj/testSmellDetection/data/cassandra/2017-03-20_TO_2017-09-20//files//73_1e20d9513073194b02c2cd5c324f118d38e16f19_StreamSessionTest.java,
cassandra,/hdd/dj/testSmellDetection/data/cassandra/2017-03-20_TO_2017-09-20/files/73_4cfaf855c404256a9dd281d5066cc076232d72ff_StreamSessionTest.java,
cassandra,/hdd/dj/testSmellDetection/data/cassandra/2017-03-20_TO_2017-09-20//files//74_1e20d9513073194b02c2cd5c324f118d38e16f19_StreamTransferTaskTest.java,
cassandra,/hdd/dj/testSmellDetection/data/cassandra/2017-03-20_TO_2017-09-20/files/74_4cfaf855c404256a9dd281d5066cc076232d72ff_StreamTransferTaskTest.java,
cassandra,/hdd/dj/testSmellDetection/data/cassandra/2017-03-20_TO_2017-09-20//files//75_4cfaf855c404256a9dd281d5066cc076232d72ff_LocalSessionTest.java,
cassandra,/hdd/dj/testSmellDetection/data/cassandra/2017-03-20_TO_2017-09-20/files/75_2381be31404403285948a3097c9ed55e7f901135_LocalSessionTest.java,
cassandra,/hdd/dj/testSmellDetection/data/cassandra/2017-03-20_TO_2017-09-20/files/76_2369faab7959d57c8f6bc1f324de47c5aeaf19b9_CompactionStressTest.java,
cassandra,/hdd/dj/testSmellDetection/data/cassandra/2017-03-20_TO_2017-09-20//files//77_d45cd7e6587098adc53b9fdaa483546eff9c2345_AntiCompactionTest.java,
cassandra,/hdd/dj/testSmellDetection/data/cassandra/2017-03-20_TO_2017-09-20/files/77_2160a3a53c85e20763db1d93ceb0732f0b94257a_AntiCompactionTest.java,
cassandra,/hdd/dj/testSmellDetection/data/cassandra/2017-03-20_TO_2017-09-20//files//78_cba5c7fa8b3d2889ef41bfbf98c9efa1a354dc29_NeverPurgeTest.java,
cassandra,/hdd/dj/testSmellDetection/data/cassandra/2017-03-20_TO_2017-09-20/files/78_bd540bc51fa4d308a23a0f67ec9d65ebeeb72ee5_NeverPurgeTest.java,
cassandra,/hdd/dj/testSmellDetection/data/cassandra/2017-03-20_TO_2017-09-20//files//79_4ef0bf8861ee12f5c7e826298c42fe3ddb29c198_WriteResponseHandlerTest.java,
cassandra,/hdd/dj/testSmellDetection/data/cassandra/2017-03-20_TO_2017-09-20/files/79_d4933a019d8a717029444887f5f8a72d61cedd95_WriteResponseHandlerTest.java,
cassandra,/hdd/dj/testSmellDetection/data/cassandra/2017-03-20_TO_2017-09-20//files//80_6c840c0cd102c2bfc5e09c68673c03356f9a78fb_AggregationTest.java,
cassandra,/hdd/dj/testSmellDetection/data/cassandra/2017-03-20_TO_2017-09-20/files/80_b77e754a0cbaa9225d100a4361c3893c2d481611_AggregationTest.java,
cassandra,/hdd/dj/testSmellDetection/data/cassandra/2017-03-20_TO_2017-09-20/files/81_617c8ebadb6c4df99c35a913184760e82172b1f5_OutboundTcpConnectionTest.java,
cassandra,/hdd/dj/testSmellDetection/data/cassandra/2017-03-20_TO_2017-09-20//files//82_aaf201128764cc27905837c1882800c5ae542769_KeyCacheCqlTest.java,
cassandra,/hdd/dj/testSmellDetection/data/cassandra/2017-03-20_TO_2017-09-20/files/82_cff8dadbe853c43fc53a827fce965d85e30d5de7_KeyCacheCqlTest.java,
cassandra,/hdd/dj/testSmellDetection/data/cassandra/2017-03-20_TO_2017-09-20//files//83_aaf201128764cc27905837c1882800c5ae542769_SecondaryIndexTest.java,
cassandra,/hdd/dj/testSmellDetection/data/cassandra/2017-03-20_TO_2017-09-20/files/83_cff8dadbe853c43fc53a827fce965d85e30d5de7_SecondaryIndexTest.java,
cassandra,/hdd/dj/testSmellDetection/data/cassandra/2017-03-20_TO_2017-09-20//files//84_aaf201128764cc27905837c1882800c5ae542769_CustomIndexTest.java,
cassandra,/hdd/dj/testSmellDetection/data/cassandra/2017-03-20_TO_2017-09-20/files/84_cff8dadbe853c43fc53a827fce965d85e30d5de7_CustomIndexTest.java,
cassandra,/hdd/dj/testSmellDetection/data/cassandra/2017-03-20_TO_2017-09-20//files//85_d56c64a883f70749effc8da11f53e00385a3128a_CqlParserTest.java,
cassandra,/hdd/dj/testSmellDetection/data/cassandra/2017-03-20_TO_2017-09-20/files/85_1a83efe2047d0138725d5e102cc40774f3b14641_CqlParserTest.java,
cassandra,/hdd/dj/testSmellDetection/data/cassandra/2017-03-20_TO_2017-09-20//files//86_d56c64a883f70749effc8da11f53e00385a3128a_AlterTest.java,
cassandra,/hdd/dj/testSmellDetection/data/cassandra/2017-03-20_TO_2017-09-20/files/86_1a83efe2047d0138725d5e102cc40774f3b14641_AlterTest.java,
cassandra,/hdd/dj/testSmellDetection/data/cassandra/2017-03-20_TO_2017-09-20//files//87_d56c64a883f70749effc8da11f53e00385a3128a_CreateTest.java,
cassandra,/hdd/dj/testSmellDetection/data/cassandra/2017-03-20_TO_2017-09-20/files/87_1a83efe2047d0138725d5e102cc40774f3b14641_CreateTest.java,
cassandra,/hdd/dj/testSmellDetection/data/cassandra/2017-03-20_TO_2017-09-20//files//88_1a83efe2047d0138725d5e102cc40774f3b14641_SASIIndexTest.java,
cassandra,/hdd/dj/testSmellDetection/data/cassandra/2017-03-20_TO_2017-09-20/files/88_fbf14a5ebde737eff3b4e6c06ddfb6a4652a6c77_SASIIndexTest.java,
cassandra,/hdd/dj/testSmellDetection/data/cassandra/2017-03-20_TO_2017-09-20//files//89_572fef8a06172bd925c478ec16540e8e28e84bd7_SecondaryIndexTest.java,
cassandra,/hdd/dj/testSmellDetection/data/cassandra/2017-03-20_TO_2017-09-20/files/89_b0db519b79701cecac92a7a2c93101cf17fb928d_SecondaryIndexTest.java,
cassandra,/hdd/dj/testSmellDetection/data/cassandra/2017-03-20_TO_2017-09-20//files//90_619954cd5cd2a4d41a95eef7c95fdca6333fb5d8_SASIIndexTest.java,
cassandra,/hdd/dj/testSmellDetection/data/cassandra/2017-03-20_TO_2017-09-20/files/90_113ba2a533d98f2adb8e2a6bf022891abc382b34_SASIIndexTest.java,
cassandra,/hdd/dj/testSmellDetection/data/cassandra/2017-03-20_TO_2017-09-20//files//91_415d06b1da7062c48e735c1c20ded031fa0349d2_SecondaryIndexTest.java,
cassandra,/hdd/dj/testSmellDetection/data/cassandra/2017-03-20_TO_2017-09-20/files/91_263740daa4c8162a157aa6fbb97793f158d142d1_SecondaryIndexTest.java,
cassandra,/hdd/dj/testSmellDetection/data/cassandra/2017-03-20_TO_2017-09-20//files//92_f33cdcb8aa500fdc21d3ee39d3d08f960fff6a36_CreateTest.java,
cassandra,/hdd/dj/testSmellDetection/data/cassandra/2017-03-20_TO_2017-09-20/files/92_8693357109a6e59117a641e109c3865501e3eee6_CreateTest.java,
cassandra,/hdd/dj/testSmellDetection/data/cassandra/2017-03-20_TO_2017-09-20/files/93_bf911cc6a852f9ef068318a3545611d9daa5112c_RangeFetchMapCalculatorTest.java,
cassandra,/hdd/dj/testSmellDetection/data/cassandra/2017-03-20_TO_2017-09-20//files//94_c2299e6890b65f6042c74e679dd90713917e9062_SelectOrderedPartitionerTest.java,
cassandra,/hdd/dj/testSmellDetection/data/cassandra/2017-03-20_TO_2017-09-20/files/94_f0319c88fd9a0e70cd8900ba7431724285886f9e_SelectOrderedPartitionerTest.java,
cassandra,/hdd/dj/testSmellDetection/data/cassandra/2017-03-20_TO_2017-09-20//files//95_c2299e6890b65f6042c74e679dd90713917e9062_SelectTest.java,
cassandra,/hdd/dj/testSmellDetection/data/cassandra/2017-03-20_TO_2017-09-20/files/95_f0319c88fd9a0e70cd8900ba7431724285886f9e_SelectTest.java,
cassandra,/hdd/dj/testSmellDetection/data/cassandra/2017-03-20_TO_2017-09-20/files/96_9723db27171c014911a8a3f2b0db9454a91dd936_SASICQLTest.java,
cassandra,/hdd/dj/testSmellDetection/data/cassandra/2017-03-20_TO_2017-09-20/files/97_f8159ac5071d53e8bc9c28e3a1eaf3ba798ff287_HintWriteTTLTest.java,
cassandra,/hdd/dj/testSmellDetection/data/cassandra/2017-03-20_TO_2017-09-20//files//98_7db6a3b3cdf784c002a788a3f9e8d61c9691d18d_RepairOptionTest.java,
cassandra,/hdd/dj/testSmellDetection/data/cassandra/2017-03-20_TO_2017-09-20/files/98_38725802456dfcfcc2584cdfd061ac22215c2dfb_RepairOptionTest.java,
cassandra,/hdd/dj/testSmellDetection/data/cassandra/2017-03-20_TO_2017-09-20//files//99_7db6a3b3cdf784c002a788a3f9e8d61c9691d18d_MerkleTreeTest.java,
cassandra,/hdd/dj/testSmellDetection/data/cassandra/2017-03-20_TO_2017-09-20/files/99_38725802456dfcfcc2584cdfd061ac22215c2dfb_MerkleTreeTest.java,
cassandra,/hdd/dj/testSmellDetection/data/cassandra/2017-03-20_TO_2017-09-20//files//100_38725802456dfcfcc2584cdfd061ac22215c2dfb_LegacySSTableTest.java,
cassandra,/hdd/dj/testSmellDetection/data/cassandra/2017-03-20_TO_2017-09-20/files/100_62092e45c8bbb75ac9f680188b3746913602507b_LegacySSTableTest.java,
cassandra,/hdd/dj/testSmellDetection/data/cassandra/2017-03-20_TO_2017-09-20//files//101_62092e45c8bbb75ac9f680188b3746913602507b_ColumnIdentifierTest.java,
cassandra,/hdd/dj/testSmellDetection/data/cassandra/2017-03-20_TO_2017-09-20/files/101_8ffdd26cbee33c5dc1205c0f7292628e1a2c69e3_ColumnIdentifierTest.java,
cassandra,/hdd/dj/testSmellDetection/data/cassandra/2017-03-20_TO_2017-09-20/files/102_e22cb278b63a6ee5f03c7213071d07fd3b198659_SSTablesIteratedTest.java,
cassandra,/hdd/dj/testSmellDetection/data/cassandra/2017-03-20_TO_2017-09-20//files//103_f96a5dc5840c7d1fea99aa450543af8e889c161e_TTLExpiryTest.java,
cassandra,/hdd/dj/testSmellDetection/data/cassandra/2017-03-20_TO_2017-09-20/files/103_e22cb278b63a6ee5f03c7213071d07fd3b198659_TTLExpiryTest.java,
cassandra,/hdd/dj/testSmellDetection/data/cassandra/2017-03-20_TO_2017-09-20//files//104_f96a5dc5840c7d1fea99aa450543af8e889c161e_SSTableCorruptionDetectionTest.java,
cassandra,/hdd/dj/testSmellDetection/data/cassandra/2017-03-20_TO_2017-09-20/files/104_e22cb278b63a6ee5f03c7213071d07fd3b198659_SSTableCorruptionDetectionTest.java,
cassandra,/hdd/dj/testSmellDetection/data/cassandra/2017-03-20_TO_2017-09-20//files//105_f96a5dc5840c7d1fea99aa450543af8e889c161e_SSTableScannerTest.java,
cassandra,/hdd/dj/testSmellDetection/data/cassandra/2017-03-20_TO_2017-09-20/files/105_e22cb278b63a6ee5f03c7213071d07fd3b198659_SSTableScannerTest.java,
cassandra,/hdd/dj/testSmellDetection/data/cassandra/2017-03-20_TO_2017-09-20//files//106_f96a5dc5840c7d1fea99aa450543af8e889c161e_SSTableWriterTest.java,
cassandra,/hdd/dj/testSmellDetection/data/cassandra/2017-03-20_TO_2017-09-20/files/106_e22cb278b63a6ee5f03c7213071d07fd3b198659_SSTableWriterTest.java,
cassandra,/hdd/dj/testSmellDetection/data/cassandra/2017-03-20_TO_2017-09-20//files//107_f96a5dc5840c7d1fea99aa450543af8e889c161e_ClientModeSSTableTest.java,
cassandra,/hdd/dj/testSmellDetection/data/cassandra/2017-03-20_TO_2017-09-20/files/107_e22cb278b63a6ee5f03c7213071d07fd3b198659_ClientModeSSTableTest.java,
cassandra,/hdd/dj/testSmellDetection/data/cassandra/2017-03-20_TO_2017-09-20//files//108_96899bbb60ebba05408c3248e756ed33605e8075_StreamingHistogramTest.java,
cassandra,/hdd/dj/testSmellDetection/data/cassandra/2017-03-20_TO_2017-09-20/files/109_06da35fdda32781e620d5d28c514ee480212a108_StreamingTombstoneHistogramBuilderTest.java,
cassandra,/hdd/dj/testSmellDetection/data/cassandra/2017-03-20_TO_2017-09-20//files//110_06da35fdda32781e620d5d28c514ee480212a108_CollectionsTest.java,
cassandra,/hdd/dj/testSmellDetection/data/cassandra/2017-03-20_TO_2017-09-20/files/110_4ebab66163e136773ae68216585a5c587eba7006_CollectionsTest.java,
cassandra,/hdd/dj/testSmellDetection/data/cassandra/2017-03-20_TO_2017-09-20//files//111_06da35fdda32781e620d5d28c514ee480212a108_StaticColumnsTest.java,
cassandra,/hdd/dj/testSmellDetection/data/cassandra/2017-03-20_TO_2017-09-20/files/111_4ebab66163e136773ae68216585a5c587eba7006_StaticColumnsTest.java,
cassandra,/hdd/dj/testSmellDetection/data/cassandra/2017-03-20_TO_2017-09-20//files//112_06da35fdda32781e620d5d28c514ee480212a108_SelectOrderByTest.java,
cassandra,/hdd/dj/testSmellDetection/data/cassandra/2017-03-20_TO_2017-09-20/files/112_4ebab66163e136773ae68216585a5c587eba7006_SelectOrderByTest.java,
cassandra,/hdd/dj/testSmellDetection/data/cassandra/2017-03-20_TO_2017-09-20//files//113_10397a1bfca96f07eb815cfa81cc2cb745f42cf1_PendingAntiCompactionTest.java,
cassandra,/hdd/dj/testSmellDetection/data/cassandra/2017-03-20_TO_2017-09-20/files/113_ff29d609979aae2c584ec6e6cd370da56945dc18_PendingAntiCompactionTest.java,
cassandra,/hdd/dj/testSmellDetection/data/cassandra/2017-03-20_TO_2017-09-20//files//114_6220108e687e28b05d7cb0bbd254751f51a0f1d7_MessagingServiceTest.java,
cassandra,/hdd/dj/testSmellDetection/data/cassandra/2017-03-20_TO_2017-09-20/files/114_d8fb9349df818659c54d57b2d2c95ebbd0405d49_MessagingServiceTest.java,
cassandra,/hdd/dj/testSmellDetection/data/cassandra/2017-03-20_TO_2017-09-20/files/115_1f54aa424fd8a79089f76951a93560e6bca9d459_ColumnFilterTest.java,
cassandra,/hdd/dj/testSmellDetection/data/cassandra/2017-03-20_TO_2017-09-20//files//116_4c70f32b3b764949281774e972e83a4e869d7ed7_ColumnFilterTest.java,
cassandra,/hdd/dj/testSmellDetection/data/cassandra/2017-03-20_TO_2017-09-20/files/116_6608bea00f4c96a4c587efd4c0b0262aca7e56e1_ColumnFilterTest.java,
cassandra,/hdd/dj/testSmellDetection/data/cassandra/2017-03-20_TO_2017-09-20/files/117_67247394d846cf3463d5441b836a47611ec28656_CompactionsBytemanTest.java,
cassandra,/hdd/dj/testSmellDetection/data/cassandra/2017-03-20_TO_2017-09-20//files//118_a1c6a623a6ac96409069e4f86fddfc2942ec59af_CompactionStrategyManagerPendingRepairTest.java,
cassandra,/hdd/dj/testSmellDetection/data/cassandra/2017-03-20_TO_2017-09-20/files/118_679c31718b709f5619bba80eeb6f388484b94c3c_CompactionStrategyManagerPendingRepairTest.java,
cassandra,/hdd/dj/testSmellDetection/data/cassandra/2017-03-20_TO_2017-09-20//files//119_a1c6a623a6ac96409069e4f86fddfc2942ec59af_LeveledCompactionStrategyTest.java,
cassandra,/hdd/dj/testSmellDetection/data/cassandra/2017-03-20_TO_2017-09-20/files/119_679c31718b709f5619bba80eeb6f388484b94c3c_LeveledCompactionStrategyTest.java,
cassandra,/hdd/dj/testSmellDetection/data/cassandra/2017-03-20_TO_2017-09-20//files//120_a1c6a623a6ac96409069e4f86fddfc2942ec59af_TrackerTest.java,
cassandra,/hdd/dj/testSmellDetection/data/cassandra/2017-03-20_TO_2017-09-20/files/120_679c31718b709f5619bba80eeb6f388484b94c3c_TrackerTest.java,
cassandra,/hdd/dj/testSmellDetection/data/cassandra/2017-03-20_TO_2017-09-20//files//121_a1c6a623a6ac96409069e4f86fddfc2942ec59af_CustomIndexTest.java,
cassandra,/hdd/dj/testSmellDetection/data/cassandra/2017-03-20_TO_2017-09-20/files/121_679c31718b709f5619bba80eeb6f388484b94c3c_CustomIndexTest.java,
cassandra,/hdd/dj/testSmellDetection/data/cassandra/2017-03-20_TO_2017-09-20/files/122_679c31718b709f5619bba80eeb6f388484b94c3c_SecondaryIndexManagerTest.java,
cassandra,/hdd/dj/testSmellDetection/data/cassandra/2017-03-20_TO_2017-09-20//files//123_a1c6a623a6ac96409069e4f86fddfc2942ec59af_CassandraIndexTest.java,
cassandra,/hdd/dj/testSmellDetection/data/cassandra/2017-03-20_TO_2017-09-20/files/123_679c31718b709f5619bba80eeb6f388484b94c3c_CassandraIndexTest.java,
cassandra,/hdd/dj/testSmellDetection/data/cassandra/2017-03-20_TO_2017-09-20//files//124_a1c6a623a6ac96409069e4f86fddfc2942ec59af_SASIIndexTest.java,
cassandra,/hdd/dj/testSmellDetection/data/cassandra/2017-03-20_TO_2017-09-20/files/124_679c31718b709f5619bba80eeb6f388484b94c3c_SASIIndexTest.java,
cassandra,/hdd/dj/testSmellDetection/data/cassandra/2017-03-20_TO_2017-09-20//files//125_96bd3d53637d95ce268e7d4521a62bb400bc161b_SecondaryIndexTest.java,
cassandra,/hdd/dj/testSmellDetection/data/cassandra/2017-03-20_TO_2017-09-20/files/125_57c590f6f71907dda6f3d88a16883b5dbcf259ee_SecondaryIndexTest.java,
cassandra,/hdd/dj/testSmellDetection/data/cassandra/2017-03-20_TO_2017-09-20//files//126_bb7e522b472821d7297b944c5270054231876bc5_PstmtPersistenceTest.java,
cassandra,/hdd/dj/testSmellDetection/data/cassandra/2017-03-20_TO_2017-09-20/files/126_9562b9b69e08b84ec1e8e431a846548fa8a83b44_PstmtPersistenceTest.java,
cassandra,/hdd/dj/testSmellDetection/data/cassandra/2017-03-20_TO_2017-09-20//files//127_5aec8349aacee0df70acf7ae55587a82d68f01c0_CQLSSTableWriterTest.java,
cassandra,/hdd/dj/testSmellDetection/data/cassandra/2017-03-20_TO_2017-09-20/files/127_a1baeadab9d726d2ceeed795bb6efb13464dec4a_CQLSSTableWriterTest.java,
cassandra,/hdd/dj/testSmellDetection/data/cassandra/2017-03-20_TO_2017-09-20//files//128_e6ba616297fdad43f5c361261f2bc409fc63460c_ActiveRepairServiceTest.java,
cassandra,/hdd/dj/testSmellDetection/data/cassandra/2017-03-20_TO_2017-09-20/files/128_20d5ce8b9b587be2f0b7bc5765254e8dc6e0bd3b_ActiveRepairServiceTest.java,
cassandra,/hdd/dj/testSmellDetection/data/cassandra/2017-03-20_TO_2017-09-20//files//129_176f2a444cd2a6ed7c3be6ac126b6ca2c4f255cf_RepairSessionTest.java,
cassandra,/hdd/dj/testSmellDetection/data/cassandra/2017-03-20_TO_2017-09-20/files/129_45c0f860f3c7f8e0a7c80809c4ff47f4acf65557_RepairSessionTest.java,
cassandra,/hdd/dj/testSmellDetection/data/cassandra/2017-03-20_TO_2017-09-20//files//130_176f2a444cd2a6ed7c3be6ac126b6ca2c4f255cf_CoordinatorSessionTest.java,
cassandra,/hdd/dj/testSmellDetection/data/cassandra/2017-03-20_TO_2017-09-20/files/130_45c0f860f3c7f8e0a7c80809c4ff47f4acf65557_CoordinatorSessionTest.java,
cassandra,/hdd/dj/testSmellDetection/data/cassandra/2017-03-20_TO_2017-09-20//files//131_176f2a444cd2a6ed7c3be6ac126b6ca2c4f255cf_RepairOptionTest.java,
cassandra,/hdd/dj/testSmellDetection/data/cassandra/2017-03-20_TO_2017-09-20/files/131_45c0f860f3c7f8e0a7c80809c4ff47f4acf65557_RepairOptionTest.java,
cassandra,/hdd/dj/testSmellDetection/data/cassandra/2017-03-20_TO_2017-09-20//files//132_b8c56c47461ad0acef1529e434fbcf495cc7a336_LocalSessionTest.java,
cassandra,/hdd/dj/testSmellDetection/data/cassandra/2017-03-20_TO_2017-09-20/files/132_5ccbebaf85b61673bb8c34b1f435d730183587ee_LocalSessionTest.java,
cassandra,/hdd/dj/testSmellDetection/data/cassandra/2017-03-20_TO_2017-09-20//files//133_613a8b43d2b5a425080653898b28bde6cd7eb9ba_ColumnFilterTest.java,
cassandra,/hdd/dj/testSmellDetection/data/cassandra/2017-03-20_TO_2017-09-20/files/133_9359e1e977361774daf27e80112774210e55baa4_ColumnFilterTest.java,
cassandra,/hdd/dj/testSmellDetection/data/cassandra/2017-03-20_TO_2017-09-20//files//134_7df240e74f0bda9a15eff3c9de02eb0cd8771b20_CoordinatorSessionTest.java,
cassandra,/hdd/dj/testSmellDetection/data/cassandra/2017-03-20_TO_2017-09-20/files/134_3234c0704a4fef08dedc4ff78f4ded3b9226fe80_CoordinatorSessionTest.java,
cassandra,/hdd/dj/testSmellDetection/data/cassandra/2017-03-20_TO_2017-09-20//files//135_7df240e74f0bda9a15eff3c9de02eb0cd8771b20_CoordinatorSessionsTest.java,
cassandra,/hdd/dj/testSmellDetection/data/cassandra/2017-03-20_TO_2017-09-20/files/135_3234c0704a4fef08dedc4ff78f4ded3b9226fe80_CoordinatorSessionsTest.java,
cassandra,/hdd/dj/testSmellDetection/data/cassandra/2017-03-20_TO_2017-09-20//files//136_3234c0704a4fef08dedc4ff78f4ded3b9226fe80_LocalSessionTest.java,
cassandra,/hdd/dj/testSmellDetection/data/cassandra/2017-03-20_TO_2017-09-20/files/136_af37489092ca90bca336538adad02fb5ba859945_LocalSessionTest.java,
cassandra,/hdd/dj/testSmellDetection/data/cassandra/2017-03-20_TO_2017-09-20//files//137_af37489092ca90bca336538adad02fb5ba859945_SerializationsTest.java,
cassandra,/hdd/dj/testSmellDetection/data/cassandra/2017-03-20_TO_2017-09-20/files/137_9fdec0a82851f5c35cd21d02e8c4da8fc685edb2_SerializationsTest.java,
cassandra,/hdd/dj/testSmellDetection/data/cassandra/2017-03-20_TO_2017-09-20//files//138_0163b97449e8a0cb03cdddc435b0c2997aeca992_CollectionsTest.java,
cassandra,/hdd/dj/testSmellDetection/data/cassandra/2017-03-20_TO_2017-09-20/files/138_b77e11cfd51ddb0f3ac07530399abe999df0573e_CollectionsTest.java,
cassandra,/hdd/dj/testSmellDetection/data/cassandra/2017-03-20_TO_2017-09-20//files//139_0163b97449e8a0cb03cdddc435b0c2997aeca992_TupleTypeTest.java,
cassandra,/hdd/dj/testSmellDetection/data/cassandra/2017-03-20_TO_2017-09-20/files/139_b77e11cfd51ddb0f3ac07530399abe999df0573e_TupleTypeTest.java,
cassandra,/hdd/dj/testSmellDetection/data/cassandra/2017-03-20_TO_2017-09-20//files//140_0163b97449e8a0cb03cdddc435b0c2997aeca992_UserTypesTest.java,
cassandra,/hdd/dj/testSmellDetection/data/cassandra/2017-03-20_TO_2017-09-20/files/140_b77e11cfd51ddb0f3ac07530399abe999df0573e_UserTypesTest.java,
cassandra,/hdd/dj/testSmellDetection/data/cassandra/2017-03-20_TO_2017-09-20//files//141_b77e11cfd51ddb0f3ac07530399abe999df0573e_JsonTest.java,
cassandra,/hdd/dj/testSmellDetection/data/cassandra/2017-03-20_TO_2017-09-20/files/141_cb6fad3efcd7cd3dc87d02ca7e8e97eb277a66ab_JsonTest.java,
cassandra,/hdd/dj/testSmellDetection/data/cassandra/2017-03-20_TO_2017-09-20/files/142_cb6fad3efcd7cd3dc87d02ca7e8e97eb277a66ab_JsonConversionTest.java,
cassandra,/hdd/dj/testSmellDetection/data/cassandra/2017-03-20_TO_2017-09-20//files//143_2400d07bf52829b25a7c03c19b22ddd3301899be_RowCacheCQLTest.java,
cassandra,/hdd/dj/testSmellDetection/data/cassandra/2017-03-20_TO_2017-09-20/files/143_7251c9559805d83423ca5ddbe4f955ce668c3d9a_RowCacheCQLTest.java,
cassandra,/hdd/dj/testSmellDetection/data/cassandra/2017-03-20_TO_2017-09-20/files/144_7251c9559805d83423ca5ddbe4f955ce668c3d9a_UnfilteredRowIteratorsTest.java,
cassandra,/hdd/dj/testSmellDetection/data/cassandra/2017-03-20_TO_2017-09-20//files//145_4ef86457b5ed3fd82c48011997d6c8b25af6fdc6_SelectOrderByTest.java,
cassandra,/hdd/dj/testSmellDetection/data/cassandra/2017-03-20_TO_2017-09-20/files/145_465cfd5be2e92bd9553e1ac4987bfa579d8efca3_SelectOrderByTest.java,
cassandra,/hdd/dj/testSmellDetection/data/cassandra/2017-03-20_TO_2017-09-20//files//146_5b982d790bffbf1beb92fd605f6f213914ba4b63_SelectLimitTest.java,
cassandra,/hdd/dj/testSmellDetection/data/cassandra/2017-03-20_TO_2017-09-20/files/146_b08843de67b3c63fa9c0efe10bb9eda07c007f6c_SelectLimitTest.java,
cassandra,/hdd/dj/testSmellDetection/data/cassandra/2017-03-20_TO_2017-09-20//files//147_88d2ac4f2fadba44a9b72286ef924441014a97ba_CellTest.java,
cassandra,/hdd/dj/testSmellDetection/data/cassandra/2017-03-20_TO_2017-09-20/files/147_a033f51651e1a990adca795f92d683999c474151_CellTest.java,
cassandra,/hdd/dj/testSmellDetection/data/cassandra/2017-03-20_TO_2017-09-20//files//148_12d4e2f189fb228250edc876963d0c74b5ab0d4f_NoSpamLoggerTest.java,
cassandra,/hdd/dj/testSmellDetection/data/cassandra/2017-03-20_TO_2017-09-20/files/148_948fdfc67922ae7ecd410149b8d386c224ca4a95_NoSpamLoggerTest.java,
cassandra,/hdd/dj/testSmellDetection/data/cassandra/2017-03-20_TO_2017-09-20//files//149_1d032e635965e17e6a365c1e85a41379b4f41e29_RangeTombstoneTest.java,
cassandra,/hdd/dj/testSmellDetection/data/cassandra/2017-03-20_TO_2017-09-20/files/149_6e19e81db8e4c43bf5ef33308de1ae79916bb61c_RangeTombstoneTest.java,
cassandra,/hdd/dj/testSmellDetection/data/cassandra/2017-03-20_TO_2017-09-20//files//150_1d032e635965e17e6a365c1e85a41379b4f41e29_SecondaryIndexTest.java,
cassandra,/hdd/dj/testSmellDetection/data/cassandra/2017-03-20_TO_2017-09-20/files/150_6e19e81db8e4c43bf5ef33308de1ae79916bb61c_SecondaryIndexTest.java,
cassandra,/hdd/dj/testSmellDetection/data/cassandra/2017-03-20_TO_2017-09-20/files/151_f919cf4a478cdbcb7864e8b47814a40bfcb343a7_HintsReaderTest.java,
cassandra,/hdd/dj/testSmellDetection/data/cassandra/2017-03-20_TO_2017-09-20//files//152_9ac01baef5c8f689e96307da9b29314bc0672462_TimestampTest.java,
cassandra,/hdd/dj/testSmellDetection/data/cassandra/2017-03-20_TO_2017-09-20/files/152_9dc896f4ea51276de4ea76ffca3fd719e0c8b8a1_TimestampTest.java,
cassandra,/hdd/dj/testSmellDetection/data/cassandra/2017-03-20_TO_2017-09-20//files//153_9ac01baef5c8f689e96307da9b29314bc0672462_SelectTest.java,
cassandra,/hdd/dj/testSmellDetection/data/cassandra/2017-03-20_TO_2017-09-20/files/153_9dc896f4ea51276de4ea76ffca3fd719e0c8b8a1_SelectTest.java,
cassandra,/hdd/dj/testSmellDetection/data/cassandra/2017-03-20_TO_2017-09-20//files//154_9dc896f4ea51276de4ea76ffca3fd719e0c8b8a1_CounterContextTest.java,
cassandra,/hdd/dj/testSmellDetection/data/cassandra/2017-03-20_TO_2017-09-20/files/154_ba71289778369e71d9abbdb93cb6b91ba67f9c85_CounterContextTest.java,
cassandra,/hdd/dj/testSmellDetection/data/cassandra/2017-03-20_TO_2017-09-20//files//155_ba71289778369e71d9abbdb93cb6b91ba67f9c85_SelectLimitTest.java,
cassandra,/hdd/dj/testSmellDetection/data/cassandra/2017-03-20_TO_2017-09-20/files/155_336baebadcd6114ad961ca1027474499e15ae42a_SelectLimitTest.java,
cassandra,/hdd/dj/testSmellDetection/data/cassandra/2017-03-20_TO_2017-09-20//files//156_ba71289778369e71d9abbdb93cb6b91ba67f9c85_PartitionRangeReadTest.java,
cassandra,/hdd/dj/testSmellDetection/data/cassandra/2017-03-20_TO_2017-09-20/files/156_336baebadcd6114ad961ca1027474499e15ae42a_PartitionRangeReadTest.java,
cassandra,/hdd/dj/testSmellDetection/data/cassandra/2017-03-20_TO_2017-09-20/files/157_d74ed4b78886c0202f27ebf20cd2f8684f6cbcaa_LegacyAuthFailTest.java,
cassandra,/hdd/dj/testSmellDetection/data/cassandra/2017-03-20_TO_2017-09-20//files//158_d74ed4b78886c0202f27ebf20cd2f8684f6cbcaa_DropTest.java,
cassandra,/hdd/dj/testSmellDetection/data/cassandra/2017-03-20_TO_2017-09-20/files/158_d9eabd3d0cbf1287aa7d01bc23dd8e39c3acf232_DropTest.java,
cassandra,/hdd/dj/testSmellDetection/data/cassandra/2017-03-20_TO_2017-09-20//files//159_918667929f87a2e8e74913fe6d6e5dd137fe4e4f_ViewTest.java,
cassandra,/hdd/dj/testSmellDetection/data/cassandra/2017-03-20_TO_2017-09-20/files/159_3960260472fcd4e0243f62cc813992f1365197c6_ViewTest.java,
cassandra,/hdd/dj/testSmellDetection/data/cassandra/2017-03-20_TO_2017-09-20//files//160_ba87ab4e954ad2e537f6690953bd7ebaa069f5cd_PendingRepairManagerTest.java,
cassandra,/hdd/dj/testSmellDetection/data/cassandra/2017-03-20_TO_2017-09-20/files/160_9c3354e3211c6a3f3982e87477e156c29cd9b7ea_PendingRepairManagerTest.java,
cassandra,/hdd/dj/testSmellDetection/data/cassandra/2017-03-20_TO_2017-09-20//files//161_1a70dede3a33a2e8bf107f44139580b4ace1c9ff_CounterCellTest.java,
cassandra,/hdd/dj/testSmellDetection/data/cassandra/2017-03-20_TO_2017-09-20/files/161_eb6f03c8928e913cb6f9eaa7c9ea9f4501039112_CounterCellTest.java,
cassandra,/hdd/dj/testSmellDetection/data/cassandra/2017-03-20_TO_2017-09-20//files//162_f4da90aca0e79664ea06212283f6cd5f9288d441_AntiCompactionTest.java,
cassandra,/hdd/dj/testSmellDetection/data/cassandra/2017-03-20_TO_2017-09-20/files/162_e9cc805db1133982c022657f8cab86cd24b3686f_AntiCompactionTest.java,
cassandra,/hdd/dj/testSmellDetection/data/cassandra/2017-03-20_TO_2017-09-20/files/163_e9cc805db1133982c022657f8cab86cd24b3686f_CompactionTaskTest.java,
cassandra,/hdd/dj/testSmellDetection/data/cassandra/2017-03-20_TO_2017-09-20//files//164_f4da90aca0e79664ea06212283f6cd5f9288d441_PendingAntiCompactionTest.java,
cassandra,/hdd/dj/testSmellDetection/data/cassandra/2017-03-20_TO_2017-09-20/files/164_e9cc805db1133982c022657f8cab86cd24b3686f_PendingAntiCompactionTest.java,
cassandra,/hdd/dj/testSmellDetection/data/cassandra/2017-03-20_TO_2017-09-20//files//165_62d39f6544e3fbcbc268aecbb3a46950dcba2bf0_RangeFetchMapCalculatorTest.java,
cassandra,/hdd/dj/testSmellDetection/data/cassandra/2017-03-20_TO_2017-09-20/files/165_ff06424faccc8acedd027c71e955a38fd8ddee6c_RangeFetchMapCalculatorTest.java,
cassandra,/hdd/dj/testSmellDetection/data/cassandra/2017-03-20_TO_2017-09-20//files//166_fab384560311ec1f3043fbf6137093ea129afa68_BatchlogEndpointFilterTest.java,
cassandra,/hdd/dj/testSmellDetection/data/cassandra/2017-03-20_TO_2017-09-20/files/166_c2b635ac240ae8d9375fd96791a5aba903a94498_BatchlogEndpointFilterTest.java,
cassandra,/hdd/dj/testSmellDetection/data/cassandra/2017-03-20_TO_2017-09-20//files//167_99e5f7efc33fb3672e11dfba9f2521d09473dddf_DatabaseDescriptorRefTest.java,
cassandra,/hdd/dj/testSmellDetection/data/cassandra/2017-03-20_TO_2017-09-20/files/167_256a74faa31fcf25bdae753c563fa2c69f7f355c_DatabaseDescriptorRefTest.java,
cassandra,/hdd/dj/testSmellDetection/data/cassandra/2017-03-20_TO_2017-09-20//files//168_b76a48b61f284efa9ba514e2c296b96654cb1a93_PendingRepairManagerTest.java,
cassandra,/hdd/dj/testSmellDetection/data/cassandra/2017-03-20_TO_2017-09-20/files/168_c066f126e20180ae0230b7d6a61666152149a79f_PendingRepairManagerTest.java,
cassandra,/hdd/dj/testSmellDetection/data/cassandra/2017-03-20_TO_2017-09-20//files//169_c066f126e20180ae0230b7d6a61666152149a79f_PendingRepairManagerTest.java,
cassandra,/hdd/dj/testSmellDetection/data/cassandra/2017-03-20_TO_2017-09-20/files/169_e1a1b80d424e31eeb5805c710ce010953160e3a4_PendingRepairManagerTest.java,
cassandra,/hdd/dj/testSmellDetection/data/cassandra/2017-03-20_TO_2017-09-20//files//170_c066f126e20180ae0230b7d6a61666152149a79f_LocalSessionTest.java,
cassandra,/hdd/dj/testSmellDetection/data/cassandra/2017-03-20_TO_2017-09-20/files/170_e1a1b80d424e31eeb5805c710ce010953160e3a4_LocalSessionTest.java,
cassandra,/hdd/dj/testSmellDetection/data/cassandra/2017-03-20_TO_2017-09-20//files//171_dc32ed80d727ca644d2162fbf0fb316811cd1adf_SystemKeyspaceTest.java,
cassandra,/hdd/dj/testSmellDetection/data/cassandra/2017-03-20_TO_2017-09-20/files/171_ec85b4a96390ef5bf85acac42f9c93a68620b668_SystemKeyspaceTest.java,
cassandra,/hdd/dj/testSmellDetection/data/cassandra/2017-03-20_TO_2017-09-20//files//172_dc32ed80d727ca644d2162fbf0fb316811cd1adf_FailureDetectorTest.java,
cassandra,/hdd/dj/testSmellDetection/data/cassandra/2017-03-20_TO_2017-09-20/files/172_ec85b4a96390ef5bf85acac42f9c93a68620b668_FailureDetectorTest.java,
cassandra,/hdd/dj/testSmellDetection/data/cassandra/2017-03-20_TO_2017-09-20//files//173_dc32ed80d727ca644d2162fbf0fb316811cd1adf_LeaveAndBootstrapTest.java,
cassandra,/hdd/dj/testSmellDetection/data/cassandra/2017-03-20_TO_2017-09-20/files/173_ec85b4a96390ef5bf85acac42f9c93a68620b668_LeaveAndBootstrapTest.java,
cassandra,/hdd/dj/testSmellDetection/data/cassandra/2017-03-20_TO_2017-09-20//files//174_3d4a7e7b61c7eb2c8736fce2bde47c14564d5982_ReadCommandTest.java,
cassandra,/hdd/dj/testSmellDetection/data/cassandra/2017-03-20_TO_2017-09-20/files/174_356dc3c253224751cbf80b32cfce4e3c1640de11_ReadCommandTest.java,
cassandra,/hdd/dj/testSmellDetection/data/cassandra/2017-03-20_TO_2017-09-20//files//175_3d4a7e7b61c7eb2c8736fce2bde47c14564d5982_EC2SnitchTest.java,
cassandra,/hdd/dj/testSmellDetection/data/cassandra/2017-03-20_TO_2017-09-20/files/175_356dc3c253224751cbf80b32cfce4e3c1640de11_EC2SnitchTest.java,
cassandra,/hdd/dj/testSmellDetection/data/cassandra/2017-03-20_TO_2017-09-20//files//176_3d4a7e7b61c7eb2c8736fce2bde47c14564d5982_MessagingServiceTest.java,
cassandra,/hdd/dj/testSmellDetection/data/cassandra/2017-03-20_TO_2017-09-20/files/176_356dc3c253224751cbf80b32cfce4e3c1640de11_MessagingServiceTest.java,
cassandra,/hdd/dj/testSmellDetection/data/cassandra/2017-03-20_TO_2017-09-20//files//177_3d4a7e7b61c7eb2c8736fce2bde47c14564d5982_OutboundTcpConnectionTest.java,
cassandra,/hdd/dj/testSmellDetection/data/cassandra/2017-03-20_TO_2017-09-20/files/178_356dc3c253224751cbf80b32cfce4e3c1640de11_ByteBufDataOutputPlusTest.java,
cassandra,/hdd/dj/testSmellDetection/data/cassandra/2017-03-20_TO_2017-09-20/files/179_356dc3c253224751cbf80b32cfce4e3c1640de11_ChannelWriterTest.java,
cassandra,/hdd/dj/testSmellDetection/data/cassandra/2017-03-20_TO_2017-09-20/files/180_356dc3c253224751cbf80b32cfce4e3c1640de11_HandshakeHandlersTest.java,
cassandra,/hdd/dj/testSmellDetection/data/cassandra/2017-03-20_TO_2017-09-20/files/181_356dc3c253224751cbf80b32cfce4e3c1640de11_HandshakeProtocolTest.java,
cassandra,/hdd/dj/testSmellDetection/data/cassandra/2017-03-20_TO_2017-09-20/files/182_356dc3c253224751cbf80b32cfce4e3c1640de11_InboundHandshakeHandlerTest.java,
cassandra,/hdd/dj/testSmellDetection/data/cassandra/2017-03-20_TO_2017-09-20/files/183_356dc3c253224751cbf80b32cfce4e3c1640de11_MessageInHandlerTest.java,
cassandra,/hdd/dj/testSmellDetection/data/cassandra/2017-03-20_TO_2017-09-20/files/184_356dc3c253224751cbf80b32cfce4e3c1640de11_MessageOutHandlerTest.java,
cassandra,/hdd/dj/testSmellDetection/data/cassandra/2017-03-20_TO_2017-09-20/files/185_356dc3c253224751cbf80b32cfce4e3c1640de11_NettyFactoryTest.java,
cassandra,/hdd/dj/testSmellDetection/data/cassandra/2017-03-20_TO_2017-09-20/files/186_356dc3c253224751cbf80b32cfce4e3c1640de11_OutboundConnectionParamsTest.java,
cassandra,/hdd/dj/testSmellDetection/data/cassandra/2017-03-20_TO_2017-09-20/files/187_356dc3c253224751cbf80b32cfce4e3c1640de11_OutboundHandshakeHandlerTest.java,
cassandra,/hdd/dj/testSmellDetection/data/cassandra/2017-03-20_TO_2017-09-20/files/188_356dc3c253224751cbf80b32cfce4e3c1640de11_OutboundMessagingConnectionTest.java,
cassandra,/hdd/dj/testSmellDetection/data/cassandra/2017-03-20_TO_2017-09-20/files/189_356dc3c253224751cbf80b32cfce4e3c1640de11_OutboundMessagingPoolTest.java,
cassandra,/hdd/dj/testSmellDetection/data/cassandra/2017-03-20_TO_2017-09-20/files/190_356dc3c253224751cbf80b32cfce4e3c1640de11_TestAuthenticator.java,
cassandra,/hdd/dj/testSmellDetection/data/cassandra/2017-03-20_TO_2017-09-20//files//191_3d4a7e7b61c7eb2c8736fce2bde47c14564d5982_RepairMessageSerializationsTest.java,
cassandra,/hdd/dj/testSmellDetection/data/cassandra/2017-03-20_TO_2017-09-20/files/191_356dc3c253224751cbf80b32cfce4e3c1640de11_RepairMessageSerializationsTest.java,
cassandra,/hdd/dj/testSmellDetection/data/cassandra/2017-03-20_TO_2017-09-20//files//192_3d4a7e7b61c7eb2c8736fce2bde47c14564d5982_SSLFactoryTest.java,
cassandra,/hdd/dj/testSmellDetection/data/cassandra/2017-03-20_TO_2017-09-20/files/192_356dc3c253224751cbf80b32cfce4e3c1640de11_SSLFactoryTest.java,
cassandra,/hdd/dj/testSmellDetection/data/cassandra/2017-03-20_TO_2017-09-20//files//193_3d4a7e7b61c7eb2c8736fce2bde47c14564d5982_StreamingTransferTest.java,
cassandra,/hdd/dj/testSmellDetection/data/cassandra/2017-03-20_TO_2017-09-20/files/193_356dc3c253224751cbf80b32cfce4e3c1640de11_StreamingTransferTest.java,
cassandra,/hdd/dj/testSmellDetection/data/cassandra/2017-03-20_TO_2017-09-20//files//194_3d4a7e7b61c7eb2c8736fce2bde47c14564d5982_CoalescingStrategiesTest.java,
cassandra,/hdd/dj/testSmellDetection/data/cassandra/2017-03-20_TO_2017-09-20/files/194_356dc3c253224751cbf80b32cfce4e3c1640de11_CoalescingStrategiesTest.java,
cassandra,/hdd/dj/testSmellDetection/data/cassandra/2017-03-20_TO_2017-09-20//files//195_356dc3c253224751cbf80b32cfce4e3c1640de11_LongStreamingTest.java,
cassandra,/hdd/dj/testSmellDetection/data/cassandra/2017-03-20_TO_2017-09-20/files/195_fc92db2b9b56c143516026ba29cecdec37e286bb_LongStreamingTest.java,
cassandra,/hdd/dj/testSmellDetection/data/cassandra/2017-03-20_TO_2017-09-20//files//196_356dc3c253224751cbf80b32cfce4e3c1640de11_PreparedStatementsTest.java,
cassandra,/hdd/dj/testSmellDetection/data/cassandra/2017-03-20_TO_2017-09-20/files/196_fc92db2b9b56c143516026ba29cecdec37e286bb_PreparedStatementsTest.java,
cassandra,/hdd/dj/testSmellDetection/data/cassandra/2017-03-20_TO_2017-09-20//files//197_356dc3c253224751cbf80b32cfce4e3c1640de11_RewindableDataInputStreamPlusTest.java,
cassandra,/hdd/dj/testSmellDetection/data/cassandra/2017-03-20_TO_2017-09-20/files/197_fc92db2b9b56c143516026ba29cecdec37e286bb_RewindableDataInputStreamPlusTest.java,
cassandra,/hdd/dj/testSmellDetection/data/cassandra/2017-03-20_TO_2017-09-20//files//198_356dc3c253224751cbf80b32cfce4e3c1640de11_HandshakeHandlersTest.java,
cassandra,/hdd/dj/testSmellDetection/data/cassandra/2017-03-20_TO_2017-09-20/files/198_fc92db2b9b56c143516026ba29cecdec37e286bb_HandshakeHandlersTest.java,
cassandra,/hdd/dj/testSmellDetection/data/cassandra/2017-03-20_TO_2017-09-20//files//199_356dc3c253224751cbf80b32cfce4e3c1640de11_InboundHandshakeHandlerTest.java,
cassandra,/hdd/dj/testSmellDetection/data/cassandra/2017-03-20_TO_2017-09-20/files/199_fc92db2b9b56c143516026ba29cecdec37e286bb_InboundHandshakeHandlerTest.java,
cassandra,/hdd/dj/testSmellDetection/data/cassandra/2017-03-20_TO_2017-09-20//files//200_356dc3c253224751cbf80b32cfce4e3c1640de11_OutboundMessagingConnectionTest.java,
cassandra,/hdd/dj/testSmellDetection/data/cassandra/2017-03-20_TO_2017-09-20/files/200_fc92db2b9b56c143516026ba29cecdec37e286bb_OutboundMessagingConnectionTest.java,
cassandra,/hdd/dj/testSmellDetection/data/cassandra/2017-03-20_TO_2017-09-20/files/201_fc92db2b9b56c143516026ba29cecdec37e286bb_RebufferingByteBufDataInputPlusTest.java,
cassandra,/hdd/dj/testSmellDetection/data/cassandra/2017-03-20_TO_2017-09-20/files/202_fc92db2b9b56c143516026ba29cecdec37e286bb_TestScheduledFuture.java,
cassandra,/hdd/dj/testSmellDetection/data/cassandra/2017-03-20_TO_2017-09-20//files//203_356dc3c253224751cbf80b32cfce4e3c1640de11_RemoveTest.java,
cassandra,/hdd/dj/testSmellDetection/data/cassandra/2017-03-20_TO_2017-09-20/files/203_fc92db2b9b56c143516026ba29cecdec37e286bb_RemoveTest.java,
cassandra,/hdd/dj/testSmellDetection/data/cassandra/2017-03-20_TO_2017-09-20//files//204_356dc3c253224751cbf80b32cfce4e3c1640de11_StreamTransferTaskTest.java,
cassandra,/hdd/dj/testSmellDetection/data/cassandra/2017-03-20_TO_2017-09-20/files/204_fc92db2b9b56c143516026ba29cecdec37e286bb_StreamTransferTaskTest.java,
cassandra,/hdd/dj/testSmellDetection/data/cassandra/2017-03-20_TO_2017-09-20//files//205_356dc3c253224751cbf80b32cfce4e3c1640de11_StreamingTransferTest.java,
cassandra,/hdd/dj/testSmellDetection/data/cassandra/2017-03-20_TO_2017-09-20/files/205_fc92db2b9b56c143516026ba29cecdec37e286bb_StreamingTransferTest.java,
cassandra,/hdd/dj/testSmellDetection/data/cassandra/2017-03-20_TO_2017-09-20/files/206_fc92db2b9b56c143516026ba29cecdec37e286bb_NettyStreamingMessageSenderTest.java,
cassandra,/hdd/dj/testSmellDetection/data/cassandra/2017-03-20_TO_2017-09-20/files/207_fc92db2b9b56c143516026ba29cecdec37e286bb_StreamCompressionSerializerTest.java,
cassandra,/hdd/dj/testSmellDetection/data/cassandra/2017-03-20_TO_2017-09-20/files/208_fc92db2b9b56c143516026ba29cecdec37e286bb_StreamingInboundHandlerTest.java,
cassandra,/hdd/dj/testSmellDetection/data/cassandra/2017-03-20_TO_2017-09-20//files//209_356dc3c253224751cbf80b32cfce4e3c1640de11_CompressedInputStreamTest.java,
cassandra,/hdd/dj/testSmellDetection/data/cassandra/2017-03-20_TO_2017-09-20/files/209_fc92db2b9b56c143516026ba29cecdec37e286bb_CompressedInputStreamTest.java,
cassandra,/hdd/dj/testSmellDetection/data/cassandra/2017-03-20_TO_2017-09-20//files//210_fc92db2b9b56c143516026ba29cecdec37e286bb_DatabaseDescriptorTest.java,
cassandra,/hdd/dj/testSmellDetection/data/cassandra/2017-03-20_TO_2017-09-20/files/210_d2dcd7f884cc997905c820d7cef8c9fc886ff4f7_DatabaseDescriptorTest.java,
cassandra,/hdd/dj/testSmellDetection/data/cassandra/2017-03-20_TO_2017-09-20//files//211_6a1b1f26b7174e8c9bf86a96514ab626ce2a4117_DataResolverTest.java,
cassandra,/hdd/dj/testSmellDetection/data/cassandra/2017-03-20_TO_2017-09-20/files/211_5e57dd14eb37adf06d2105227e0105d871ea6f76_DataResolverTest.java,
cassandra,/hdd/dj/testSmellDetection/data/cassandra/2017-03-20_TO_2017-09-20//files//212_1a2ad2ee047a9ed2c5112376585323b27ebfb7b0_UserTypesTest.java,
cassandra,/hdd/dj/testSmellDetection/data/cassandra/2017-03-20_TO_2017-09-20/files/212_cf0b6d107bade419dada49a5da40d2579c80ade8_UserTypesTest.java,
cassandra,/hdd/dj/testSmellDetection/data/cassandra/2017-03-20_TO_2017-09-20/files/213_cf0b6d107bade419dada49a5da40d2579c80ade8_AbstractTypeVersionComparatorTest.java,
cassandra,/hdd/dj/testSmellDetection/data/cassandra/2017-03-20_TO_2017-09-20//files//214_4838e81a64eb118d0f86463b61b43c450a199dc8_CommitLogSegmentManagerCDCTest.java,
cassandra,/hdd/dj/testSmellDetection/data/cassandra/2017-03-20_TO_2017-09-20/files/214_e9da85723a8dd40872c4bca087a03b655bd2cacb_CommitLogSegmentManagerCDCTest.java,
cassandra,/hdd/dj/testSmellDetection/data/cassandra/2017-03-20_TO_2017-09-20//files//215_95f1b23bf0405ffdee1d4372980b0106d0c83071_ScrubTest.java,
cassandra,/hdd/dj/testSmellDetection/data/cassandra/2017-03-20_TO_2017-09-20/files/215_dfbe3fabd266493e698c194ef90b4dfc7d62b030_ScrubTest.java,
cassandra,/hdd/dj/testSmellDetection/data/cassandra/2017-03-20_TO_2017-09-20//files//216_e817c83bc06b7b23aa94c8cd1099103b129801a5_SelectTest.java,
cassandra,/hdd/dj/testSmellDetection/data/cassandra/2017-03-20_TO_2017-09-20/files/216_67ac1496cc9e7d9d15be28b9536e9cdbce42473d_SelectTest.java,
cassandra,/hdd/dj/testSmellDetection/data/cassandra/2017-03-20_TO_2017-09-20//files//217_d03c046acbcfe3e3a9d8fafa628030cc3fc40f34_SecondaryIndexTest.java,
cassandra,/hdd/dj/testSmellDetection/data/cassandra/2017-03-20_TO_2017-09-20/files/217_7f297bcf8aced983cbc9c4103d0ebefc1789f0dd_SecondaryIndexTest.java,
cassandra,/hdd/dj/testSmellDetection/data/cassandra/2017-03-20_TO_2017-09-20//files//218_d03c046acbcfe3e3a9d8fafa628030cc3fc40f34_SinglePartitionSliceCommandTest.java,
cassandra,/hdd/dj/testSmellDetection/data/cassandra/2017-03-20_TO_2017-09-20/files/218_7f297bcf8aced983cbc9c4103d0ebefc1789f0dd_SinglePartitionSliceCommandTest.java,
cassandra,/hdd/dj/testSmellDetection/data/cassandra/2017-03-20_TO_2017-09-20//files//219_d03c046acbcfe3e3a9d8fafa628030cc3fc40f34_SSTableReaderTest.java,
cassandra,/hdd/dj/testSmellDetection/data/cassandra/2017-03-20_TO_2017-09-20/files/219_7f297bcf8aced983cbc9c4103d0ebefc1789f0dd_SSTableReaderTest.java,
cassandra,/hdd/dj/testSmellDetection/data/cassandra/2017-03-20_TO_2017-09-20//files//220_7f297bcf8aced983cbc9c4103d0ebefc1789f0dd_SecondaryIndexTest.java,
cassandra,/hdd/dj/testSmellDetection/data/cassandra/2017-03-20_TO_2017-09-20/files/220_ded663622e7861d577bd8ab11ba5e502f57ce038_SecondaryIndexTest.java,
cassandra,/hdd/dj/testSmellDetection/data/cassandra/2017-03-20_TO_2017-09-20//files//221_7f297bcf8aced983cbc9c4103d0ebefc1789f0dd_SSTableReaderTest.java,
cassandra,/hdd/dj/testSmellDetection/data/cassandra/2017-03-20_TO_2017-09-20/files/221_ded663622e7861d577bd8ab11ba5e502f57ce038_SSTableReaderTest.java,
cassandra,/hdd/dj/testSmellDetection/data/cassandra/2017-03-20_TO_2017-09-20/files/222_5e7f60f6bf5da386076faa08cefb3970a6ba5cc0_PasswordAuthenticatorTest.java,
cassandra,/hdd/dj/testSmellDetection/data/cassandra/2017-03-20_TO_2017-09-20//files//223_4f12c409267eb44cbf596193456c5a67a1775748_ViewFilteringTest.java,
cassandra,/hdd/dj/testSmellDetection/data/cassandra/2017-03-20_TO_2017-09-20/files/223_425880ffb2e6bd5aeaa509fdbfa553db58b74c43_ViewFilteringTest.java,
cassandra,/hdd/dj/testSmellDetection/data/cassandra/2017-03-20_TO_2017-09-20//files//224_4f12c409267eb44cbf596193456c5a67a1775748_ViewSchemaTest.java,
cassandra,/hdd/dj/testSmellDetection/data/cassandra/2017-03-20_TO_2017-09-20/files/224_425880ffb2e6bd5aeaa509fdbfa553db58b74c43_ViewSchemaTest.java,
cassandra,/hdd/dj/testSmellDetection/data/cassandra/2017-03-20_TO_2017-09-20//files//225_0ffce2e938308fde803b93ed2e29d22b3eb5cd54_HintedHandOffTest.java,
cassandra,/hdd/dj/testSmellDetection/data/cassandra/2017-03-20_TO_2017-09-20/files/225_5469f2120423504374900eada2f7b0bcae603c47_HintedHandOffTest.java,
cassandra,/hdd/dj/testSmellDetection/data/cassandra/2017-03-20_TO_2017-09-20/files/226_e80ede6d393460f22ee2b313d4bac7e3fbbfe893_CompactionExecutorTest.java,
cassandra,/hdd/dj/testSmellDetection/data/cassandra/2017-03-20_TO_2017-09-20//files//227_37d67306accb2fefed9cfc57856fcca4df93a407_CompactionControllerTest.java,
cassandra,/hdd/dj/testSmellDetection/data/cassandra/2017-03-20_TO_2017-09-20/files/227_14d67d81c57d6387c77bd85c57b342d285880835_CompactionControllerTest.java,
cassandra,/hdd/dj/testSmellDetection/data/cassandra/2017-03-20_TO_2017-09-20//files//228_37d67306accb2fefed9cfc57856fcca4df93a407_TimeWindowCompactionStrategyTest.java,
cassandra,/hdd/dj/testSmellDetection/data/cassandra/2017-03-20_TO_2017-09-20/files/228_14d67d81c57d6387c77bd85c57b342d285880835_TimeWindowCompactionStrategyTest.java,
cassandra,/hdd/dj/testSmellDetection/data/cassandra/2017-03-20_TO_2017-09-20/files/229_1b36740ebe66b8ed4c3d6cb64eb2419a9279dfbf_ViewComplexTest.java,
cassandra,/hdd/dj/testSmellDetection/data/cassandra/2017-03-20_TO_2017-09-20//files//230_b0eba5f9c64db18840a4b0e4d56a589c5f2e08cd_ViewFilteringTest.java,
cassandra,/hdd/dj/testSmellDetection/data/cassandra/2017-03-20_TO_2017-09-20/files/230_1b36740ebe66b8ed4c3d6cb64eb2419a9279dfbf_ViewFilteringTest.java,
cassandra,/hdd/dj/testSmellDetection/data/cassandra/2017-03-20_TO_2017-09-20//files//231_b0eba5f9c64db18840a4b0e4d56a589c5f2e08cd_ViewTest.java,
cassandra,/hdd/dj/testSmellDetection/data/cassandra/2017-03-20_TO_2017-09-20/files/231_1b36740ebe66b8ed4c3d6cb64eb2419a9279dfbf_ViewTest.java,
cassandra,/hdd/dj/testSmellDetection/data/cassandra/2017-03-20_TO_2017-09-20/files/232_4e834c53ca57910e8c44cb1edf2a780df9390556_IndexSummaryRedistributionTest.java,
cassandra,/hdd/dj/testSmellDetection/data/cassandra/2017-03-20_TO_2017-09-20//files//233_c1f62390239f792f010feb07b02218062e34cee0_ProtocolErrorTest.java,
cassandra,/hdd/dj/testSmellDetection/data/cassandra/2017-03-20_TO_2017-09-20/files/233_33ab4902a1bef5aa662b80b89b5dd9a318f67db5_ProtocolErrorTest.java,
cassandra,/hdd/dj/testSmellDetection/data/cassandra/2017-03-20_TO_2017-09-20//files//234_1e80e35396e701bde97594bd49bb730656e02ce8_StreamingHistogramTest.java,
cassandra,/hdd/dj/testSmellDetection/data/cassandra/2017-03-20_TO_2017-09-20/files/234_ef5ac1a4abe4fb5f407c0a24f4bc808932c5d7a2_StreamingHistogramTest.java,
cassandra,/hdd/dj/testSmellDetection/data/cassandra/2017-03-20_TO_2017-09-20//files//235_ef5ac1a4abe4fb5f407c0a24f4bc808932c5d7a2_CommitLogTest.java,
cassandra,/hdd/dj/testSmellDetection/data/cassandra/2017-03-20_TO_2017-09-20/files/235_0493545dd08d29c34d757bb2f1d90052d03d24c6_CommitLogTest.java,
cassandra,/hdd/dj/testSmellDetection/data/cassandra/2017-03-20_TO_2017-09-20//files//236_0493545dd08d29c34d757bb2f1d90052d03d24c6_MerkleTreeTest.java,
cassandra,/hdd/dj/testSmellDetection/data/cassandra/2017-03-20_TO_2017-09-20/files/236_bc5c2316c5acfc1ee0ef101a3ebf00d03c89e283_MerkleTreeTest.java,
cassandra,/hdd/dj/testSmellDetection/data/cassandra/2017-03-20_TO_2017-09-20//files//237_e8b559ce2f9e92f0a7a91fd60a4dcd6103793b43_NettyFactoryTest.java,
cassandra,/hdd/dj/testSmellDetection/data/cassandra/2017-03-20_TO_2017-09-20/files/237_bab76eba958241bbfca33e9fc6fe663ce230b034_NettyFactoryTest.java,
cassandra,/hdd/dj/testSmellDetection/data/cassandra/2017-03-20_TO_2017-09-20//files//238_bab76eba958241bbfca33e9fc6fe663ce230b034_RebufferingByteBufDataInputPlusTest.java,
cassandra,/hdd/dj/testSmellDetection/data/cassandra/2017-03-20_TO_2017-09-20/files/238_83822d12d87dcb3aaad2b1e670e57ebef4ab1c36_RebufferingByteBufDataInputPlusTest.java,
cassandra,/hdd/dj/testSmellDetection/data/cassandra/2017-03-20_TO_2017-09-20//files//239_d34f4795180897a20bc1d21954728ab6a88bfded_IndexSummaryTest.java,
cassandra,/hdd/dj/testSmellDetection/data/cassandra/2017-03-20_TO_2017-09-20/files/239_ae88fd6c79b066f12ad76c2c1bfc1620d86bdbc5_IndexSummaryTest.java,
cassandra,/hdd/dj/testSmellDetection/data/cassandra/2017-03-20_TO_2017-09-20/files/240_c406c456c007e59d50919eb23b5d887e7e647f10_CBUtilTest.java,
cassandra,/hdd/dj/testSmellDetection/data/cassandra/2017-03-20_TO_2017-09-20//files//241_6c0e6693f44753fde87fdec36c648aa0ff02097c_TombstonesTest.java,
cassandra,/hdd/dj/testSmellDetection/data/cassandra/2017-03-20_TO_2017-09-20/files/241_34dec4c791dc86105af906fd649897484d4735d8_TombstonesTest.java,
cassandra,/hdd/dj/testSmellDetection/data/cassandra/2017-03-20_TO_2017-09-20//files//242_faa27d0fc6966ad1b54a57cd814dc62b8ef3c502_MigrationManagerTest.java,
cassandra,/hdd/dj/testSmellDetection/data/cassandra/2017-03-20_TO_2017-09-20/files/242_55d70173b8945987308e8c89166cfbcf6b2e3f06_MigrationManagerTest.java,
cassandra,/hdd/dj/testSmellDetection/data/cassandra/2017-03-20_TO_2017-09-20//files//243_ae88fd6c79b066f12ad76c2c1bfc1620d86bdbc5_BatchTest.java,
cassandra,/hdd/dj/testSmellDetection/data/cassandra/2017-03-20_TO_2017-09-20/files/243_433f24cb04dbcf74029a918ee73155f78d5f8111_BatchTest.java,
cassandra,/hdd/dj/testSmellDetection/data/cassandra/2017-03-20_TO_2017-09-20//files//244_795c1f36ec10ccfdac36e2d33c757856f0ed33c5_CountersTest.java,
cassandra,/hdd/dj/testSmellDetection/data/cassandra/2017-03-20_TO_2017-09-20/files/244_471835815811d4de42474a3e3899a42cb6d969ce_CountersTest.java,
cassandra,/hdd/dj/testSmellDetection/data/cassandra/2017-03-20_TO_2017-09-20//files//245_795c1f36ec10ccfdac36e2d33c757856f0ed33c5_TimestampTest.java,
cassandra,/hdd/dj/testSmellDetection/data/cassandra/2017-03-20_TO_2017-09-20/files/245_471835815811d4de42474a3e3899a42cb6d969ce_TimestampTest.java,
cassandra,/hdd/dj/testSmellDetection/data/cassandra/2017-03-20_TO_2017-09-20//files//246_795c1f36ec10ccfdac36e2d33c757856f0ed33c5_BatchTest.java,
cassandra,/hdd/dj/testSmellDetection/data/cassandra/2017-03-20_TO_2017-09-20/files/246_471835815811d4de42474a3e3899a42cb6d969ce_BatchTest.java,
cassandra,/hdd/dj/testSmellDetection/data/cassandra/2017-03-20_TO_2017-09-20//files//247_a586f6c88dab173663b765261d084ed8410efe81_TupleTypeTest.java,
cassandra,/hdd/dj/testSmellDetection/data/cassandra/2017-03-20_TO_2017-09-20/files/247_a08a816a6a3497046ba75a38d76d5095347dfe95_TupleTypeTest.java,
cassandra,/hdd/dj/testSmellDetection/data/cassandra/2017-03-20_TO_2017-09-20//files//248_c6cd8246280acde5e2244d8960b2d5c17353424f_CompactionStrategyManagerPendingRepairTest.java,
cassandra,/hdd/dj/testSmellDetection/data/cassandra/2017-03-20_TO_2017-09-20/files/248_3cec208c40b85e1be0ff8c68fc9d9017945a1ed8_CompactionStrategyManagerPendingRepairTest.java,
cassandra,/hdd/dj/testSmellDetection/data/cassandra/2017-03-20_TO_2017-09-20//files//249_c6cd8246280acde5e2244d8960b2d5c17353424f_AbstractRepairTest.java,
cassandra,/hdd/dj/testSmellDetection/data/cassandra/2017-03-20_TO_2017-09-20/files/249_3cec208c40b85e1be0ff8c68fc9d9017945a1ed8_AbstractRepairTest.java,
cassandra,/hdd/dj/testSmellDetection/data/cassandra/2017-03-20_TO_2017-09-20/files/250_3cec208c40b85e1be0ff8c68fc9d9017945a1ed8_RepairRunnableTest.java,
cassandra,/hdd/dj/testSmellDetection/data/cassandra/2017-03-20_TO_2017-09-20//files//251_c6cd8246280acde5e2244d8960b2d5c17353424f_LocalSessionTest.java,
cassandra,/hdd/dj/testSmellDetection/data/cassandra/2017-03-20_TO_2017-09-20/files/251_3cec208c40b85e1be0ff8c68fc9d9017945a1ed8_LocalSessionTest.java,
cassandra,/hdd/dj/testSmellDetection/data/cassandra/2017-03-20_TO_2017-09-20//files//252_c6cd8246280acde5e2244d8960b2d5c17353424f_RepairOptionTest.java,
cassandra,/hdd/dj/testSmellDetection/data/cassandra/2017-03-20_TO_2017-09-20/files/252_3cec208c40b85e1be0ff8c68fc9d9017945a1ed8_RepairOptionTest.java,
cassandra,/hdd/dj/testSmellDetection/data/cassandra/2017-03-20_TO_2017-09-20//files//253_c6cd8246280acde5e2244d8960b2d5c17353424f_ActiveRepairServiceTest.java,
cassandra,/hdd/dj/testSmellDetection/data/cassandra/2017-03-20_TO_2017-09-20/files/253_3cec208c40b85e1be0ff8c68fc9d9017945a1ed8_ActiveRepairServiceTest.java,
cassandra,/hdd/dj/testSmellDetection/data/cassandra/2017-03-20_TO_2017-09-20//files//254_a08a816a6a3497046ba75a38d76d5095347dfe95_IndexSummaryTest.java,
cassandra,/hdd/dj/testSmellDetection/data/cassandra/2017-03-20_TO_2017-09-20/files/254_9882cd825ff95c88264c78dfcdc481aad6fc3522_IndexSummaryTest.java,
cassandra,/hdd/dj/testSmellDetection/data/cassandra/2017-03-20_TO_2017-09-20//files//255_9882cd825ff95c88264c78dfcdc481aad6fc3522_CommitLogSegmentManagerTest.java,
cassandra,/hdd/dj/testSmellDetection/data/cassandra/2017-03-20_TO_2017-09-20/files/255_d826c81874e5d13a30a418f8b982531cb7e5d158_CommitLogSegmentManagerTest.java,
cassandra,/hdd/dj/testSmellDetection/data/cassandra/2017-03-20_TO_2017-09-20//files//256_587c67e3b999a9320ac26754c0d29155fab31511_AlterTest.java,
cassandra,/hdd/dj/testSmellDetection/data/cassandra/2017-03-20_TO_2017-09-20/files/256_17a358c2cc2c583c3e0fa046ca8dee6d743ad1c5_AlterTest.java,
cassandra,/hdd/dj/testSmellDetection/data/cassandra/2017-03-20_TO_2017-09-20//files//257_587c67e3b999a9320ac26754c0d29155fab31511_CreateTest.java,
cassandra,/hdd/dj/testSmellDetection/data/cassandra/2017-03-20_TO_2017-09-20/files/257_17a358c2cc2c583c3e0fa046ca8dee6d743ad1c5_CreateTest.java,
cassandra,/hdd/dj/testSmellDetection/data/cassandra/2017-03-20_TO_2017-09-20//files//258_2a93c22a3a315eceae951a86e612fbe8a0a85702_TokenTreeTest.java,
cassandra,/hdd/dj/testSmellDetection/data/cassandra/2017-03-20_TO_2017-09-20/files/258_436761ed6afbfdc333c6642f6b4418d44712a0b7_TokenTreeTest.java,
cassandra,/hdd/dj/testSmellDetection/data/cassandra/2017-03-20_TO_2017-09-20//files//259_9ea61305ec30a476f48320c06f56d8d67000bbbe_CellTest.java,
cassandra,/hdd/dj/testSmellDetection/data/cassandra/2017-03-20_TO_2017-09-20/files/259_d79fc9a2258d10e8a54fd4136d5544e10ad3ddda_CellTest.java,
cassandra,/hdd/dj/testSmellDetection/data/cassandra/2017-03-20_TO_2017-09-20//files//260_9ea61305ec30a476f48320c06f56d8d67000bbbe_RowsTest.java,
cassandra,/hdd/dj/testSmellDetection/data/cassandra/2017-03-20_TO_2017-09-20/files/260_d79fc9a2258d10e8a54fd4136d5544e10ad3ddda_RowsTest.java,
