wicket,/hdd/dj/testSmellDetection/data/wicket/2016-11-14_TO_2017-05-14//files//0_8effc799a947a5cb13fe35009beca5e5301f7ccd_CsrfPreventionRequestCycleListenerTest.java,/hdd/dj/testSmellDetection/data/wicket/2016-11-14_TO_2017-05-14//files//0_8effc799a947a5cb13fe35009beca5e5301f7ccd_CsrfPreventionRequestCycleListener.java
wicket,/hdd/dj/testSmellDetection/data/wicket/2016-11-14_TO_2017-05-14/files/0_9aff085e4387222ac48ea5984d7e5141f5c0faa8_CsrfPreventionRequestCycleListenerTest.java,/hdd/dj/testSmellDetection/data/wicket/2016-11-14_TO_2017-05-14/files/0_9aff085e4387222ac48ea5984d7e5141f5c0faa8_CsrfPreventionRequestCycleListener.java
wicket,/hdd/dj/testSmellDetection/data/wicket/2016-11-14_TO_2017-05-14//files//1_fbd6615eb1291c96ad3b39342e9483eaa87ac4d0_CsrfPreventionRequestCycleListenerTest.java,/hdd/dj/testSmellDetection/data/wicket/2016-11-14_TO_2017-05-14//files//1_fbd6615eb1291c96ad3b39342e9483eaa87ac4d0_CsrfPreventionRequestCycleListener.java
wicket,/hdd/dj/testSmellDetection/data/wicket/2016-11-14_TO_2017-05-14/files/1_a4baf17a395f0b3f7ef7387bfbaa19651578ec0e_CsrfPreventionRequestCycleListenerTest.java,/hdd/dj/testSmellDetection/data/wicket/2016-11-14_TO_2017-05-14/files/1_a4baf17a395f0b3f7ef7387bfbaa19651578ec0e_CsrfPreventionRequestCycleListener.java
wicket,/hdd/dj/testSmellDetection/data/wicket/2016-11-14_TO_2017-05-14//files//2_a05bffd889380d0894ff9f04e3edb49975843dcd_CsrfPreventionRequestCycleListenerTest.java,/hdd/dj/testSmellDetection/data/wicket/2016-11-14_TO_2017-05-14//files//2_a05bffd889380d0894ff9f04e3edb49975843dcd_CsrfPreventionRequestCycleListener.java
wicket,/hdd/dj/testSmellDetection/data/wicket/2016-11-14_TO_2017-05-14/files/2_0884cddd3c77263d53f1148c4b651ed3c1eeab9c_CsrfPreventionRequestCycleListenerTest.java,/hdd/dj/testSmellDetection/data/wicket/2016-11-14_TO_2017-05-14/files/2_0884cddd3c77263d53f1148c4b651ed3c1eeab9c_CsrfPreventionRequestCycleListener.java
wicket,/hdd/dj/testSmellDetection/data/wicket/2016-11-14_TO_2017-05-14//files//3_9aff085e4387222ac48ea5984d7e5141f5c0faa8_CsrfPreventionRequestCycleListenerTest.java,/hdd/dj/testSmellDetection/data/wicket/2016-11-14_TO_2017-05-14//files//3_9aff085e4387222ac48ea5984d7e5141f5c0faa8_CsrfPreventionRequestCycleListener.java
wicket,/hdd/dj/testSmellDetection/data/wicket/2016-11-14_TO_2017-05-14/files/3_d9f4b88ba619640508bc812b6a522f47d58324c1_CsrfPreventionRequestCycleListenerTest.java,/hdd/dj/testSmellDetection/data/wicket/2016-11-14_TO_2017-05-14/files/3_d9f4b88ba619640508bc812b6a522f47d58324c1_CsrfPreventionRequestCycleListener.java
wicket,/hdd/dj/testSmellDetection/data/wicket/2016-11-14_TO_2017-05-14//files//4_a4baf17a395f0b3f7ef7387bfbaa19651578ec0e_CsrfPreventionRequestCycleListenerTest.java,/hdd/dj/testSmellDetection/data/wicket/2016-11-14_TO_2017-05-14//files//4_a4baf17a395f0b3f7ef7387bfbaa19651578ec0e_CsrfPreventionRequestCycleListener.java
wicket,/hdd/dj/testSmellDetection/data/wicket/2016-11-14_TO_2017-05-14/files/4_381fc81c22399de7fcd374eb7f047fda91e576fb_CsrfPreventionRequestCycleListenerTest.java,/hdd/dj/testSmellDetection/data/wicket/2016-11-14_TO_2017-05-14/files/4_381fc81c22399de7fcd374eb7f047fda91e576fb_CsrfPreventionRequestCycleListener.java
wicket,/hdd/dj/testSmellDetection/data/wicket/2016-11-14_TO_2017-05-14//files//5_0884cddd3c77263d53f1148c4b651ed3c1eeab9c_CsrfPreventionRequestCycleListenerTest.java,/hdd/dj/testSmellDetection/data/wicket/2016-11-14_TO_2017-05-14//files//5_0884cddd3c77263d53f1148c4b651ed3c1eeab9c_CsrfPreventionRequestCycleListener.java
wicket,/hdd/dj/testSmellDetection/data/wicket/2016-11-14_TO_2017-05-14/files/5_13e5d202ca0772c7a121f78357806f45b95533b8_CsrfPreventionRequestCycleListenerTest.java,/hdd/dj/testSmellDetection/data/wicket/2016-11-14_TO_2017-05-14/files/5_13e5d202ca0772c7a121f78357806f45b95533b8_CsrfPreventionRequestCycleListener.java
wicket,/hdd/dj/testSmellDetection/data/wicket/2016-11-14_TO_2017-05-14//files//6_40eca5b1bbdfdcfd89c9775b0618025e62a79d43_MarkupContainerTest.java,/hdd/dj/testSmellDetection/data/wicket/2016-11-14_TO_2017-05-14//files//6_40eca5b1bbdfdcfd89c9775b0618025e62a79d43_MarkupContainer.java
wicket,/hdd/dj/testSmellDetection/data/wicket/2016-11-14_TO_2017-05-14/files/6_c74869e4dca71fcbbedf7fc300aff85abcc67391_MarkupContainerTest.java,/hdd/dj/testSmellDetection/data/wicket/2016-11-14_TO_2017-05-14/files/6_c74869e4dca71fcbbedf7fc300aff85abcc67391_MarkupContainer.java
wicket,/hdd/dj/testSmellDetection/data/wicket/2016-11-14_TO_2017-05-14//files//7_c74869e4dca71fcbbedf7fc300aff85abcc67391_LambdaModelTest.java,/hdd/dj/testSmellDetection/data/wicket/2016-11-14_TO_2017-05-14//files//7_c74869e4dca71fcbbedf7fc300aff85abcc67391_LambdaModel.java
wicket,/hdd/dj/testSmellDetection/data/wicket/2016-11-14_TO_2017-05-14/files/7_b40e9e1cd9ad7a9ffc63ab6c329c8d9c8b78b924_LambdaModelTest.java,/hdd/dj/testSmellDetection/data/wicket/2016-11-14_TO_2017-05-14/files/7_b40e9e1cd9ad7a9ffc63ab6c329c8d9c8b78b924_LambdaModel.java
wicket,/hdd/dj/testSmellDetection/data/wicket/2016-11-14_TO_2017-05-14//files//8_b40e9e1cd9ad7a9ffc63ab6c329c8d9c8b78b924_LambdaModelTest.java,/hdd/dj/testSmellDetection/data/wicket/2016-11-14_TO_2017-05-14//files//8_b40e9e1cd9ad7a9ffc63ab6c329c8d9c8b78b924_LambdaModel.java
wicket,/hdd/dj/testSmellDetection/data/wicket/2016-11-14_TO_2017-05-14/files/8_61e99d82818636b84f19aa88fabbbccd44f7a074_LambdaModelTest.java,/hdd/dj/testSmellDetection/data/wicket/2016-11-14_TO_2017-05-14/files/8_61e99d82818636b84f19aa88fabbbccd44f7a074_LambdaModel.java
wicket,/hdd/dj/testSmellDetection/data/wicket/2016-11-14_TO_2017-05-14//files//9_21837bcccd78bb529c2f33fbcd947ff5b9732739_LambdaModelTest.java,/hdd/dj/testSmellDetection/data/wicket/2016-11-14_TO_2017-05-14//files//9_21837bcccd78bb529c2f33fbcd947ff5b9732739_LambdaModel.java
wicket,/hdd/dj/testSmellDetection/data/wicket/2016-11-14_TO_2017-05-14/files/9_a42a27b5df594678433ce37ff918103d6924946f_LambdaModelTest.java,/hdd/dj/testSmellDetection/data/wicket/2016-11-14_TO_2017-05-14/files/9_a42a27b5df594678433ce37ff918103d6924946f_LambdaModel.java
wicket,/hdd/dj/testSmellDetection/data/wicket/2016-11-14_TO_2017-05-14/files/10_4b600a200ec1eb513dc3f4643c53e7fea91f35cc_ApacheLicenceHeaderTest.java,
wicket,/hdd/dj/testSmellDetection/data/wicket/2016-11-14_TO_2017-05-14//files//11_bcd212963eadfb4cb68773f6761724d55a2c230d_TagTesterTest.java,/hdd/dj/testSmellDetection/data/wicket/2016-11-14_TO_2017-05-14//files//11_bcd212963eadfb4cb68773f6761724d55a2c230d_TagTester.java
wicket,/hdd/dj/testSmellDetection/data/wicket/2016-11-14_TO_2017-05-14/files/11_e49460fc383fafdf719451b1a2f24c2764e1c482_TagTesterTest.java,
wicket,/hdd/dj/testSmellDetection/data/wicket/2016-11-14_TO_2017-05-14//files//12_4b600a200ec1eb513dc3f4643c53e7fea91f35cc_TagTesterTest.java,/hdd/dj/testSmellDetection/data/wicket/2016-11-14_TO_2017-05-14//files//12_4b600a200ec1eb513dc3f4643c53e7fea91f35cc_TagTester.java
wicket,/hdd/dj/testSmellDetection/data/wicket/2016-11-14_TO_2017-05-14/files/12_51b934007a19a51bcb8e56d3c28101dd5f92e6db_TagTesterTest.java,/hdd/dj/testSmellDetection/data/wicket/2016-11-14_TO_2017-05-14/files/12_51b934007a19a51bcb8e56d3c28101dd5f92e6db_TagTester.java
wicket,/hdd/dj/testSmellDetection/data/wicket/2016-11-14_TO_2017-05-14//files//13_13e5d202ca0772c7a121f78357806f45b95533b8_TagTesterTest.java,/hdd/dj/testSmellDetection/data/wicket/2016-11-14_TO_2017-05-14//files//13_13e5d202ca0772c7a121f78357806f45b95533b8_TagTester.java
wicket,/hdd/dj/testSmellDetection/data/wicket/2016-11-14_TO_2017-05-14/files/13_c6f3efb72f830088f4fa22f7d9a27a5a2b1f3136_TagTesterTest.java,
wicket,/hdd/dj/testSmellDetection/data/wicket/2016-11-14_TO_2017-05-14//files//14_ee73820324114e1d1c2ca302ddc45beac8e54a6b_AttributeModifierTest.java,/hdd/dj/testSmellDetection/data/wicket/2016-11-14_TO_2017-05-14//files//14_ee73820324114e1d1c2ca302ddc45beac8e54a6b_AttributeModifier.java
wicket,/hdd/dj/testSmellDetection/data/wicket/2016-11-14_TO_2017-05-14/files/14_b523a40ec0c1586aa90af7125498077aa9c3b4f5_AttributeModifierTest.java,/hdd/dj/testSmellDetection/data/wicket/2016-11-14_TO_2017-05-14/files/14_b523a40ec0c1586aa90af7125498077aa9c3b4f5_AttributeModifier.java
wicket,/hdd/dj/testSmellDetection/data/wicket/2016-11-14_TO_2017-05-14//files//15_ff7eb1e7f1eec48a0e2c4abae39328ef307e7e40_AttributeModifierTest.java,/hdd/dj/testSmellDetection/data/wicket/2016-11-14_TO_2017-05-14//files//15_ff7eb1e7f1eec48a0e2c4abae39328ef307e7e40_AttributeModifier.java
wicket,/hdd/dj/testSmellDetection/data/wicket/2016-11-14_TO_2017-05-14/files/15_0c40a9d21b5adcca4457a84e3d4ea69b5d16359d_AttributeModifierTest.java,/hdd/dj/testSmellDetection/data/wicket/2016-11-14_TO_2017-05-14/files/15_0c40a9d21b5adcca4457a84e3d4ea69b5d16359d_AttributeModifier.java
wicket,/hdd/dj/testSmellDetection/data/wicket/2016-11-14_TO_2017-05-14//files//16_c6f3efb72f830088f4fa22f7d9a27a5a2b1f3136_AttributeModifierTest.java,/hdd/dj/testSmellDetection/data/wicket/2016-11-14_TO_2017-05-14//files//16_c6f3efb72f830088f4fa22f7d9a27a5a2b1f3136_AttributeModifier.java
wicket,/hdd/dj/testSmellDetection/data/wicket/2016-11-14_TO_2017-05-14/files/16_dd5108c90e008913f1a48eff0f9740450a3c0dcf_AttributeModifierTest.java,/hdd/dj/testSmellDetection/data/wicket/2016-11-14_TO_2017-05-14/files/16_dd5108c90e008913f1a48eff0f9740450a3c0dcf_AttributeModifier.java
wicket,/hdd/dj/testSmellDetection/data/wicket/2016-11-14_TO_2017-05-14//files//17_b523a40ec0c1586aa90af7125498077aa9c3b4f5_AjaxRequestHandlerTest.java,/hdd/dj/testSmellDetection/data/wicket/2016-11-14_TO_2017-05-14//files//17_b523a40ec0c1586aa90af7125498077aa9c3b4f5_AjaxRequestHandler.java
wicket,/hdd/dj/testSmellDetection/data/wicket/2016-11-14_TO_2017-05-14/files/17_f75b829731602711d9d7d25f9a0bb452a60d96dc_AjaxRequestHandlerTest.java,/hdd/dj/testSmellDetection/data/wicket/2016-11-14_TO_2017-05-14/files/17_f75b829731602711d9d7d25f9a0bb452a60d96dc_AjaxRequestHandler.java
wicket,/hdd/dj/testSmellDetection/data/wicket/2016-11-14_TO_2017-05-14//files//18_b523a40ec0c1586aa90af7125498077aa9c3b4f5_GlobalUpdateAjaxAttributesTest.java,
wicket,/hdd/dj/testSmellDetection/data/wicket/2016-11-14_TO_2017-05-14/files/18_f75b829731602711d9d7d25f9a0bb452a60d96dc_GlobalUpdateAjaxAttributesTest.java,
wicket,/hdd/dj/testSmellDetection/data/wicket/2016-11-14_TO_2017-05-14//files//19_b523a40ec0c1586aa90af7125498077aa9c3b4f5_ResponseIOExceptionTest.java,/hdd/dj/testSmellDetection/data/wicket/2016-11-14_TO_2017-05-14//files//19_b523a40ec0c1586aa90af7125498077aa9c3b4f5_ResponseIOException.java
wicket,/hdd/dj/testSmellDetection/data/wicket/2016-11-14_TO_2017-05-14/files/19_f75b829731602711d9d7d25f9a0bb452a60d96dc_ResponseIOExceptionTest.java,/hdd/dj/testSmellDetection/data/wicket/2016-11-14_TO_2017-05-14/files/19_f75b829731602711d9d7d25f9a0bb452a60d96dc_ResponseIOException.java
wicket,/hdd/dj/testSmellDetection/data/wicket/2016-11-14_TO_2017-05-14//files//20_b523a40ec0c1586aa90af7125498077aa9c3b4f5_PageRequestHandlerTrackerTest.java,/hdd/dj/testSmellDetection/data/wicket/2016-11-14_TO_2017-05-14//files//20_b523a40ec0c1586aa90af7125498077aa9c3b4f5_PageRequestHandlerTracker.java
wicket,/hdd/dj/testSmellDetection/data/wicket/2016-11-14_TO_2017-05-14/files/20_f75b829731602711d9d7d25f9a0bb452a60d96dc_PageRequestHandlerTrackerTest.java,/hdd/dj/testSmellDetection/data/wicket/2016-11-14_TO_2017-05-14/files/20_f75b829731602711d9d7d25f9a0bb452a60d96dc_PageRequestHandlerTracker.java
wicket,/hdd/dj/testSmellDetection/data/wicket/2016-11-14_TO_2017-05-14//files//21_b523a40ec0c1586aa90af7125498077aa9c3b4f5_RequestCycleListenerDetachOrderTest.java,
wicket,/hdd/dj/testSmellDetection/data/wicket/2016-11-14_TO_2017-05-14/files/21_f75b829731602711d9d7d25f9a0bb452a60d96dc_RequestCycleListenerDetachOrderTest.java,
wicket,/hdd/dj/testSmellDetection/data/wicket/2016-11-14_TO_2017-05-14//files//22_b523a40ec0c1586aa90af7125498077aa9c3b4f5_RequestCycleListenerTest.java,
wicket,/hdd/dj/testSmellDetection/data/wicket/2016-11-14_TO_2017-05-14/files/22_f75b829731602711d9d7d25f9a0bb452a60d96dc_RequestCycleListenerTest.java,
wicket,/hdd/dj/testSmellDetection/data/wicket/2016-11-14_TO_2017-05-14//files//23_b523a40ec0c1586aa90af7125498077aa9c3b4f5_WebSocketTesterRequestCycleListenerTest.java,
wicket,/hdd/dj/testSmellDetection/data/wicket/2016-11-14_TO_2017-05-14/files/23_f75b829731602711d9d7d25f9a0bb452a60d96dc_WebSocketTesterRequestCycleListenerTest.java,
wicket,/hdd/dj/testSmellDetection/data/wicket/2016-11-14_TO_2017-05-14//files//24_f75b829731602711d9d7d25f9a0bb452a60d96dc_AttributeModifierTest.java,/hdd/dj/testSmellDetection/data/wicket/2016-11-14_TO_2017-05-14//files//24_f75b829731602711d9d7d25f9a0bb452a60d96dc_AttributeModifier.java
wicket,/hdd/dj/testSmellDetection/data/wicket/2016-11-14_TO_2017-05-14/files/24_7ffeceaca25d4cc0c6c3caf432640de89fb0b38f_AttributeModifierTest.java,/hdd/dj/testSmellDetection/data/wicket/2016-11-14_TO_2017-05-14/files/24_7ffeceaca25d4cc0c6c3caf432640de89fb0b38f_AttributeModifier.java
wicket,/hdd/dj/testSmellDetection/data/wicket/2016-11-14_TO_2017-05-14//files//25_0c40a9d21b5adcca4457a84e3d4ea69b5d16359d_AttributeModifierTest.java,/hdd/dj/testSmellDetection/data/wicket/2016-11-14_TO_2017-05-14//files//25_0c40a9d21b5adcca4457a84e3d4ea69b5d16359d_AttributeModifier.java
wicket,/hdd/dj/testSmellDetection/data/wicket/2016-11-14_TO_2017-05-14/files/25_5e77d642eef1873ac5e9d486088505a48163a96f_AttributeModifierTest.java,/hdd/dj/testSmellDetection/data/wicket/2016-11-14_TO_2017-05-14/files/25_5e77d642eef1873ac5e9d486088505a48163a96f_AttributeModifier.java
wicket,/hdd/dj/testSmellDetection/data/wicket/2016-11-14_TO_2017-05-14//files//26_dd5108c90e008913f1a48eff0f9740450a3c0dcf_AttributeModifierTest.java,/hdd/dj/testSmellDetection/data/wicket/2016-11-14_TO_2017-05-14//files//26_dd5108c90e008913f1a48eff0f9740450a3c0dcf_AttributeModifier.java
wicket,/hdd/dj/testSmellDetection/data/wicket/2016-11-14_TO_2017-05-14/files/26_42c7f9118ec74cec5040dd00ccd97ffdee344905_AttributeModifierTest.java,/hdd/dj/testSmellDetection/data/wicket/2016-11-14_TO_2017-05-14/files/26_42c7f9118ec74cec5040dd00ccd97ffdee344905_AttributeModifier.java
wicket,/hdd/dj/testSmellDetection/data/wicket/2016-11-14_TO_2017-05-14//files//27_a1fd7ec532f34a1ddb8cd4ca57f151e788fa0b11_ConversationPropagatorTest.java,/hdd/dj/testSmellDetection/data/wicket/2016-11-14_TO_2017-05-14//files//27_a1fd7ec532f34a1ddb8cd4ca57f151e788fa0b11_ConversationPropagator.java
wicket,/hdd/dj/testSmellDetection/data/wicket/2016-11-14_TO_2017-05-14/files/27_fac2d71c0bbbf478e4da9ea9e629b46d9ba05b31_ConversationPropagatorTest.java,/hdd/dj/testSmellDetection/data/wicket/2016-11-14_TO_2017-05-14/files/27_fac2d71c0bbbf478e4da9ea9e629b46d9ba05b31_ConversationPropagator.java
wicket,/hdd/dj/testSmellDetection/data/wicket/2016-11-14_TO_2017-05-14//files//28_a1fd7ec532f34a1ddb8cd4ca57f151e788fa0b11_TestConversationPage.java,
wicket,/hdd/dj/testSmellDetection/data/wicket/2016-11-14_TO_2017-05-14/files/28_fac2d71c0bbbf478e4da9ea9e629b46d9ba05b31_TestConversationPage.java,
wicket,/hdd/dj/testSmellDetection/data/wicket/2016-11-14_TO_2017-05-14//files//29_fac2d71c0bbbf478e4da9ea9e629b46d9ba05b31_PageParametersTest.java,/hdd/dj/testSmellDetection/data/wicket/2016-11-14_TO_2017-05-14//files//29_fac2d71c0bbbf478e4da9ea9e629b46d9ba05b31_PageParameters.java
wicket,/hdd/dj/testSmellDetection/data/wicket/2016-11-14_TO_2017-05-14/files/29_6e8808cc199d1804326be3d84f061b5232779513_PageParametersTest.java,/hdd/dj/testSmellDetection/data/wicket/2016-11-14_TO_2017-05-14/files/29_6e8808cc199d1804326be3d84f061b5232779513_PageParameters.java
wicket,/hdd/dj/testSmellDetection/data/wicket/2016-11-14_TO_2017-05-14//files//30_4dc4fa92c8d834d52d2e4e64f6ce006f2fd5fa90_ConversationPropagatorTest.java,/hdd/dj/testSmellDetection/data/wicket/2016-11-14_TO_2017-05-14//files//30_4dc4fa92c8d834d52d2e4e64f6ce006f2fd5fa90_ConversationPropagator.java
wicket,/hdd/dj/testSmellDetection/data/wicket/2016-11-14_TO_2017-05-14/files/30_dedc55c6c153e4e830b75a38176433900f7f9f4b_ConversationPropagatorTest.java,/hdd/dj/testSmellDetection/data/wicket/2016-11-14_TO_2017-05-14/files/30_dedc55c6c153e4e830b75a38176433900f7f9f4b_ConversationPropagator.java
wicket,/hdd/dj/testSmellDetection/data/wicket/2016-11-14_TO_2017-05-14//files//31_4dc4fa92c8d834d52d2e4e64f6ce006f2fd5fa90_TestConversationPage.java,
wicket,/hdd/dj/testSmellDetection/data/wicket/2016-11-14_TO_2017-05-14/files/31_dedc55c6c153e4e830b75a38176433900f7f9f4b_TestConversationPage.java,
wicket,/hdd/dj/testSmellDetection/data/wicket/2016-11-14_TO_2017-05-14//files//32_dedc55c6c153e4e830b75a38176433900f7f9f4b_PageParametersTest.java,/hdd/dj/testSmellDetection/data/wicket/2016-11-14_TO_2017-05-14//files//32_dedc55c6c153e4e830b75a38176433900f7f9f4b_PageParameters.java
wicket,/hdd/dj/testSmellDetection/data/wicket/2016-11-14_TO_2017-05-14/files/32_d4347f2074cbe2b7e7496132429736f73666f672_PageParametersTest.java,/hdd/dj/testSmellDetection/data/wicket/2016-11-14_TO_2017-05-14/files/32_d4347f2074cbe2b7e7496132429736f73666f672_PageParameters.java
wicket,/hdd/dj/testSmellDetection/data/wicket/2016-11-14_TO_2017-05-14//files//33_6e8808cc199d1804326be3d84f061b5232779513_PageParametersTest.java,/hdd/dj/testSmellDetection/data/wicket/2016-11-14_TO_2017-05-14//files//33_6e8808cc199d1804326be3d84f061b5232779513_PageParameters.java
wicket,/hdd/dj/testSmellDetection/data/wicket/2016-11-14_TO_2017-05-14/files/33_f5a774318f98bc35e2a2e884d6b200d7c799c544_PageParametersTest.java,/hdd/dj/testSmellDetection/data/wicket/2016-11-14_TO_2017-05-14/files/33_f5a774318f98bc35e2a2e884d6b200d7c799c544_PageParameters.java
wicket,/hdd/dj/testSmellDetection/data/wicket/2016-11-14_TO_2017-05-14/files/34_41313cb841388cbd43e7e201e0b29551b966bd85_ResourceReferenceLambdaTest.java,
wicket,/hdd/dj/testSmellDetection/data/wicket/2016-11-14_TO_2017-05-14//files//35_bc7a60fd1864ef1d339a598c5ade8f093e58f1e8_ResourceReferenceLambdaTest.java,
wicket,/hdd/dj/testSmellDetection/data/wicket/2016-11-14_TO_2017-05-14/files/35_9a10fcd8553fb094b930e78e2f54ea93489d1b40_ResourceReferenceLambdaTest.java,
wicket,/hdd/dj/testSmellDetection/data/wicket/2016-11-14_TO_2017-05-14//files//36_fc408eeeb806b745f77e60a015eb6dd888039d2f_BytesTest.java,/hdd/dj/testSmellDetection/data/wicket/2016-11-14_TO_2017-05-14//files//36_fc408eeeb806b745f77e60a015eb6dd888039d2f_Bytes.java
wicket,/hdd/dj/testSmellDetection/data/wicket/2016-11-14_TO_2017-05-14/files/36_1ea7b7e44c73884abb6458c834988e1baa92f342_BytesTest.java,/hdd/dj/testSmellDetection/data/wicket/2016-11-14_TO_2017-05-14/files/36_1ea7b7e44c73884abb6458c834988e1baa92f342_Bytes.java
wicket,/hdd/dj/testSmellDetection/data/wicket/2016-11-14_TO_2017-05-14//files//37_dd5b133581c755d46faaa9c0e2350aa1a00f2295_ConvertersTest.java,
wicket,/hdd/dj/testSmellDetection/data/wicket/2016-11-14_TO_2017-05-14/files/37_d0d8b3754637c20809a854a10ed96e2d0090b071_ConvertersTest.java,
wicket,/hdd/dj/testSmellDetection/data/wicket/2016-11-14_TO_2017-05-14//files//38_dd5b133581c755d46faaa9c0e2350aa1a00f2295_BytesTest.java,/hdd/dj/testSmellDetection/data/wicket/2016-11-14_TO_2017-05-14//files//38_dd5b133581c755d46faaa9c0e2350aa1a00f2295_Bytes.java
wicket,/hdd/dj/testSmellDetection/data/wicket/2016-11-14_TO_2017-05-14/files/38_d0d8b3754637c20809a854a10ed96e2d0090b071_BytesTest.java,/hdd/dj/testSmellDetection/data/wicket/2016-11-14_TO_2017-05-14/files/38_d0d8b3754637c20809a854a10ed96e2d0090b071_Bytes.java
wicket,/hdd/dj/testSmellDetection/data/wicket/2016-11-14_TO_2017-05-14//files//39_dd5b133581c755d46faaa9c0e2350aa1a00f2295_BytesTest.java,/hdd/dj/testSmellDetection/data/wicket/2016-11-14_TO_2017-05-14//files//39_dd5b133581c755d46faaa9c0e2350aa1a00f2295_Bytes.java
wicket,/hdd/dj/testSmellDetection/data/wicket/2016-11-14_TO_2017-05-14/files/39_d0d8b3754637c20809a854a10ed96e2d0090b071_BytesTest.java,/hdd/dj/testSmellDetection/data/wicket/2016-11-14_TO_2017-05-14/files/39_d0d8b3754637c20809a854a10ed96e2d0090b071_Bytes.java
wicket,/hdd/dj/testSmellDetection/data/wicket/2016-11-14_TO_2017-05-14//files//40_d0d8b3754637c20809a854a10ed96e2d0090b071_BytesTest.java,/hdd/dj/testSmellDetection/data/wicket/2016-11-14_TO_2017-05-14//files//40_d0d8b3754637c20809a854a10ed96e2d0090b071_Bytes.java
wicket,/hdd/dj/testSmellDetection/data/wicket/2016-11-14_TO_2017-05-14/files/40_056532206acd02f15c7727070a9ff160f2216bda_BytesTest.java,/hdd/dj/testSmellDetection/data/wicket/2016-11-14_TO_2017-05-14/files/40_056532206acd02f15c7727070a9ff160f2216bda_Bytes.java
wicket,/hdd/dj/testSmellDetection/data/wicket/2016-11-14_TO_2017-05-14//files//41_ce66c242ad83266a4f5c01363b4b446138b054e9_AutolinkTest.java,
wicket,/hdd/dj/testSmellDetection/data/wicket/2016-11-14_TO_2017-05-14/files/41_ba0f578f53b158ff375e7de6dd7097c7ff93ac79_AutolinkTest.java,
wicket,/hdd/dj/testSmellDetection/data/wicket/2016-11-14_TO_2017-05-14//files//42_7eba9998e341ff1b938e0ac3d5a62435cb5bfc75_AutolinkTest.java,
wicket,/hdd/dj/testSmellDetection/data/wicket/2016-11-14_TO_2017-05-14/files/42_522a1b5a87f1d89fad961c0561391d2b4bb59ac8_AutolinkTest.java,
wicket,/hdd/dj/testSmellDetection/data/wicket/2016-11-14_TO_2017-05-14//files//43_9d946b663959f62c61b7cc6e89b8b8998340767d_AutolinkTest.java,
wicket,/hdd/dj/testSmellDetection/data/wicket/2016-11-14_TO_2017-05-14/files/43_c22e46c8fd6caa9e7697320700062c4f52663551_AutolinkTest.java,
wicket,/hdd/dj/testSmellDetection/data/wicket/2016-11-14_TO_2017-05-14//files//44_ac369b16ef5ea10c2e6c1061c6cb3f95bc347223_ListenerInterfaceRequestHandlerTest.java,/hdd/dj/testSmellDetection/data/wicket/2016-11-14_TO_2017-05-14//files//44_ac369b16ef5ea10c2e6c1061c6cb3f95bc347223_ListenerInterfaceRequestHandler.java
wicket,/hdd/dj/testSmellDetection/data/wicket/2016-11-14_TO_2017-05-14/files/44_bc88aca39f514ea9b166d339a9f8821a6d480f4a_ListenerInterfaceRequestHandlerTest.java,/hdd/dj/testSmellDetection/data/wicket/2016-11-14_TO_2017-05-14/files/44_bc88aca39f514ea9b166d339a9f8821a6d480f4a_ListenerInterfaceRequestHandler.java
wicket,/hdd/dj/testSmellDetection/data/wicket/2016-11-14_TO_2017-05-14//files//45_95d64446ad3b074382456d55aafd960d867463fe_ListenerInterfaceRequestHandlerTest.java,/hdd/dj/testSmellDetection/data/wicket/2016-11-14_TO_2017-05-14//files//45_95d64446ad3b074382456d55aafd960d867463fe_ListenerInterfaceRequestHandler.java
wicket,/hdd/dj/testSmellDetection/data/wicket/2016-11-14_TO_2017-05-14/files/45_8d78d00caca97fa42db8670afec05a6c66152f42_ListenerInterfaceRequestHandlerTest.java,/hdd/dj/testSmellDetection/data/wicket/2016-11-14_TO_2017-05-14/files/45_8d78d00caca97fa42db8670afec05a6c66152f42_ListenerInterfaceRequestHandler.java
wicket,/hdd/dj/testSmellDetection/data/wicket/2016-11-14_TO_2017-05-14//files//46_ce66c242ad83266a4f5c01363b4b446138b054e9_CssUrlReplacerTest.java,/hdd/dj/testSmellDetection/data/wicket/2016-11-14_TO_2017-05-14//files//46_ce66c242ad83266a4f5c01363b4b446138b054e9_CssUrlReplacer.java
wicket,/hdd/dj/testSmellDetection/data/wicket/2016-11-14_TO_2017-05-14/files/46_a8823997fbcd326baa8fafbccfc386ff01c14c4d_CssUrlReplacerTest.java,/hdd/dj/testSmellDetection/data/wicket/2016-11-14_TO_2017-05-14/files/46_a8823997fbcd326baa8fafbccfc386ff01c14c4d_CssUrlReplacer.java
wicket,/hdd/dj/testSmellDetection/data/wicket/2016-11-14_TO_2017-05-14//files//47_8d78d00caca97fa42db8670afec05a6c66152f42_CssUrlReplacerTest.java,/hdd/dj/testSmellDetection/data/wicket/2016-11-14_TO_2017-05-14//files//47_8d78d00caca97fa42db8670afec05a6c66152f42_CssUrlReplacer.java
wicket,/hdd/dj/testSmellDetection/data/wicket/2016-11-14_TO_2017-05-14/files/47_3db582cfe3ef755707aace9029b0c2ba9f46a706_CssUrlReplacerTest.java,/hdd/dj/testSmellDetection/data/wicket/2016-11-14_TO_2017-05-14/files/47_3db582cfe3ef755707aace9029b0c2ba9f46a706_CssUrlReplacer.java
wicket,/hdd/dj/testSmellDetection/data/wicket/2016-11-14_TO_2017-05-14//files//48_b29055db8afff1fbbb5f83c92ea8148212ce7478_CssUrlReplacerTest.java,/hdd/dj/testSmellDetection/data/wicket/2016-11-14_TO_2017-05-14//files//48_b29055db8afff1fbbb5f83c92ea8148212ce7478_CssUrlReplacer.java
wicket,/hdd/dj/testSmellDetection/data/wicket/2016-11-14_TO_2017-05-14/files/48_4d91c314c45682067d06665b5c0ea8eab8971891_CssUrlReplacerTest.java,/hdd/dj/testSmellDetection/data/wicket/2016-11-14_TO_2017-05-14/files/48_4d91c314c45682067d06665b5c0ea8eab8971891_CssUrlReplacer.java
wicket,/hdd/dj/testSmellDetection/data/wicket/2016-11-14_TO_2017-05-14//files//49_81684f93dde752bed5208353a035a524430d08be_LambdasTest.java,/hdd/dj/testSmellDetection/data/wicket/2016-11-14_TO_2017-05-14//files//49_81684f93dde752bed5208353a035a524430d08be_Lambdas.java
wicket,/hdd/dj/testSmellDetection/data/wicket/2016-11-14_TO_2017-05-14/files/49_673fd05dda93549756f0b86e780ec8be217b2de0_LambdasTest.java,/hdd/dj/testSmellDetection/data/wicket/2016-11-14_TO_2017-05-14/files/49_673fd05dda93549756f0b86e780ec8be217b2de0_Lambdas.java
wicket,/hdd/dj/testSmellDetection/data/wicket/2016-11-14_TO_2017-05-14//files//50_b29055db8afff1fbbb5f83c92ea8148212ce7478_CssUrlReplacerTest.java,/hdd/dj/testSmellDetection/data/wicket/2016-11-14_TO_2017-05-14//files//50_b29055db8afff1fbbb5f83c92ea8148212ce7478_CssUrlReplacer.java
wicket,/hdd/dj/testSmellDetection/data/wicket/2016-11-14_TO_2017-05-14/files/50_6400416cd238052ac41a6365e70369d1b4593151_CssUrlReplacerTest.java,/hdd/dj/testSmellDetection/data/wicket/2016-11-14_TO_2017-05-14/files/50_6400416cd238052ac41a6365e70369d1b4593151_CssUrlReplacer.java
wicket,/hdd/dj/testSmellDetection/data/wicket/2016-11-14_TO_2017-05-14//files//51_b8e1d5ce84a711551cae9cd8cf5389f126493870_NestedFormsTest.java,
wicket,/hdd/dj/testSmellDetection/data/wicket/2016-11-14_TO_2017-05-14/files/51_3824853be87af927dcde0b9cc6761f59738051a9_NestedFormsTest.java,
wicket,/hdd/dj/testSmellDetection/data/wicket/2016-11-14_TO_2017-05-14//files//52_5bfa280b2b7fb9dc7861d582a9c6e37d106be879_CssUrlReplacerTest.java,/hdd/dj/testSmellDetection/data/wicket/2016-11-14_TO_2017-05-14//files//52_5bfa280b2b7fb9dc7861d582a9c6e37d106be879_CssUrlReplacer.java
wicket,/hdd/dj/testSmellDetection/data/wicket/2016-11-14_TO_2017-05-14/files/52_091dbbe4a714018517127665923b9030ae9376cb_CssUrlReplacerTest.java,/hdd/dj/testSmellDetection/data/wicket/2016-11-14_TO_2017-05-14/files/52_091dbbe4a714018517127665923b9030ae9376cb_CssUrlReplacer.java
wicket,/hdd/dj/testSmellDetection/data/wicket/2016-11-14_TO_2017-05-14//files//53_7e42573b13ca198cbee68f7242775b389139d8a6_CssUrlReplacerTest.java,/hdd/dj/testSmellDetection/data/wicket/2016-11-14_TO_2017-05-14//files//53_7e42573b13ca198cbee68f7242775b389139d8a6_CssUrlReplacer.java
wicket,/hdd/dj/testSmellDetection/data/wicket/2016-11-14_TO_2017-05-14/files/53_e493b0435ee66d2256ca02a972b01b6e9b4e01ae_CssUrlReplacerTest.java,/hdd/dj/testSmellDetection/data/wicket/2016-11-14_TO_2017-05-14/files/53_e493b0435ee66d2256ca02a972b01b6e9b4e01ae_CssUrlReplacer.java
wicket,/hdd/dj/testSmellDetection/data/wicket/2016-11-14_TO_2017-05-14//files//54_aedb98764039ddabc30cce6cf1bec8c7cab1ca4e_FormTest.java,/hdd/dj/testSmellDetection/data/wicket/2016-11-14_TO_2017-05-14//files//54_aedb98764039ddabc30cce6cf1bec8c7cab1ca4e_Form.java
wicket,/hdd/dj/testSmellDetection/data/wicket/2016-11-14_TO_2017-05-14/files/54_bcd55813b3afbccb5675096930aee6281c5cba3a_FormTest.java,/hdd/dj/testSmellDetection/data/wicket/2016-11-14_TO_2017-05-14/files/54_bcd55813b3afbccb5675096930aee6281c5cba3a_Form.java
wicket,/hdd/dj/testSmellDetection/data/wicket/2016-11-14_TO_2017-05-14//files//55_aedb98764039ddabc30cce6cf1bec8c7cab1ca4e_TextFieldTest.java,/hdd/dj/testSmellDetection/data/wicket/2016-11-14_TO_2017-05-14//files//55_aedb98764039ddabc30cce6cf1bec8c7cab1ca4e_TextField.java
wicket,/hdd/dj/testSmellDetection/data/wicket/2016-11-14_TO_2017-05-14/files/55_bcd55813b3afbccb5675096930aee6281c5cba3a_TextFieldTest.java,/hdd/dj/testSmellDetection/data/wicket/2016-11-14_TO_2017-05-14/files/55_bcd55813b3afbccb5675096930aee6281c5cba3a_TextField.java
wicket,/hdd/dj/testSmellDetection/data/wicket/2016-11-14_TO_2017-05-14//files//56_43b8e60b6750f68b78343186fb86222c28398ae1_FormTest.java,/hdd/dj/testSmellDetection/data/wicket/2016-11-14_TO_2017-05-14//files//56_43b8e60b6750f68b78343186fb86222c28398ae1_Form.java
wicket,/hdd/dj/testSmellDetection/data/wicket/2016-11-14_TO_2017-05-14/files/56_7e1724da9da8a609e81b3e240f83c60dc8ebd80b_FormTest.java,/hdd/dj/testSmellDetection/data/wicket/2016-11-14_TO_2017-05-14/files/56_7e1724da9da8a609e81b3e240f83c60dc8ebd80b_Form.java
wicket,/hdd/dj/testSmellDetection/data/wicket/2016-11-14_TO_2017-05-14//files//57_43b8e60b6750f68b78343186fb86222c28398ae1_TextFieldTest.java,/hdd/dj/testSmellDetection/data/wicket/2016-11-14_TO_2017-05-14//files//57_43b8e60b6750f68b78343186fb86222c28398ae1_TextField.java
wicket,/hdd/dj/testSmellDetection/data/wicket/2016-11-14_TO_2017-05-14/files/57_7e1724da9da8a609e81b3e240f83c60dc8ebd80b_TextFieldTest.java,/hdd/dj/testSmellDetection/data/wicket/2016-11-14_TO_2017-05-14/files/57_7e1724da9da8a609e81b3e240f83c60dc8ebd80b_TextField.java
wicket,/hdd/dj/testSmellDetection/data/wicket/2016-11-14_TO_2017-05-14//files//58_5a4a6a7d8be0639005d25231d35ef60050af74d8_ApacheLicenceHeaderTest.java,
wicket,/hdd/dj/testSmellDetection/data/wicket/2016-11-14_TO_2017-05-14//files//59_d9bfc96e6cb67a382ed1800d9900ff6f30b8b218_TesterAsyncSupport.java,
wicket,/hdd/dj/testSmellDetection/data/wicket/2016-11-14_TO_2017-05-14//files//60_d9bfc96e6cb67a382ed1800d9900ff6f30b8b218_TesterAtmosphereBehavior.java,
wicket,/hdd/dj/testSmellDetection/data/wicket/2016-11-14_TO_2017-05-14//files//61_d9bfc96e6cb67a382ed1800d9900ff6f30b8b218_TesterBroadcaster.java,
wicket,/hdd/dj/testSmellDetection/data/wicket/2016-11-14_TO_2017-05-14//files//62_d9bfc96e6cb67a382ed1800d9900ff6f30b8b218_TesterBroadcasterFactory.java,
wicket,/hdd/dj/testSmellDetection/data/wicket/2016-11-14_TO_2017-05-14//files//63_d9bfc96e6cb67a382ed1800d9900ff6f30b8b218_AtmosphereTesterTest.java,/hdd/dj/testSmellDetection/data/wicket/2016-11-14_TO_2017-05-14//files//63_d9bfc96e6cb67a382ed1800d9900ff6f30b8b218_AtmosphereTester.java
wicket,/hdd/dj/testSmellDetection/data/wicket/2016-11-14_TO_2017-05-14//files//64_d9bfc96e6cb67a382ed1800d9900ff6f30b8b218_ApacheLicenceHeaderTest.java,
wicket,/hdd/dj/testSmellDetection/data/wicket/2016-11-14_TO_2017-05-14//files//65_1bf8ca049f917f0ffa56da90ad71dda1339ab5e8_ComponentBorderTest.java,
wicket,/hdd/dj/testSmellDetection/data/wicket/2016-11-14_TO_2017-05-14/files/65_954750ce1bf7bcee321c9d2a35e278eace8fca85_ComponentBorderTest.java,
wicket,/hdd/dj/testSmellDetection/data/wicket/2016-11-14_TO_2017-05-14//files//66_796b20ac68557f55bcdc46c14f918685ebccb4d5_ComponentBorderTest.java,
wicket,/hdd/dj/testSmellDetection/data/wicket/2016-11-14_TO_2017-05-14/files/66_321ccb814413cdc6cbbce7b3cdf24bc49e028aac_ComponentBorderTest.java,
wicket,/hdd/dj/testSmellDetection/data/wicket/2016-11-14_TO_2017-05-14//files//67_65dffc14c3e6074c1b4fd2451b4e5934ad8d1458_ApacheLicenceHeaderTest.java,
wicket,/hdd/dj/testSmellDetection/data/wicket/2016-11-14_TO_2017-05-14//files//68_f7a669086b0b50a283b9d12c78b6ce1de3153a36_ListenerInterfaceRequestHandlerTest.java,/hdd/dj/testSmellDetection/data/wicket/2016-11-14_TO_2017-05-14//files//68_f7a669086b0b50a283b9d12c78b6ce1de3153a36_ListenerInterfaceRequestHandler.java
wicket,/hdd/dj/testSmellDetection/data/wicket/2016-11-14_TO_2017-05-14/files/68_c4805d87012c2f0c2e80418453d0c60f3a5db7c7_ListenerInterfaceRequestHandlerTest.java,/hdd/dj/testSmellDetection/data/wicket/2016-11-14_TO_2017-05-14/files/68_c4805d87012c2f0c2e80418453d0c60f3a5db7c7_ListenerInterfaceRequestHandler.java
wicket,/hdd/dj/testSmellDetection/data/wicket/2016-11-14_TO_2017-05-14//files//69_f7a669086b0b50a283b9d12c78b6ce1de3153a36_StatelessCheckerTest.java,/hdd/dj/testSmellDetection/data/wicket/2016-11-14_TO_2017-05-14//files//69_f7a669086b0b50a283b9d12c78b6ce1de3153a36_StatelessChecker.java
wicket,/hdd/dj/testSmellDetection/data/wicket/2016-11-14_TO_2017-05-14/files/69_a787796c74b2234f262ab840299a4142fdd91236_StatelessCheckerTest.java,/hdd/dj/testSmellDetection/data/wicket/2016-11-14_TO_2017-05-14/files/69_a787796c74b2234f262ab840299a4142fdd91236_StatelessChecker.java
wicket,/hdd/dj/testSmellDetection/data/wicket/2016-11-14_TO_2017-05-14//files//70_ef66df872de4314b524b7e83943113f5c23642a7_ListenerInterfaceRequestHandlerTest.java,/hdd/dj/testSmellDetection/data/wicket/2016-11-14_TO_2017-05-14//files//70_ef66df872de4314b524b7e83943113f5c23642a7_ListenerInterfaceRequestHandler.java
wicket,/hdd/dj/testSmellDetection/data/wicket/2016-11-14_TO_2017-05-14/files/70_8b3e7d42202e6ccaa0d0bc2bfe4dabf87ffe03db_ListenerInterfaceRequestHandlerTest.java,/hdd/dj/testSmellDetection/data/wicket/2016-11-14_TO_2017-05-14/files/70_8b3e7d42202e6ccaa0d0bc2bfe4dabf87ffe03db_ListenerInterfaceRequestHandler.java
wicket,/hdd/dj/testSmellDetection/data/wicket/2016-11-14_TO_2017-05-14/files/71_7716586c713f0645868c023d1340554860526ca2_SessionDestroyTest.java,
wicket,/hdd/dj/testSmellDetection/data/wicket/2016-11-14_TO_2017-05-14//files//72_7716586c713f0645868c023d1340554860526ca2_SessionDestroyTest.java,
wicket,/hdd/dj/testSmellDetection/data/wicket/2016-11-14_TO_2017-05-14/files/72_5b5e25c9c89ef175e9d0799752bfdaa5205379df_SessionDestroyTest.java,
wicket,/hdd/dj/testSmellDetection/data/wicket/2016-11-14_TO_2017-05-14//files//73_16e44ce9879ded22e00f8e8447443b76160a1446_BehaviorRequestTest.java,
wicket,/hdd/dj/testSmellDetection/data/wicket/2016-11-14_TO_2017-05-14/files/73_8342e4ef9acd442ddfe7ad78d04838d17c1b9fec_BehaviorRequestTest.java,
wicket,/hdd/dj/testSmellDetection/data/wicket/2016-11-14_TO_2017-05-14//files//74_16e44ce9879ded22e00f8e8447443b76160a1446_ComponentWithLazyModelCreationTest.java,
wicket,/hdd/dj/testSmellDetection/data/wicket/2016-11-14_TO_2017-05-14/files/74_8342e4ef9acd442ddfe7ad78d04838d17c1b9fec_ComponentWithLazyModelCreationTest.java,
wicket,/hdd/dj/testSmellDetection/data/wicket/2016-11-14_TO_2017-05-14//files//75_16e44ce9879ded22e00f8e8447443b76160a1446_BookmarkableMapperTest.java,/hdd/dj/testSmellDetection/data/wicket/2016-11-14_TO_2017-05-14//files//75_16e44ce9879ded22e00f8e8447443b76160a1446_BookmarkableMapper.java
wicket,/hdd/dj/testSmellDetection/data/wicket/2016-11-14_TO_2017-05-14/files/75_8342e4ef9acd442ddfe7ad78d04838d17c1b9fec_BookmarkableMapperTest.java,/hdd/dj/testSmellDetection/data/wicket/2016-11-14_TO_2017-05-14/files/75_8342e4ef9acd442ddfe7ad78d04838d17c1b9fec_BookmarkableMapper.java
wicket,/hdd/dj/testSmellDetection/data/wicket/2016-11-14_TO_2017-05-14//files//76_16e44ce9879ded22e00f8e8447443b76160a1446_CryptoMapperTest.java,/hdd/dj/testSmellDetection/data/wicket/2016-11-14_TO_2017-05-14//files//76_16e44ce9879ded22e00f8e8447443b76160a1446_CryptoMapper.java
wicket,/hdd/dj/testSmellDetection/data/wicket/2016-11-14_TO_2017-05-14/files/76_8342e4ef9acd442ddfe7ad78d04838d17c1b9fec_CryptoMapperTest.java,/hdd/dj/testSmellDetection/data/wicket/2016-11-14_TO_2017-05-14/files/76_8342e4ef9acd442ddfe7ad78d04838d17c1b9fec_CryptoMapper.java
wicket,/hdd/dj/testSmellDetection/data/wicket/2016-11-14_TO_2017-05-14//files//77_16e44ce9879ded22e00f8e8447443b76160a1446_MountedMapperTest.java,/hdd/dj/testSmellDetection/data/wicket/2016-11-14_TO_2017-05-14//files//77_16e44ce9879ded22e00f8e8447443b76160a1446_MountedMapper.java
wicket,/hdd/dj/testSmellDetection/data/wicket/2016-11-14_TO_2017-05-14/files/77_8342e4ef9acd442ddfe7ad78d04838d17c1b9fec_MountedMapperTest.java,/hdd/dj/testSmellDetection/data/wicket/2016-11-14_TO_2017-05-14/files/77_8342e4ef9acd442ddfe7ad78d04838d17c1b9fec_MountedMapper.java
wicket,/hdd/dj/testSmellDetection/data/wicket/2016-11-14_TO_2017-05-14//files//78_16e44ce9879ded22e00f8e8447443b76160a1446_PackageMapperTest.java,/hdd/dj/testSmellDetection/data/wicket/2016-11-14_TO_2017-05-14//files//78_16e44ce9879ded22e00f8e8447443b76160a1446_PackageMapper.java
wicket,/hdd/dj/testSmellDetection/data/wicket/2016-11-14_TO_2017-05-14/files/78_8342e4ef9acd442ddfe7ad78d04838d17c1b9fec_PackageMapperTest.java,/hdd/dj/testSmellDetection/data/wicket/2016-11-14_TO_2017-05-14/files/78_8342e4ef9acd442ddfe7ad78d04838d17c1b9fec_PackageMapper.java
wicket,/hdd/dj/testSmellDetection/data/wicket/2016-11-14_TO_2017-05-14//files//79_16e44ce9879ded22e00f8e8447443b76160a1446_PageInstanceMapperTest.java,/hdd/dj/testSmellDetection/data/wicket/2016-11-14_TO_2017-05-14//files//79_16e44ce9879ded22e00f8e8447443b76160a1446_PageInstanceMapper.java
wicket,/hdd/dj/testSmellDetection/data/wicket/2016-11-14_TO_2017-05-14/files/79_8342e4ef9acd442ddfe7ad78d04838d17c1b9fec_PageInstanceMapperTest.java,/hdd/dj/testSmellDetection/data/wicket/2016-11-14_TO_2017-05-14/files/79_8342e4ef9acd442ddfe7ad78d04838d17c1b9fec_PageInstanceMapper.java
wicket,/hdd/dj/testSmellDetection/data/wicket/2016-11-14_TO_2017-05-14//files//80_8342e4ef9acd442ddfe7ad78d04838d17c1b9fec_BookmarkableMapperTest.java,/hdd/dj/testSmellDetection/data/wicket/2016-11-14_TO_2017-05-14//files//80_8342e4ef9acd442ddfe7ad78d04838d17c1b9fec_BookmarkableMapper.java
wicket,/hdd/dj/testSmellDetection/data/wicket/2016-11-14_TO_2017-05-14/files/80_9ec235f9f5c47112528cedcadb4cf5ae19172866_BookmarkableMapperTest.java,/hdd/dj/testSmellDetection/data/wicket/2016-11-14_TO_2017-05-14/files/80_9ec235f9f5c47112528cedcadb4cf5ae19172866_BookmarkableMapper.java
wicket,/hdd/dj/testSmellDetection/data/wicket/2016-11-14_TO_2017-05-14//files//81_8342e4ef9acd442ddfe7ad78d04838d17c1b9fec_CryptoMapperTest.java,/hdd/dj/testSmellDetection/data/wicket/2016-11-14_TO_2017-05-14//files//81_8342e4ef9acd442ddfe7ad78d04838d17c1b9fec_CryptoMapper.java
wicket,/hdd/dj/testSmellDetection/data/wicket/2016-11-14_TO_2017-05-14/files/81_9ec235f9f5c47112528cedcadb4cf5ae19172866_CryptoMapperTest.java,/hdd/dj/testSmellDetection/data/wicket/2016-11-14_TO_2017-05-14/files/81_9ec235f9f5c47112528cedcadb4cf5ae19172866_CryptoMapper.java
wicket,/hdd/dj/testSmellDetection/data/wicket/2016-11-14_TO_2017-05-14//files//82_8342e4ef9acd442ddfe7ad78d04838d17c1b9fec_MountedMapperTest.java,/hdd/dj/testSmellDetection/data/wicket/2016-11-14_TO_2017-05-14//files//82_8342e4ef9acd442ddfe7ad78d04838d17c1b9fec_MountedMapper.java
wicket,/hdd/dj/testSmellDetection/data/wicket/2016-11-14_TO_2017-05-14/files/82_9ec235f9f5c47112528cedcadb4cf5ae19172866_MountedMapperTest.java,/hdd/dj/testSmellDetection/data/wicket/2016-11-14_TO_2017-05-14/files/82_9ec235f9f5c47112528cedcadb4cf5ae19172866_MountedMapper.java
wicket,/hdd/dj/testSmellDetection/data/wicket/2016-11-14_TO_2017-05-14//files//83_8342e4ef9acd442ddfe7ad78d04838d17c1b9fec_PackageMapperTest.java,/hdd/dj/testSmellDetection/data/wicket/2016-11-14_TO_2017-05-14//files//83_8342e4ef9acd442ddfe7ad78d04838d17c1b9fec_PackageMapper.java
wicket,/hdd/dj/testSmellDetection/data/wicket/2016-11-14_TO_2017-05-14/files/83_9ec235f9f5c47112528cedcadb4cf5ae19172866_PackageMapperTest.java,/hdd/dj/testSmellDetection/data/wicket/2016-11-14_TO_2017-05-14/files/83_9ec235f9f5c47112528cedcadb4cf5ae19172866_PackageMapper.java
wicket,/hdd/dj/testSmellDetection/data/wicket/2016-11-14_TO_2017-05-14//files//84_9ec235f9f5c47112528cedcadb4cf5ae19172866_ComponentTest.java,/hdd/dj/testSmellDetection/data/wicket/2016-11-14_TO_2017-05-14//files//84_9ec235f9f5c47112528cedcadb4cf5ae19172866_Component.java
wicket,/hdd/dj/testSmellDetection/data/wicket/2016-11-14_TO_2017-05-14/files/84_5b37aedcb89b3c0a1976f4003ac4779e2f78963a_ComponentTest.java,/hdd/dj/testSmellDetection/data/wicket/2016-11-14_TO_2017-05-14/files/84_5b37aedcb89b3c0a1976f4003ac4779e2f78963a_Component.java
wicket,/hdd/dj/testSmellDetection/data/wicket/2016-11-14_TO_2017-05-14//files//85_9ec235f9f5c47112528cedcadb4cf5ae19172866_BookmarkableMapperTest.java,/hdd/dj/testSmellDetection/data/wicket/2016-11-14_TO_2017-05-14//files//85_9ec235f9f5c47112528cedcadb4cf5ae19172866_BookmarkableMapper.java
wicket,/hdd/dj/testSmellDetection/data/wicket/2016-11-14_TO_2017-05-14/files/85_5b37aedcb89b3c0a1976f4003ac4779e2f78963a_BookmarkableMapperTest.java,/hdd/dj/testSmellDetection/data/wicket/2016-11-14_TO_2017-05-14/files/85_5b37aedcb89b3c0a1976f4003ac4779e2f78963a_BookmarkableMapper.java
wicket,/hdd/dj/testSmellDetection/data/wicket/2016-11-14_TO_2017-05-14//files//86_9ec235f9f5c47112528cedcadb4cf5ae19172866_MountedMapperTest.java,/hdd/dj/testSmellDetection/data/wicket/2016-11-14_TO_2017-05-14//files//86_9ec235f9f5c47112528cedcadb4cf5ae19172866_MountedMapper.java
wicket,/hdd/dj/testSmellDetection/data/wicket/2016-11-14_TO_2017-05-14/files/86_5b37aedcb89b3c0a1976f4003ac4779e2f78963a_MountedMapperTest.java,/hdd/dj/testSmellDetection/data/wicket/2016-11-14_TO_2017-05-14/files/86_5b37aedcb89b3c0a1976f4003ac4779e2f78963a_MountedMapper.java
wicket,/hdd/dj/testSmellDetection/data/wicket/2016-11-14_TO_2017-05-14//files//87_9ec235f9f5c47112528cedcadb4cf5ae19172866_PackageMapperTest.java,/hdd/dj/testSmellDetection/data/wicket/2016-11-14_TO_2017-05-14//files//87_9ec235f9f5c47112528cedcadb4cf5ae19172866_PackageMapper.java
wicket,/hdd/dj/testSmellDetection/data/wicket/2016-11-14_TO_2017-05-14/files/87_5b37aedcb89b3c0a1976f4003ac4779e2f78963a_PackageMapperTest.java,/hdd/dj/testSmellDetection/data/wicket/2016-11-14_TO_2017-05-14/files/87_5b37aedcb89b3c0a1976f4003ac4779e2f78963a_PackageMapper.java
wicket,/hdd/dj/testSmellDetection/data/wicket/2016-11-14_TO_2017-05-14//files//88_9ec235f9f5c47112528cedcadb4cf5ae19172866_PageExpirationRecoveryTest.java,
wicket,/hdd/dj/testSmellDetection/data/wicket/2016-11-14_TO_2017-05-14/files/88_5b37aedcb89b3c0a1976f4003ac4779e2f78963a_PageExpirationRecoveryTest.java,
wicket,/hdd/dj/testSmellDetection/data/wicket/2016-11-14_TO_2017-05-14//files//89_9ec235f9f5c47112528cedcadb4cf5ae19172866_WicketTesterLazyIsPageStatelessRedirectToBufferTest.java,
wicket,/hdd/dj/testSmellDetection/data/wicket/2016-11-14_TO_2017-05-14/files/89_5b37aedcb89b3c0a1976f4003ac4779e2f78963a_WicketTesterLazyIsPageStatelessRedirectToBufferTest.java,
wicket,/hdd/dj/testSmellDetection/data/wicket/2016-11-14_TO_2017-05-14//files//90_ec1b7129e96cfea30236794991a2e76b45b8e52a_ListenerRequestHandlerTest.java,/hdd/dj/testSmellDetection/data/wicket/2016-11-14_TO_2017-05-14//files//90_ec1b7129e96cfea30236794991a2e76b45b8e52a_ListenerRequestHandler.java
wicket,/hdd/dj/testSmellDetection/data/wicket/2016-11-14_TO_2017-05-14/files/90_5c9e27c6ec262d9ec4a0878bc74c594f12303558_ListenerRequestHandlerTest.java,/hdd/dj/testSmellDetection/data/wicket/2016-11-14_TO_2017-05-14/files/90_5c9e27c6ec262d9ec4a0878bc74c594f12303558_ListenerRequestHandler.java
wicket,/hdd/dj/testSmellDetection/data/wicket/2016-11-14_TO_2017-05-14//files//91_5c9e27c6ec262d9ec4a0878bc74c594f12303558_MountedMapperTest.java,/hdd/dj/testSmellDetection/data/wicket/2016-11-14_TO_2017-05-14//files//91_5c9e27c6ec262d9ec4a0878bc74c594f12303558_MountedMapper.java
wicket,/hdd/dj/testSmellDetection/data/wicket/2016-11-14_TO_2017-05-14/files/91_32259ca910f844716d8d4e056fec21b3199982e7_MountedMapperTest.java,/hdd/dj/testSmellDetection/data/wicket/2016-11-14_TO_2017-05-14/files/91_32259ca910f844716d8d4e056fec21b3199982e7_MountedMapper.java
wicket,/hdd/dj/testSmellDetection/data/wicket/2016-11-14_TO_2017-05-14//files//92_3ac7cfcc9842c80caf9683a02efafd8a2732ec4b_ListenerInterfaceRequestHandlerTest.java,/hdd/dj/testSmellDetection/data/wicket/2016-11-14_TO_2017-05-14//files//92_3ac7cfcc9842c80caf9683a02efafd8a2732ec4b_ListenerInterfaceRequestHandler.java
wicket,/hdd/dj/testSmellDetection/data/wicket/2016-11-14_TO_2017-05-14/files/92_dc6b2f4f5dbfb262a52f5ff403ec04e2c73ba82f_ListenerInterfaceRequestHandlerTest.java,/hdd/dj/testSmellDetection/data/wicket/2016-11-14_TO_2017-05-14/files/92_dc6b2f4f5dbfb262a52f5ff403ec04e2c73ba82f_ListenerInterfaceRequestHandler.java
wicket,/hdd/dj/testSmellDetection/data/wicket/2016-11-14_TO_2017-05-14//files//93_c21b09bc83e31311f06e23d4871f48f19c57a7e0_ListenerInterfaceRequestHandlerTest.java,/hdd/dj/testSmellDetection/data/wicket/2016-11-14_TO_2017-05-14//files//93_c21b09bc83e31311f06e23d4871f48f19c57a7e0_ListenerInterfaceRequestHandler.java
wicket,/hdd/dj/testSmellDetection/data/wicket/2016-11-14_TO_2017-05-14/files/93_da4f51fba485fde0ed82ced19fe6ae0ac02513f8_ListenerInterfaceRequestHandlerTest.java,/hdd/dj/testSmellDetection/data/wicket/2016-11-14_TO_2017-05-14/files/93_da4f51fba485fde0ed82ced19fe6ae0ac02513f8_ListenerInterfaceRequestHandler.java
wicket,/hdd/dj/testSmellDetection/data/wicket/2016-11-14_TO_2017-05-14//files//94_e1fa342ab24d22748a44df4acbbf4e65a18a5f34_PageProviderTest.java,/hdd/dj/testSmellDetection/data/wicket/2016-11-14_TO_2017-05-14//files//94_e1fa342ab24d22748a44df4acbbf4e65a18a5f34_PageProvider.java
wicket,/hdd/dj/testSmellDetection/data/wicket/2016-11-14_TO_2017-05-14/files/94_f3a3aa5240008069a2b5caa67e32d04ec5d8e6ce_PageProviderTest.java,/hdd/dj/testSmellDetection/data/wicket/2016-11-14_TO_2017-05-14/files/94_f3a3aa5240008069a2b5caa67e32d04ec5d8e6ce_PageProvider.java
wicket,/hdd/dj/testSmellDetection/data/wicket/2016-11-14_TO_2017-05-14//files//95_aa98a67ee8379f5a45b4af44e793f196a1a007ff_PageProviderTest.java,/hdd/dj/testSmellDetection/data/wicket/2016-11-14_TO_2017-05-14//files//95_aa98a67ee8379f5a45b4af44e793f196a1a007ff_PageProvider.java
wicket,/hdd/dj/testSmellDetection/data/wicket/2016-11-14_TO_2017-05-14/files/95_f7f5fb8903452270185b7461ca83c56a87a87abd_PageProviderTest.java,/hdd/dj/testSmellDetection/data/wicket/2016-11-14_TO_2017-05-14/files/95_f7f5fb8903452270185b7461ca83c56a87a87abd_PageProvider.java
wicket,/hdd/dj/testSmellDetection/data/wicket/2016-11-14_TO_2017-05-14//files//96_1ec36a2e7efcd87655aedcffbc98d364960db0d9_PageProviderTest.java,/hdd/dj/testSmellDetection/data/wicket/2016-11-14_TO_2017-05-14//files//96_1ec36a2e7efcd87655aedcffbc98d364960db0d9_PageProvider.java
wicket,/hdd/dj/testSmellDetection/data/wicket/2016-11-14_TO_2017-05-14/files/96_0afd78c43409ec38428b4ab100547ac018913804_PageProviderTest.java,/hdd/dj/testSmellDetection/data/wicket/2016-11-14_TO_2017-05-14/files/96_0afd78c43409ec38428b4ab100547ac018913804_PageProvider.java
wicket,/hdd/dj/testSmellDetection/data/wicket/2016-11-14_TO_2017-05-14//files//97_a4a2ac6ef5d9904dad0b2e510f0bf92cacd761fd_AbstractPropertyModelObjectClassTest.java,
wicket,/hdd/dj/testSmellDetection/data/wicket/2016-11-14_TO_2017-05-14/files/97_3a6db1bf7bd5de41299532cc1a6b73b3ff582516_AbstractPropertyModelObjectClassTest.java,
wicket,/hdd/dj/testSmellDetection/data/wicket/2016-11-14_TO_2017-05-14//files//98_a4a2ac6ef5d9904dad0b2e510f0bf92cacd761fd_PropertyModelWithListTest.java,
wicket,/hdd/dj/testSmellDetection/data/wicket/2016-11-14_TO_2017-05-14/files/98_3a6db1bf7bd5de41299532cc1a6b73b3ff582516_PropertyModelWithListTest.java,
wicket,/hdd/dj/testSmellDetection/data/wicket/2016-11-14_TO_2017-05-14//files//99_a4a2ac6ef5d9904dad0b2e510f0bf92cacd761fd_PropertyVariableInterpolatorTest.java,/hdd/dj/testSmellDetection/data/wicket/2016-11-14_TO_2017-05-14//files//99_a4a2ac6ef5d9904dad0b2e510f0bf92cacd761fd_PropertyVariableInterpolator.java
wicket,/hdd/dj/testSmellDetection/data/wicket/2016-11-14_TO_2017-05-14/files/99_3a6db1bf7bd5de41299532cc1a6b73b3ff582516_PropertyVariableInterpolatorTest.java,/hdd/dj/testSmellDetection/data/wicket/2016-11-14_TO_2017-05-14/files/99_3a6db1bf7bd5de41299532cc1a6b73b3ff582516_PropertyVariableInterpolator.java
wicket,/hdd/dj/testSmellDetection/data/wicket/2016-11-14_TO_2017-05-14/files/100_2ffd587dea4c5e1edec0853f35a9b5761e391917_AsyncPageStoreTest.java,/hdd/dj/testSmellDetection/data/wicket/2016-11-14_TO_2017-05-14/files/100_2ffd587dea4c5e1edec0853f35a9b5761e391917_AsyncPageStore.java
wicket,/hdd/dj/testSmellDetection/data/wicket/2016-11-14_TO_2017-05-14//files//101_3a6db1bf7bd5de41299532cc1a6b73b3ff582516_OGNLPropertyExpressionResolverTest.java,/hdd/dj/testSmellDetection/data/wicket/2016-11-14_TO_2017-05-14//files//101_3a6db1bf7bd5de41299532cc1a6b73b3ff582516_OGNLPropertyExpressionResolver.java
wicket,/hdd/dj/testSmellDetection/data/wicket/2016-11-14_TO_2017-05-14/files/101_ede069b9b9617eb96b1705ab3515cc5ebe530279_OGNLPropertyExpressionResolverTest.java,/hdd/dj/testSmellDetection/data/wicket/2016-11-14_TO_2017-05-14/files/101_ede069b9b9617eb96b1705ab3515cc5ebe530279_OGNLPropertyExpressionResolver.java
wicket,/hdd/dj/testSmellDetection/data/wicket/2016-11-14_TO_2017-05-14//files//102_ede069b9b9617eb96b1705ab3515cc5ebe530279_ValidationModelResolverTest.java,/hdd/dj/testSmellDetection/data/wicket/2016-11-14_TO_2017-05-14//files//102_ede069b9b9617eb96b1705ab3515cc5ebe530279_ValidationModelResolver.java
wicket,/hdd/dj/testSmellDetection/data/wicket/2016-11-14_TO_2017-05-14//files//103_a787796c74b2234f262ab840299a4142fdd91236_StatelessCheckerTest.java,/hdd/dj/testSmellDetection/data/wicket/2016-11-14_TO_2017-05-14//files//103_a787796c74b2234f262ab840299a4142fdd91236_StatelessChecker.java
wicket,/hdd/dj/testSmellDetection/data/wicket/2016-11-14_TO_2017-05-14/files/103_20c2b8930d2fee27c809a70824a648cff17f700c_StatelessCheckerTest.java,/hdd/dj/testSmellDetection/data/wicket/2016-11-14_TO_2017-05-14/files/103_20c2b8930d2fee27c809a70824a648cff17f700c_StatelessChecker.java
wicket,/hdd/dj/testSmellDetection/data/wicket/2016-11-14_TO_2017-05-14//files//104_20c2b8930d2fee27c809a70824a648cff17f700c_StatelessCheckerTest.java,/hdd/dj/testSmellDetection/data/wicket/2016-11-14_TO_2017-05-14//files//104_20c2b8930d2fee27c809a70824a648cff17f700c_StatelessChecker.java
wicket,/hdd/dj/testSmellDetection/data/wicket/2016-11-14_TO_2017-05-14/files/104_c39fbdc99e142c6b2c27ea79c34fe6dda98c9ec2_StatelessCheckerTest.java,/hdd/dj/testSmellDetection/data/wicket/2016-11-14_TO_2017-05-14/files/104_c39fbdc99e142c6b2c27ea79c34fe6dda98c9ec2_StatelessChecker.java
wicket,/hdd/dj/testSmellDetection/data/wicket/2016-11-14_TO_2017-05-14//files//105_7a72a623e420905f963445d74881362252d29993_ResouceBundleTest.java,
wicket,/hdd/dj/testSmellDetection/data/wicket/2016-11-14_TO_2017-05-14/files/105_d71d384a04cabd1c84a4974816d48ed6e1bd3e4d_ResouceBundleTest.java,
wicket,/hdd/dj/testSmellDetection/data/wicket/2016-11-14_TO_2017-05-14//files//106_b4e4a92f5c5321944e716f81de0b0e2bb27d556e_ResouceBundleTest.java,
wicket,/hdd/dj/testSmellDetection/data/wicket/2016-11-14_TO_2017-05-14/files/106_cdbdbd4a78a05e3181a017cddd0865f690779b6e_ResouceBundleTest.java,
wicket,/hdd/dj/testSmellDetection/data/wicket/2016-11-14_TO_2017-05-14//files//107_dc6b2f4f5dbfb262a52f5ff403ec04e2c73ba82f_ResouceBundleTest.java,
wicket,/hdd/dj/testSmellDetection/data/wicket/2016-11-14_TO_2017-05-14/files/107_e2f8fc98b1f0df5eb9cfad50a83dffe06b4248df_ResouceBundleTest.java,
wicket,/hdd/dj/testSmellDetection/data/wicket/2016-11-14_TO_2017-05-14//files//108_d71d384a04cabd1c84a4974816d48ed6e1bd3e4d_AjaxFormSubmitTest.java,
wicket,/hdd/dj/testSmellDetection/data/wicket/2016-11-14_TO_2017-05-14/files/108_1d8a9c780756130fad77135aa54717552bdd41c9_AjaxFormSubmitTest.java,
wicket,/hdd/dj/testSmellDetection/data/wicket/2016-11-14_TO_2017-05-14//files//109_d71d384a04cabd1c84a4974816d48ed6e1bd3e4d_FormWithMultipleButtonsTest.java,
wicket,/hdd/dj/testSmellDetection/data/wicket/2016-11-14_TO_2017-05-14/files/109_1d8a9c780756130fad77135aa54717552bdd41c9_FormWithMultipleButtonsTest.java,
wicket,/hdd/dj/testSmellDetection/data/wicket/2016-11-14_TO_2017-05-14/files/110_7fd219c3b764f844665c3cff8d5cc719e77c6a99_ParsedPropertyExpressionResolverTest.java,/hdd/dj/testSmellDetection/data/wicket/2016-11-14_TO_2017-05-14/files/110_7fd219c3b764f844665c3cff8d5cc719e77c6a99_ParsedPropertyExpressionResolver.java
wicket,/hdd/dj/testSmellDetection/data/wicket/2016-11-14_TO_2017-05-14//files//111_6a895f00dbf7aa7bea5ce06ebb7f937082ad6d20_PropertyExpressionParserTest.java,/hdd/dj/testSmellDetection/data/wicket/2016-11-14_TO_2017-05-14//files//111_6a895f00dbf7aa7bea5ce06ebb7f937082ad6d20_PropertyExpressionParser.java
wicket,/hdd/dj/testSmellDetection/data/wicket/2016-11-14_TO_2017-05-14/files/111_7fd219c3b764f844665c3cff8d5cc719e77c6a99_PropertyExpressionParserTest.java,/hdd/dj/testSmellDetection/data/wicket/2016-11-14_TO_2017-05-14/files/111_7fd219c3b764f844665c3cff8d5cc719e77c6a99_PropertyExpressionParser.java
wicket,/hdd/dj/testSmellDetection/data/wicket/2016-11-14_TO_2017-05-14//files//112_6a895f00dbf7aa7bea5ce06ebb7f937082ad6d20_OGNLPropertyExpressionResolverTest.java,/hdd/dj/testSmellDetection/data/wicket/2016-11-14_TO_2017-05-14//files//112_6a895f00dbf7aa7bea5ce06ebb7f937082ad6d20_OGNLPropertyExpressionResolver.java
wicket,/hdd/dj/testSmellDetection/data/wicket/2016-11-14_TO_2017-05-14/files/112_7fd219c3b764f844665c3cff8d5cc719e77c6a99_OGNLPropertyExpressionResolverTest.java,/hdd/dj/testSmellDetection/data/wicket/2016-11-14_TO_2017-05-14/files/112_7fd219c3b764f844665c3cff8d5cc719e77c6a99_OGNLPropertyExpressionResolver.java
wicket,/hdd/dj/testSmellDetection/data/wicket/2016-11-14_TO_2017-05-14/files/113_7fd219c3b764f844665c3cff8d5cc719e77c6a99_PropertyExpressionResolverTest.java,
wicket,/hdd/dj/testSmellDetection/data/wicket/2016-11-14_TO_2017-05-14//files//114_21ae5a9fb26eba66e593bf8566004c9296548001_PageParametersTest.java,/hdd/dj/testSmellDetection/data/wicket/2016-11-14_TO_2017-05-14//files//114_21ae5a9fb26eba66e593bf8566004c9296548001_PageParameters.java
wicket,/hdd/dj/testSmellDetection/data/wicket/2016-11-14_TO_2017-05-14/files/114_3f0e3c7d94e8729f4d1ac30839481d653cbcf651_PageParametersTest.java,/hdd/dj/testSmellDetection/data/wicket/2016-11-14_TO_2017-05-14/files/114_3f0e3c7d94e8729f4d1ac30839481d653cbcf651_PageParameters.java
wicket,/hdd/dj/testSmellDetection/data/wicket/2016-11-14_TO_2017-05-14//files//115_237a830f4f412276cc31b236d46f67cec7498dd8_PageParametersTest.java,/hdd/dj/testSmellDetection/data/wicket/2016-11-14_TO_2017-05-14//files//115_237a830f4f412276cc31b236d46f67cec7498dd8_PageParameters.java
wicket,/hdd/dj/testSmellDetection/data/wicket/2016-11-14_TO_2017-05-14/files/115_db13d92e5590ef3b6e933ba6c42d0832294974a6_PageParametersTest.java,/hdd/dj/testSmellDetection/data/wicket/2016-11-14_TO_2017-05-14/files/115_db13d92e5590ef3b6e933ba6c42d0832294974a6_PageParameters.java
wicket,/hdd/dj/testSmellDetection/data/wicket/2016-11-14_TO_2017-05-14//files//116_251dd21157e58bf254151c9696bb8d7756f02235_SessionSizeModelTest.java,/hdd/dj/testSmellDetection/data/wicket/2016-11-14_TO_2017-05-14//files//116_251dd21157e58bf254151c9696bb8d7756f02235_SessionSizeModel.java
wicket,/hdd/dj/testSmellDetection/data/wicket/2016-11-14_TO_2017-05-14/files/116_f45814cbefe16bfb26478db4c18625d336e43bcc_SessionSizeModelTest.java,/hdd/dj/testSmellDetection/data/wicket/2016-11-14_TO_2017-05-14/files/116_f45814cbefe16bfb26478db4c18625d336e43bcc_SessionSizeModel.java
wicket,/hdd/dj/testSmellDetection/data/wicket/2016-11-14_TO_2017-05-14//files//117_d5099d36229d494506245c100144e7f8d5ea3594_SessionSizeModelTest.java,/hdd/dj/testSmellDetection/data/wicket/2016-11-14_TO_2017-05-14//files//117_d5099d36229d494506245c100144e7f8d5ea3594_SessionSizeModel.java
wicket,/hdd/dj/testSmellDetection/data/wicket/2016-11-14_TO_2017-05-14/files/117_4b07e9a29558025517fdab99ce97d73102c3c7fc_SessionSizeModelTest.java,/hdd/dj/testSmellDetection/data/wicket/2016-11-14_TO_2017-05-14/files/117_4b07e9a29558025517fdab99ce97d73102c3c7fc_SessionSizeModel.java
wicket,/hdd/dj/testSmellDetection/data/wicket/2016-11-14_TO_2017-05-14//files//118_4b07e9a29558025517fdab99ce97d73102c3c7fc_DifferentPageCheckerTest.java,/hdd/dj/testSmellDetection/data/wicket/2016-11-14_TO_2017-05-14//files//118_4b07e9a29558025517fdab99ce97d73102c3c7fc_DifferentPageChecker.java
wicket,/hdd/dj/testSmellDetection/data/wicket/2016-11-14_TO_2017-05-14/files/118_8b6fcd869ceb96f7b4ea003d3d5665a1626390ad_DifferentPageCheckerTest.java,/hdd/dj/testSmellDetection/data/wicket/2016-11-14_TO_2017-05-14/files/118_8b6fcd869ceb96f7b4ea003d3d5665a1626390ad_DifferentPageChecker.java
wicket,/hdd/dj/testSmellDetection/data/wicket/2016-11-14_TO_2017-05-14/files/119_8b6fcd869ceb96f7b4ea003d3d5665a1626390ad_NotDetachedModelCheckerTest.java,/hdd/dj/testSmellDetection/data/wicket/2016-11-14_TO_2017-05-14/files/119_8b6fcd869ceb96f7b4ea003d3d5665a1626390ad_NotDetachedModelChecker.java
wicket,/hdd/dj/testSmellDetection/data/wicket/2016-11-14_TO_2017-05-14//files//120_4b07e9a29558025517fdab99ce97d73102c3c7fc_SessionCheckerTest.java,/hdd/dj/testSmellDetection/data/wicket/2016-11-14_TO_2017-05-14//files//120_4b07e9a29558025517fdab99ce97d73102c3c7fc_SessionChecker.java
wicket,/hdd/dj/testSmellDetection/data/wicket/2016-11-14_TO_2017-05-14/files/120_8b6fcd869ceb96f7b4ea003d3d5665a1626390ad_SessionCheckerTest.java,/hdd/dj/testSmellDetection/data/wicket/2016-11-14_TO_2017-05-14/files/120_8b6fcd869ceb96f7b4ea003d3d5665a1626390ad_SessionChecker.java
wicket,/hdd/dj/testSmellDetection/data/wicket/2016-11-14_TO_2017-05-14//files//121_4b07e9a29558025517fdab99ce97d73102c3c7fc_JavaSerializerTest.java,/hdd/dj/testSmellDetection/data/wicket/2016-11-14_TO_2017-05-14//files//121_4b07e9a29558025517fdab99ce97d73102c3c7fc_JavaSerializer.java
wicket,/hdd/dj/testSmellDetection/data/wicket/2016-11-14_TO_2017-05-14/files/121_8b6fcd869ceb96f7b4ea003d3d5665a1626390ad_JavaSerializerTest.java,/hdd/dj/testSmellDetection/data/wicket/2016-11-14_TO_2017-05-14/files/121_8b6fcd869ceb96f7b4ea003d3d5665a1626390ad_JavaSerializer.java
wicket,/hdd/dj/testSmellDetection/data/wicket/2016-11-14_TO_2017-05-14//files//122_4b07e9a29558025517fdab99ce97d73102c3c7fc_SerializableCheckerTest.java,
wicket,/hdd/dj/testSmellDetection/data/wicket/2016-11-14_TO_2017-05-14/files/122_8b6fcd869ceb96f7b4ea003d3d5665a1626390ad_SerializableCheckerTest.java,
wicket,/hdd/dj/testSmellDetection/data/wicket/2016-11-14_TO_2017-05-14//files//123_4b07e9a29558025517fdab99ce97d73102c3c7fc_SessionSizeModelTest.java,/hdd/dj/testSmellDetection/data/wicket/2016-11-14_TO_2017-05-14//files//123_4b07e9a29558025517fdab99ce97d73102c3c7fc_SessionSizeModel.java
wicket,/hdd/dj/testSmellDetection/data/wicket/2016-11-14_TO_2017-05-14/files/123_8b6fcd869ceb96f7b4ea003d3d5665a1626390ad_SessionSizeModelTest.java,/hdd/dj/testSmellDetection/data/wicket/2016-11-14_TO_2017-05-14/files/123_8b6fcd869ceb96f7b4ea003d3d5665a1626390ad_SessionSizeModel.java
wicket,/hdd/dj/testSmellDetection/data/wicket/2016-11-14_TO_2017-05-14//files//124_8b6fcd869ceb96f7b4ea003d3d5665a1626390ad_SerializableCheckerTest.java,
wicket,/hdd/dj/testSmellDetection/data/wicket/2016-11-14_TO_2017-05-14/files/124_a843096e61060742f395f4a591a286650db892c9_SerializableCheckerTest.java,
wicket,/hdd/dj/testSmellDetection/data/wicket/2016-11-14_TO_2017-05-14//files//125_e848130d48facdd2782385175070a302d45e3d8b_SerializableCheckerTest.java,
wicket,/hdd/dj/testSmellDetection/data/wicket/2016-11-14_TO_2017-05-14/files/125_6e438b1c551c0a2368ad51d3d4ef29fdd21c3756_SerializableCheckerTest.java,
wicket,/hdd/dj/testSmellDetection/data/wicket/2016-11-14_TO_2017-05-14//files//126_6e438b1c551c0a2368ad51d3d4ef29fdd21c3756_DifferentPageCheckerTest.java,/hdd/dj/testSmellDetection/data/wicket/2016-11-14_TO_2017-05-14//files//126_6e438b1c551c0a2368ad51d3d4ef29fdd21c3756_DifferentPageChecker.java
wicket,/hdd/dj/testSmellDetection/data/wicket/2016-11-14_TO_2017-05-14/files/126_266c90037d689f47bf45722532536716dc9f5b06_DifferentPageCheckerTest.java,/hdd/dj/testSmellDetection/data/wicket/2016-11-14_TO_2017-05-14/files/126_266c90037d689f47bf45722532536716dc9f5b06_DifferentPageChecker.java
wicket,/hdd/dj/testSmellDetection/data/wicket/2016-11-14_TO_2017-05-14//files//127_6e438b1c551c0a2368ad51d3d4ef29fdd21c3756_NotDetachedModelCheckerTest.java,/hdd/dj/testSmellDetection/data/wicket/2016-11-14_TO_2017-05-14//files//127_6e438b1c551c0a2368ad51d3d4ef29fdd21c3756_NotDetachedModelChecker.java
wicket,/hdd/dj/testSmellDetection/data/wicket/2016-11-14_TO_2017-05-14//files//128_6e438b1c551c0a2368ad51d3d4ef29fdd21c3756_SessionCheckerTest.java,/hdd/dj/testSmellDetection/data/wicket/2016-11-14_TO_2017-05-14//files//128_6e438b1c551c0a2368ad51d3d4ef29fdd21c3756_SessionChecker.java
wicket,/hdd/dj/testSmellDetection/data/wicket/2016-11-14_TO_2017-05-14/files/128_266c90037d689f47bf45722532536716dc9f5b06_SessionCheckerTest.java,/hdd/dj/testSmellDetection/data/wicket/2016-11-14_TO_2017-05-14/files/128_266c90037d689f47bf45722532536716dc9f5b06_SessionChecker.java
wicket,/hdd/dj/testSmellDetection/data/wicket/2016-11-14_TO_2017-05-14//files//129_6e438b1c551c0a2368ad51d3d4ef29fdd21c3756_JavaSerializerTest.java,/hdd/dj/testSmellDetection/data/wicket/2016-11-14_TO_2017-05-14//files//129_6e438b1c551c0a2368ad51d3d4ef29fdd21c3756_JavaSerializer.java
wicket,/hdd/dj/testSmellDetection/data/wicket/2016-11-14_TO_2017-05-14/files/129_266c90037d689f47bf45722532536716dc9f5b06_JavaSerializerTest.java,/hdd/dj/testSmellDetection/data/wicket/2016-11-14_TO_2017-05-14/files/129_266c90037d689f47bf45722532536716dc9f5b06_JavaSerializer.java
wicket,/hdd/dj/testSmellDetection/data/wicket/2016-11-14_TO_2017-05-14//files//130_6e438b1c551c0a2368ad51d3d4ef29fdd21c3756_SerializableCheckerTest.java,
wicket,/hdd/dj/testSmellDetection/data/wicket/2016-11-14_TO_2017-05-14/files/130_266c90037d689f47bf45722532536716dc9f5b06_SerializableCheckerTest.java,
wicket,/hdd/dj/testSmellDetection/data/wicket/2016-11-14_TO_2017-05-14//files//131_6e438b1c551c0a2368ad51d3d4ef29fdd21c3756_SessionSizeModelTest.java,/hdd/dj/testSmellDetection/data/wicket/2016-11-14_TO_2017-05-14//files//131_6e438b1c551c0a2368ad51d3d4ef29fdd21c3756_SessionSizeModel.java
wicket,/hdd/dj/testSmellDetection/data/wicket/2016-11-14_TO_2017-05-14/files/131_266c90037d689f47bf45722532536716dc9f5b06_SessionSizeModelTest.java,/hdd/dj/testSmellDetection/data/wicket/2016-11-14_TO_2017-05-14/files/131_266c90037d689f47bf45722532536716dc9f5b06_SessionSizeModel.java
wicket,/hdd/dj/testSmellDetection/data/wicket/2016-11-14_TO_2017-05-14//files//132_0eb634809a6ef02358ec98dde70ca87bf7479c34_CheckBoxMultipleChoiceTest.java,/hdd/dj/testSmellDetection/data/wicket/2016-11-14_TO_2017-05-14//files//132_0eb634809a6ef02358ec98dde70ca87bf7479c34_CheckBoxMultipleChoice.java
wicket,/hdd/dj/testSmellDetection/data/wicket/2016-11-14_TO_2017-05-14/files/132_a71cf55380567fea894d3dd31fd5f24d5e83b004_CheckBoxMultipleChoiceTest.java,/hdd/dj/testSmellDetection/data/wicket/2016-11-14_TO_2017-05-14/files/132_a71cf55380567fea894d3dd31fd5f24d5e83b004_CheckBoxMultipleChoice.java
wicket,/hdd/dj/testSmellDetection/data/wicket/2016-11-14_TO_2017-05-14//files//133_e2f8fc98b1f0df5eb9cfad50a83dffe06b4248df_CheckBoxMultipleChoiceTest.java,/hdd/dj/testSmellDetection/data/wicket/2016-11-14_TO_2017-05-14//files//133_e2f8fc98b1f0df5eb9cfad50a83dffe06b4248df_CheckBoxMultipleChoice.java
wicket,/hdd/dj/testSmellDetection/data/wicket/2016-11-14_TO_2017-05-14/files/133_9f2ca1478b5fcc63798ca383bae56891b477c4b7_CheckBoxMultipleChoiceTest.java,/hdd/dj/testSmellDetection/data/wicket/2016-11-14_TO_2017-05-14/files/133_9f2ca1478b5fcc63798ca383bae56891b477c4b7_CheckBoxMultipleChoice.java
wicket,/hdd/dj/testSmellDetection/data/wicket/2016-11-14_TO_2017-05-14//files//134_e04e92a75b9418736a1a31f534a8a6ac1c657bb7_CheckBoxMultipleChoiceTest.java,/hdd/dj/testSmellDetection/data/wicket/2016-11-14_TO_2017-05-14//files//134_e04e92a75b9418736a1a31f534a8a6ac1c657bb7_CheckBoxMultipleChoice.java
wicket,/hdd/dj/testSmellDetection/data/wicket/2016-11-14_TO_2017-05-14/files/134_fb5a2fa2f927dd6f6bc774731b591becbbb65121_CheckBoxMultipleChoiceTest.java,/hdd/dj/testSmellDetection/data/wicket/2016-11-14_TO_2017-05-14/files/134_fb5a2fa2f927dd6f6bc774731b591becbbb65121_CheckBoxMultipleChoice.java
wicket,/hdd/dj/testSmellDetection/data/wicket/2016-11-14_TO_2017-05-14//files//135_6886c2b229059c36ae347f5e976cd06d6ff47985_AsynchronousPageStoreTest.java,/hdd/dj/testSmellDetection/data/wicket/2016-11-14_TO_2017-05-14//files//135_6886c2b229059c36ae347f5e976cd06d6ff47985_AsynchronousPageStore.java
wicket,/hdd/dj/testSmellDetection/data/wicket/2016-11-14_TO_2017-05-14/files/135_accf1873197e759ec08db3e95e22fe2193f343ee_AsynchronousPageStoreTest.java,/hdd/dj/testSmellDetection/data/wicket/2016-11-14_TO_2017-05-14/files/135_accf1873197e759ec08db3e95e22fe2193f343ee_AsynchronousPageStore.java
wicket,/hdd/dj/testSmellDetection/data/wicket/2016-11-14_TO_2017-05-14//files//136_2f39049e6aaf0e193df88b29804765d98830fc3d_ResouceBundleTest.java,
wicket,/hdd/dj/testSmellDetection/data/wicket/2016-11-14_TO_2017-05-14/files/136_5b7b21e459f27c66b7d180a14776025efe81b08d_ResouceBundleTest.java,
wicket,/hdd/dj/testSmellDetection/data/wicket/2016-11-14_TO_2017-05-14//files//137_5b7b21e459f27c66b7d180a14776025efe81b08d_AjaxFormSubmitTest.java,
wicket,/hdd/dj/testSmellDetection/data/wicket/2016-11-14_TO_2017-05-14/files/137_5565210b955ef493b46f1076e1c5a11f992f317a_AjaxFormSubmitTest.java,
wicket,/hdd/dj/testSmellDetection/data/wicket/2016-11-14_TO_2017-05-14//files//138_5b7b21e459f27c66b7d180a14776025efe81b08d_FormWithMultipleButtonsTest.java,
wicket,/hdd/dj/testSmellDetection/data/wicket/2016-11-14_TO_2017-05-14/files/138_5565210b955ef493b46f1076e1c5a11f992f317a_FormWithMultipleButtonsTest.java,
wicket,/hdd/dj/testSmellDetection/data/wicket/2016-11-14_TO_2017-05-14//files//139_093893684984a2fcac04b4330fbacb3a81bac3a2_PageParametersTest.java,/hdd/dj/testSmellDetection/data/wicket/2016-11-14_TO_2017-05-14//files//139_093893684984a2fcac04b4330fbacb3a81bac3a2_PageParameters.java
wicket,/hdd/dj/testSmellDetection/data/wicket/2016-11-14_TO_2017-05-14/files/139_f2adf1c86369638ad5bb465c00924fec0428cfae_PageParametersTest.java,/hdd/dj/testSmellDetection/data/wicket/2016-11-14_TO_2017-05-14/files/139_f2adf1c86369638ad5bb465c00924fec0428cfae_PageParameters.java
wicket,/hdd/dj/testSmellDetection/data/wicket/2016-11-14_TO_2017-05-14//files//140_c34b63212db693f332462af1c994ed320c3bedc8_SessionSizeModelTest.java,/hdd/dj/testSmellDetection/data/wicket/2016-11-14_TO_2017-05-14//files//140_c34b63212db693f332462af1c994ed320c3bedc8_SessionSizeModel.java
wicket,/hdd/dj/testSmellDetection/data/wicket/2016-11-14_TO_2017-05-14/files/140_2c4b396f680577b8cf0608083dfc00942f093d39_SessionSizeModelTest.java,/hdd/dj/testSmellDetection/data/wicket/2016-11-14_TO_2017-05-14/files/140_2c4b396f680577b8cf0608083dfc00942f093d39_SessionSizeModel.java
wicket,/hdd/dj/testSmellDetection/data/wicket/2016-11-14_TO_2017-05-14//files//141_2c4b396f680577b8cf0608083dfc00942f093d39_DifferentPageCheckerTest.java,/hdd/dj/testSmellDetection/data/wicket/2016-11-14_TO_2017-05-14//files//141_2c4b396f680577b8cf0608083dfc00942f093d39_DifferentPageChecker.java
wicket,/hdd/dj/testSmellDetection/data/wicket/2016-11-14_TO_2017-05-14/files/141_3dc4cf69b3abb852f064129737afde2dbbf8a986_DifferentPageCheckerTest.java,/hdd/dj/testSmellDetection/data/wicket/2016-11-14_TO_2017-05-14/files/141_3dc4cf69b3abb852f064129737afde2dbbf8a986_DifferentPageChecker.java
wicket,/hdd/dj/testSmellDetection/data/wicket/2016-11-14_TO_2017-05-14/files/142_3dc4cf69b3abb852f064129737afde2dbbf8a986_NotDetachedModelCheckerTest.java,/hdd/dj/testSmellDetection/data/wicket/2016-11-14_TO_2017-05-14/files/142_3dc4cf69b3abb852f064129737afde2dbbf8a986_NotDetachedModelChecker.java
wicket,/hdd/dj/testSmellDetection/data/wicket/2016-11-14_TO_2017-05-14//files//143_2c4b396f680577b8cf0608083dfc00942f093d39_SessionCheckerTest.java,/hdd/dj/testSmellDetection/data/wicket/2016-11-14_TO_2017-05-14//files//143_2c4b396f680577b8cf0608083dfc00942f093d39_SessionChecker.java
wicket,/hdd/dj/testSmellDetection/data/wicket/2016-11-14_TO_2017-05-14/files/143_3dc4cf69b3abb852f064129737afde2dbbf8a986_SessionCheckerTest.java,/hdd/dj/testSmellDetection/data/wicket/2016-11-14_TO_2017-05-14/files/143_3dc4cf69b3abb852f064129737afde2dbbf8a986_SessionChecker.java
wicket,/hdd/dj/testSmellDetection/data/wicket/2016-11-14_TO_2017-05-14//files//144_2c4b396f680577b8cf0608083dfc00942f093d39_JavaSerializerTest.java,/hdd/dj/testSmellDetection/data/wicket/2016-11-14_TO_2017-05-14//files//144_2c4b396f680577b8cf0608083dfc00942f093d39_JavaSerializer.java
wicket,/hdd/dj/testSmellDetection/data/wicket/2016-11-14_TO_2017-05-14/files/144_3dc4cf69b3abb852f064129737afde2dbbf8a986_JavaSerializerTest.java,/hdd/dj/testSmellDetection/data/wicket/2016-11-14_TO_2017-05-14/files/144_3dc4cf69b3abb852f064129737afde2dbbf8a986_JavaSerializer.java
wicket,/hdd/dj/testSmellDetection/data/wicket/2016-11-14_TO_2017-05-14//files//145_2c4b396f680577b8cf0608083dfc00942f093d39_SerializableCheckerTest.java,
wicket,/hdd/dj/testSmellDetection/data/wicket/2016-11-14_TO_2017-05-14/files/145_3dc4cf69b3abb852f064129737afde2dbbf8a986_SerializableCheckerTest.java,
wicket,/hdd/dj/testSmellDetection/data/wicket/2016-11-14_TO_2017-05-14//files//146_2c4b396f680577b8cf0608083dfc00942f093d39_SessionSizeModelTest.java,/hdd/dj/testSmellDetection/data/wicket/2016-11-14_TO_2017-05-14//files//146_2c4b396f680577b8cf0608083dfc00942f093d39_SessionSizeModel.java
wicket,/hdd/dj/testSmellDetection/data/wicket/2016-11-14_TO_2017-05-14/files/146_3dc4cf69b3abb852f064129737afde2dbbf8a986_SessionSizeModelTest.java,/hdd/dj/testSmellDetection/data/wicket/2016-11-14_TO_2017-05-14/files/146_3dc4cf69b3abb852f064129737afde2dbbf8a986_SessionSizeModel.java
wicket,/hdd/dj/testSmellDetection/data/wicket/2016-11-14_TO_2017-05-14//files//147_3dc4cf69b3abb852f064129737afde2dbbf8a986_SerializableCheckerTest.java,
wicket,/hdd/dj/testSmellDetection/data/wicket/2016-11-14_TO_2017-05-14/files/147_ae2a59d8f9ec04887b22780e2f8ad31d5588fbdd_SerializableCheckerTest.java,
wicket,/hdd/dj/testSmellDetection/data/wicket/2016-11-14_TO_2017-05-14//files//148_c94f0b2edfa632636d7fd0788eff27703dc4520d_SerializableCheckerTest.java,
wicket,/hdd/dj/testSmellDetection/data/wicket/2016-11-14_TO_2017-05-14/files/148_a6331ce467482148bc83f7e1e079347cd55a7126_SerializableCheckerTest.java,
wicket,/hdd/dj/testSmellDetection/data/wicket/2016-11-14_TO_2017-05-14//files//149_a6331ce467482148bc83f7e1e079347cd55a7126_DifferentPageCheckerTest.java,/hdd/dj/testSmellDetection/data/wicket/2016-11-14_TO_2017-05-14//files//149_a6331ce467482148bc83f7e1e079347cd55a7126_DifferentPageChecker.java
wicket,/hdd/dj/testSmellDetection/data/wicket/2016-11-14_TO_2017-05-14/files/149_e248168384ef3be71a6cd0b597422dea5a4b9a44_DifferentPageCheckerTest.java,/hdd/dj/testSmellDetection/data/wicket/2016-11-14_TO_2017-05-14/files/149_e248168384ef3be71a6cd0b597422dea5a4b9a44_DifferentPageChecker.java
wicket,/hdd/dj/testSmellDetection/data/wicket/2016-11-14_TO_2017-05-14//files//150_a6331ce467482148bc83f7e1e079347cd55a7126_NotDetachedModelCheckerTest.java,/hdd/dj/testSmellDetection/data/wicket/2016-11-14_TO_2017-05-14//files//150_a6331ce467482148bc83f7e1e079347cd55a7126_NotDetachedModelChecker.java
wicket,/hdd/dj/testSmellDetection/data/wicket/2016-11-14_TO_2017-05-14//files//151_a6331ce467482148bc83f7e1e079347cd55a7126_SessionCheckerTest.java,/hdd/dj/testSmellDetection/data/wicket/2016-11-14_TO_2017-05-14//files//151_a6331ce467482148bc83f7e1e079347cd55a7126_SessionChecker.java
wicket,/hdd/dj/testSmellDetection/data/wicket/2016-11-14_TO_2017-05-14/files/151_e248168384ef3be71a6cd0b597422dea5a4b9a44_SessionCheckerTest.java,/hdd/dj/testSmellDetection/data/wicket/2016-11-14_TO_2017-05-14/files/151_e248168384ef3be71a6cd0b597422dea5a4b9a44_SessionChecker.java
wicket,/hdd/dj/testSmellDetection/data/wicket/2016-11-14_TO_2017-05-14//files//152_a6331ce467482148bc83f7e1e079347cd55a7126_JavaSerializerTest.java,/hdd/dj/testSmellDetection/data/wicket/2016-11-14_TO_2017-05-14//files//152_a6331ce467482148bc83f7e1e079347cd55a7126_JavaSerializer.java
wicket,/hdd/dj/testSmellDetection/data/wicket/2016-11-14_TO_2017-05-14/files/152_e248168384ef3be71a6cd0b597422dea5a4b9a44_JavaSerializerTest.java,/hdd/dj/testSmellDetection/data/wicket/2016-11-14_TO_2017-05-14/files/152_e248168384ef3be71a6cd0b597422dea5a4b9a44_JavaSerializer.java
wicket,/hdd/dj/testSmellDetection/data/wicket/2016-11-14_TO_2017-05-14//files//153_a6331ce467482148bc83f7e1e079347cd55a7126_SerializableCheckerTest.java,
wicket,/hdd/dj/testSmellDetection/data/wicket/2016-11-14_TO_2017-05-14/files/153_e248168384ef3be71a6cd0b597422dea5a4b9a44_SerializableCheckerTest.java,
wicket,/hdd/dj/testSmellDetection/data/wicket/2016-11-14_TO_2017-05-14//files//154_a6331ce467482148bc83f7e1e079347cd55a7126_SessionSizeModelTest.java,/hdd/dj/testSmellDetection/data/wicket/2016-11-14_TO_2017-05-14//files//154_a6331ce467482148bc83f7e1e079347cd55a7126_SessionSizeModel.java
wicket,/hdd/dj/testSmellDetection/data/wicket/2016-11-14_TO_2017-05-14/files/154_e248168384ef3be71a6cd0b597422dea5a4b9a44_SessionSizeModelTest.java,/hdd/dj/testSmellDetection/data/wicket/2016-11-14_TO_2017-05-14/files/154_e248168384ef3be71a6cd0b597422dea5a4b9a44_SessionSizeModel.java
wicket,/hdd/dj/testSmellDetection/data/wicket/2016-11-14_TO_2017-05-14//files//155_d0aeee8ab7dbecf42e78802ebde690ff06482baf_CheckBoxMultipleChoiceTest.java,/hdd/dj/testSmellDetection/data/wicket/2016-11-14_TO_2017-05-14//files//155_d0aeee8ab7dbecf42e78802ebde690ff06482baf_CheckBoxMultipleChoice.java
wicket,/hdd/dj/testSmellDetection/data/wicket/2016-11-14_TO_2017-05-14/files/155_90eb582654e9a784823ebed4cc3d393429ca62e2_CheckBoxMultipleChoiceTest.java,/hdd/dj/testSmellDetection/data/wicket/2016-11-14_TO_2017-05-14/files/155_90eb582654e9a784823ebed4cc3d393429ca62e2_CheckBoxMultipleChoice.java
wicket,/hdd/dj/testSmellDetection/data/wicket/2016-11-14_TO_2017-05-14//files//156_594509b0b663027b42412db12c0da2772218619f_StatelessCheckerTest.java,/hdd/dj/testSmellDetection/data/wicket/2016-11-14_TO_2017-05-14//files//156_594509b0b663027b42412db12c0da2772218619f_StatelessChecker.java
wicket,/hdd/dj/testSmellDetection/data/wicket/2016-11-14_TO_2017-05-14/files/156_18ac7db2c9b60be649d79c939b8848726035b57c_StatelessCheckerTest.java,/hdd/dj/testSmellDetection/data/wicket/2016-11-14_TO_2017-05-14/files/156_18ac7db2c9b60be649d79c939b8848726035b57c_StatelessChecker.java
wicket,/hdd/dj/testSmellDetection/data/wicket/2016-11-14_TO_2017-05-14//files//157_724e4846bb9196c509899c580e513c2da36a899b_AnnotationsRoleAuthorizationStrategyTest.java,/hdd/dj/testSmellDetection/data/wicket/2016-11-14_TO_2017-05-14//files//157_724e4846bb9196c509899c580e513c2da36a899b_AnnotationsRoleAuthorizationStrategy.java
wicket,/hdd/dj/testSmellDetection/data/wicket/2016-11-14_TO_2017-05-14/files/157_e9b812c326180c1e8135e6ddaadf1337586cc345_AnnotationsRoleAuthorizationStrategyTest.java,/hdd/dj/testSmellDetection/data/wicket/2016-11-14_TO_2017-05-14/files/157_e9b812c326180c1e8135e6ddaadf1337586cc345_AnnotationsRoleAuthorizationStrategy.java
wicket,/hdd/dj/testSmellDetection/data/wicket/2016-11-14_TO_2017-05-14//files//158_6f728f8246baa1957a54d85416418d9a4fad098e_AnnotationsRoleAuthorizationStrategyTest.java,/hdd/dj/testSmellDetection/data/wicket/2016-11-14_TO_2017-05-14//files//158_6f728f8246baa1957a54d85416418d9a4fad098e_AnnotationsRoleAuthorizationStrategy.java
wicket,/hdd/dj/testSmellDetection/data/wicket/2016-11-14_TO_2017-05-14/files/158_14b922cde4f62a73e7006373b4f43b9af727bf41_AnnotationsRoleAuthorizationStrategyTest.java,/hdd/dj/testSmellDetection/data/wicket/2016-11-14_TO_2017-05-14/files/158_14b922cde4f62a73e7006373b4f43b9af727bf41_AnnotationsRoleAuthorizationStrategy.java
wicket,/hdd/dj/testSmellDetection/data/wicket/2016-11-14_TO_2017-05-14//files//159_b909ea8e2f3a7eef2d4caca6eaa251cc4cfa400a_MountedMapperTest.java,/hdd/dj/testSmellDetection/data/wicket/2016-11-14_TO_2017-05-14//files//159_b909ea8e2f3a7eef2d4caca6eaa251cc4cfa400a_MountedMapper.java
wicket,/hdd/dj/testSmellDetection/data/wicket/2016-11-14_TO_2017-05-14/files/159_cc0fe992a9fe83f4617079087532542bda188cb4_MountedMapperTest.java,/hdd/dj/testSmellDetection/data/wicket/2016-11-14_TO_2017-05-14/files/159_cc0fe992a9fe83f4617079087532542bda188cb4_MountedMapper.java
wicket,/hdd/dj/testSmellDetection/data/wicket/2016-11-14_TO_2017-05-14//files//160_d2a809262811a7696660425dd80cdd9d0c55ed4d_PageProviderTest.java,/hdd/dj/testSmellDetection/data/wicket/2016-11-14_TO_2017-05-14//files//160_d2a809262811a7696660425dd80cdd9d0c55ed4d_PageProvider.java
wicket,/hdd/dj/testSmellDetection/data/wicket/2016-11-14_TO_2017-05-14/files/160_2a922c6880cfea8de105193f07cd9dc1c1a4fb62_PageProviderTest.java,/hdd/dj/testSmellDetection/data/wicket/2016-11-14_TO_2017-05-14/files/160_2a922c6880cfea8de105193f07cd9dc1c1a4fb62_PageProvider.java
wicket,/hdd/dj/testSmellDetection/data/wicket/2016-11-14_TO_2017-05-14//files//161_88f783d3c83ae7c764e8bfcab19fc68741e3d2d5_PageProviderTest.java,/hdd/dj/testSmellDetection/data/wicket/2016-11-14_TO_2017-05-14//files//161_88f783d3c83ae7c764e8bfcab19fc68741e3d2d5_PageProvider.java
wicket,/hdd/dj/testSmellDetection/data/wicket/2016-11-14_TO_2017-05-14/files/161_0a702f070bb7b3598030c906199f81ad832b8b2c_PageProviderTest.java,/hdd/dj/testSmellDetection/data/wicket/2016-11-14_TO_2017-05-14/files/161_0a702f070bb7b3598030c906199f81ad832b8b2c_PageProvider.java
wicket,/hdd/dj/testSmellDetection/data/wicket/2016-11-14_TO_2017-05-14//files//162_ee1363d8e2b0eb353c44f7e25ec54ca1523cc7d7_PageProviderTest.java,/hdd/dj/testSmellDetection/data/wicket/2016-11-14_TO_2017-05-14//files//162_ee1363d8e2b0eb353c44f7e25ec54ca1523cc7d7_PageProvider.java
wicket,/hdd/dj/testSmellDetection/data/wicket/2016-11-14_TO_2017-05-14/files/162_df5f141d7241903b0721b45921296db74247e4e2_PageProviderTest.java,/hdd/dj/testSmellDetection/data/wicket/2016-11-14_TO_2017-05-14/files/162_df5f141d7241903b0721b45921296db74247e4e2_PageProvider.java
wicket,/hdd/dj/testSmellDetection/data/wicket/2016-11-14_TO_2017-05-14//files//163_15573cabcf44768fe2631bb9b4b6dcf5e2b2e494_FormTesterTest.java,/hdd/dj/testSmellDetection/data/wicket/2016-11-14_TO_2017-05-14//files//163_15573cabcf44768fe2631bb9b4b6dcf5e2b2e494_FormTester.java
wicket,/hdd/dj/testSmellDetection/data/wicket/2016-11-14_TO_2017-05-14/files/163_7f08fab8fa4ab9146fb0504222bb354a8dd98b46_FormTesterTest.java,/hdd/dj/testSmellDetection/data/wicket/2016-11-14_TO_2017-05-14/files/163_7f08fab8fa4ab9146fb0504222bb354a8dd98b46_FormTester.java
wicket,/hdd/dj/testSmellDetection/data/wicket/2016-11-14_TO_2017-05-14//files//164_75ec362716674227817906d18c50d530f584041e_FormTesterTest.java,/hdd/dj/testSmellDetection/data/wicket/2016-11-14_TO_2017-05-14//files//164_75ec362716674227817906d18c50d530f584041e_FormTester.java
wicket,/hdd/dj/testSmellDetection/data/wicket/2016-11-14_TO_2017-05-14/files/164_01d8cffb9f8ab3c957a4aa372b53644317d6a479_FormTesterTest.java,/hdd/dj/testSmellDetection/data/wicket/2016-11-14_TO_2017-05-14/files/164_01d8cffb9f8ab3c957a4aa372b53644317d6a479_FormTester.java
wicket,/hdd/dj/testSmellDetection/data/wicket/2016-11-14_TO_2017-05-14//files//165_accf1873197e759ec08db3e95e22fe2193f343ee_AsynchronousPageStoreTest.java,/hdd/dj/testSmellDetection/data/wicket/2016-11-14_TO_2017-05-14//files//165_accf1873197e759ec08db3e95e22fe2193f343ee_AsynchronousPageStore.java
wicket,/hdd/dj/testSmellDetection/data/wicket/2016-11-14_TO_2017-05-14/files/165_2bae2cbae378d9732ca3549ab77019d08a134302_AsynchronousPageStoreTest.java,/hdd/dj/testSmellDetection/data/wicket/2016-11-14_TO_2017-05-14/files/165_2bae2cbae378d9732ca3549ab77019d08a134302_AsynchronousPageStore.java
wicket,/hdd/dj/testSmellDetection/data/wicket/2016-11-14_TO_2017-05-14//files//166_2bae2cbae378d9732ca3549ab77019d08a134302_AsynchronousPageStoreTest.java,/hdd/dj/testSmellDetection/data/wicket/2016-11-14_TO_2017-05-14//files//166_2bae2cbae378d9732ca3549ab77019d08a134302_AsynchronousPageStore.java
wicket,/hdd/dj/testSmellDetection/data/wicket/2016-11-14_TO_2017-05-14/files/166_0ebf51e96cf20886ca4301c8b424a5ab17f9a3ab_AsynchronousPageStoreTest.java,/hdd/dj/testSmellDetection/data/wicket/2016-11-14_TO_2017-05-14/files/166_0ebf51e96cf20886ca4301c8b424a5ab17f9a3ab_AsynchronousPageStore.java
wicket,/hdd/dj/testSmellDetection/data/wicket/2016-11-14_TO_2017-05-14//files//167_25567ba12214e2d32b27fec4789833a5d89cc59a_FormTesterTest.java,/hdd/dj/testSmellDetection/data/wicket/2016-11-14_TO_2017-05-14//files//167_25567ba12214e2d32b27fec4789833a5d89cc59a_FormTester.java
wicket,/hdd/dj/testSmellDetection/data/wicket/2016-11-14_TO_2017-05-14/files/167_e2af75630ceaa3da0b7b00a88c87adac3dc7a3f6_FormTesterTest.java,/hdd/dj/testSmellDetection/data/wicket/2016-11-14_TO_2017-05-14/files/167_e2af75630ceaa3da0b7b00a88c87adac3dc7a3f6_FormTester.java
wicket,/hdd/dj/testSmellDetection/data/wicket/2016-11-14_TO_2017-05-14//files//168_8f8ad37458e81d93d3fdaeea0e782a41942176df_FormTesterTest.java,/hdd/dj/testSmellDetection/data/wicket/2016-11-14_TO_2017-05-14//files//168_8f8ad37458e81d93d3fdaeea0e782a41942176df_FormTester.java
wicket,/hdd/dj/testSmellDetection/data/wicket/2016-11-14_TO_2017-05-14/files/168_9bc7ee4742715d83cf4d384151cbbb4bd7e2e2d2_FormTesterTest.java,/hdd/dj/testSmellDetection/data/wicket/2016-11-14_TO_2017-05-14/files/168_9bc7ee4742715d83cf4d384151cbbb4bd7e2e2d2_FormTester.java
wicket,/hdd/dj/testSmellDetection/data/wicket/2016-11-14_TO_2017-05-14/files/169_05b8e686324651ba5f908331f10c2f7e1737ab97_StatelessAjaxFallbackLinkDoNotRecreateTest.java,
wicket,/hdd/dj/testSmellDetection/data/wicket/2016-11-14_TO_2017-05-14//files//170_c3e475e2e813165968c42f7f71969ba459e6740d_StatelessAjaxFallbackLinkTest.java,
wicket,/hdd/dj/testSmellDetection/data/wicket/2016-11-14_TO_2017-05-14/files/170_05b8e686324651ba5f908331f10c2f7e1737ab97_StatelessAjaxFallbackLinkTest.java,
wicket,/hdd/dj/testSmellDetection/data/wicket/2016-11-14_TO_2017-05-14/files/171_5f4affeb62bbd4ec6286394e0572ec20633c939f_StatelessAjaxFallbackLinkDoNotRecreateTest.java,
wicket,/hdd/dj/testSmellDetection/data/wicket/2016-11-14_TO_2017-05-14//files//172_a4e28b8a028fc984e2b384596d2ae94e1343a2e7_AsynchronousPageStoreTest.java,/hdd/dj/testSmellDetection/data/wicket/2016-11-14_TO_2017-05-14//files//172_a4e28b8a028fc984e2b384596d2ae94e1343a2e7_AsynchronousPageStore.java
wicket,/hdd/dj/testSmellDetection/data/wicket/2016-11-14_TO_2017-05-14/files/172_25fb5a29dbe523d6ebd7dccdea639eaf5bc28618_AsynchronousPageStoreTest.java,/hdd/dj/testSmellDetection/data/wicket/2016-11-14_TO_2017-05-14/files/172_25fb5a29dbe523d6ebd7dccdea639eaf5bc28618_AsynchronousPageStore.java
wicket,/hdd/dj/testSmellDetection/data/wicket/2016-11-14_TO_2017-05-14//files//173_9e42a9548adb0da540e4e87d491f5824e778537e_ComponentQueueingTest.java,
wicket,/hdd/dj/testSmellDetection/data/wicket/2016-11-14_TO_2017-05-14/files/173_446003862b96e8c5ff551b26489f2e0751b50db0_ComponentQueueingTest.java,
wicket,/hdd/dj/testSmellDetection/data/wicket/2016-11-14_TO_2017-05-14//files//174_d647925d1bbfbce0cc2fc32223f275a82181debd_ComponentQueueingTest.java,
wicket,/hdd/dj/testSmellDetection/data/wicket/2016-11-14_TO_2017-05-14/files/174_70342df0f5d0c87e4a0c335dbf68a699359dd469_ComponentQueueingTest.java,
wicket,/hdd/dj/testSmellDetection/data/wicket/2016-11-14_TO_2017-05-14//files//175_9338bdffedd1263a48c55a1f3e2c78f11c9d9d6b_MarkupFragmentTest.java,/hdd/dj/testSmellDetection/data/wicket/2016-11-14_TO_2017-05-14//files//175_9338bdffedd1263a48c55a1f3e2c78f11c9d9d6b_MarkupFragment.java
wicket,/hdd/dj/testSmellDetection/data/wicket/2016-11-14_TO_2017-05-14/files/175_fb0460b36bb72fff9f5008dd3d3fe5e8d666877b_MarkupFragmentTest.java,/hdd/dj/testSmellDetection/data/wicket/2016-11-14_TO_2017-05-14/files/175_fb0460b36bb72fff9f5008dd3d3fe5e8d666877b_MarkupFragment.java
wicket,/hdd/dj/testSmellDetection/data/wicket/2016-11-14_TO_2017-05-14//files//176_b24decd2f60983c11e75e5f2c34d0c6a93b56426_MarkupFragmentTest.java,/hdd/dj/testSmellDetection/data/wicket/2016-11-14_TO_2017-05-14//files//176_b24decd2f60983c11e75e5f2c34d0c6a93b56426_MarkupFragment.java
wicket,/hdd/dj/testSmellDetection/data/wicket/2016-11-14_TO_2017-05-14/files/176_c0cc33aaff140d4cff28d8e9e25199b4b129c51c_MarkupFragmentTest.java,/hdd/dj/testSmellDetection/data/wicket/2016-11-14_TO_2017-05-14/files/176_c0cc33aaff140d4cff28d8e9e25199b4b129c51c_MarkupFragment.java
