bookkeeper,/hdd/dj/testSmellDetection/data/bookkeeper/2017-02-14_TO_2017-08-14//files//0_91db1254c1118c4efa1c520f61850a3382f41fff_CompactionTest.java,
bookkeeper,/hdd/dj/testSmellDetection/data/bookkeeper/2017-02-14_TO_2017-08-14/files/0_123eccd435a4a96a9147ed4a24efbe9025fe79ba_CompactionTest.java,
bookkeeper,/hdd/dj/testSmellDetection/data/bookkeeper/2017-02-14_TO_2017-08-14//files//1_91db1254c1118c4efa1c520f61850a3382f41fff_UpdateCookieCmdTest.java,
bookkeeper,/hdd/dj/testSmellDetection/data/bookkeeper/2017-02-14_TO_2017-08-14/files/1_123eccd435a4a96a9147ed4a24efbe9025fe79ba_UpdateCookieCmdTest.java,
bookkeeper,/hdd/dj/testSmellDetection/data/bookkeeper/2017-02-14_TO_2017-08-14//files//2_32ebf0ad68f85daffdec571e28206339a4d09443_TestDiskChecker.java,/hdd/dj/testSmellDetection/data/bookkeeper/2017-02-14_TO_2017-08-14//files//2_32ebf0ad68f85daffdec571e28206339a4d09443_DiskChecker.java
bookkeeper,/hdd/dj/testSmellDetection/data/bookkeeper/2017-02-14_TO_2017-08-14/files/2_f3671fc9f588c7a53a9b3cdd520580c45dae06e3_TestDiskChecker.java,/hdd/dj/testSmellDetection/data/bookkeeper/2017-02-14_TO_2017-08-14/files/2_f3671fc9f588c7a53a9b3cdd520580c45dae06e3_DiskChecker.java
bookkeeper,/hdd/dj/testSmellDetection/data/bookkeeper/2017-02-14_TO_2017-08-14//files//3_f3671fc9f588c7a53a9b3cdd520580c45dae06e3_BookKeeperTest.java,/hdd/dj/testSmellDetection/data/bookkeeper/2017-02-14_TO_2017-08-14//files//3_f3671fc9f588c7a53a9b3cdd520580c45dae06e3_BookKeeper.java
bookkeeper,/hdd/dj/testSmellDetection/data/bookkeeper/2017-02-14_TO_2017-08-14/files/3_f20568eaa25e0efe6926ede9030a210382e3005b_BookKeeperTest.java,/hdd/dj/testSmellDetection/data/bookkeeper/2017-02-14_TO_2017-08-14/files/3_f20568eaa25e0efe6926ede9030a210382e3005b_BookKeeper.java
bookkeeper,/hdd/dj/testSmellDetection/data/bookkeeper/2017-02-14_TO_2017-08-14/files/4_986110c4d03a38db81c166216cf4db81a9cb5cb7_LocalBookiesRegistryTest.java,/hdd/dj/testSmellDetection/data/bookkeeper/2017-02-14_TO_2017-08-14/files/4_986110c4d03a38db81c166216cf4db81a9cb5cb7_LocalBookiesRegistry.java
bookkeeper,/hdd/dj/testSmellDetection/data/bookkeeper/2017-02-14_TO_2017-08-14/files/5_1e4ccaf167936fb4ad0de8c29ecf840bed3e89ed_TestRetryPolicy.java,
bookkeeper,/hdd/dj/testSmellDetection/data/bookkeeper/2017-02-14_TO_2017-08-14//files//6_986110c4d03a38db81c166216cf4db81a9cb5cb7_TestZooKeeperClient.java,/hdd/dj/testSmellDetection/data/bookkeeper/2017-02-14_TO_2017-08-14//files//6_986110c4d03a38db81c166216cf4db81a9cb5cb7_ZooKeeperClient.java
bookkeeper,/hdd/dj/testSmellDetection/data/bookkeeper/2017-02-14_TO_2017-08-14/files/6_1e4ccaf167936fb4ad0de8c29ecf840bed3e89ed_TestZooKeeperClient.java,/hdd/dj/testSmellDetection/data/bookkeeper/2017-02-14_TO_2017-08-14/files/6_1e4ccaf167936fb4ad0de8c29ecf840bed3e89ed_ZooKeeperClient.java
bookkeeper,/hdd/dj/testSmellDetection/data/bookkeeper/2017-02-14_TO_2017-08-14/files/7_0583175de72446d00088611000310b000e8e61df_BookKeeperDiskSpaceWeightedLedgerPlacementTest.java,
bookkeeper,/hdd/dj/testSmellDetection/data/bookkeeper/2017-02-14_TO_2017-08-14/files/8_0583175de72446d00088611000310b000e8e61df_TestGetBookieInfoTimeout.java,
bookkeeper,/hdd/dj/testSmellDetection/data/bookkeeper/2017-02-14_TO_2017-08-14//files//9_1e4ccaf167936fb4ad0de8c29ecf840bed3e89ed_TestRackawareEnsemblePlacementPolicy.java,/hdd/dj/testSmellDetection/data/bookkeeper/2017-02-14_TO_2017-08-14//files//9_1e4ccaf167936fb4ad0de8c29ecf840bed3e89ed_RackawareEnsemblePlacementPolicy.java
bookkeeper,/hdd/dj/testSmellDetection/data/bookkeeper/2017-02-14_TO_2017-08-14/files/9_0583175de72446d00088611000310b000e8e61df_TestRackawareEnsemblePlacementPolicy.java,/hdd/dj/testSmellDetection/data/bookkeeper/2017-02-14_TO_2017-08-14/files/9_0583175de72446d00088611000310b000e8e61df_RackawareEnsemblePlacementPolicy.java
bookkeeper,/hdd/dj/testSmellDetection/data/bookkeeper/2017-02-14_TO_2017-08-14/files/10_0583175de72446d00088611000310b000e8e61df_TestWeightedRandomSelection.java,
bookkeeper,/hdd/dj/testSmellDetection/data/bookkeeper/2017-02-14_TO_2017-08-14//files//11_1e4ccaf167936fb4ad0de8c29ecf840bed3e89ed_BookieClientTest.java,/hdd/dj/testSmellDetection/data/bookkeeper/2017-02-14_TO_2017-08-14//files//11_1e4ccaf167936fb4ad0de8c29ecf840bed3e89ed_BookieClient.java
bookkeeper,/hdd/dj/testSmellDetection/data/bookkeeper/2017-02-14_TO_2017-08-14/files/11_0583175de72446d00088611000310b000e8e61df_BookieClientTest.java,/hdd/dj/testSmellDetection/data/bookkeeper/2017-02-14_TO_2017-08-14/files/11_0583175de72446d00088611000310b000e8e61df_BookieClient.java
bookkeeper,/hdd/dj/testSmellDetection/data/bookkeeper/2017-02-14_TO_2017-08-14/files/12_bf8ef14bc1bfdde6c6c8edcd7f380b4beca023f6_LedgerStorageTest.java,
bookkeeper,/hdd/dj/testSmellDetection/data/bookkeeper/2017-02-14_TO_2017-08-14//files//13_0583175de72446d00088611000310b000e8e61df_TestSyncThread.java,/hdd/dj/testSmellDetection/data/bookkeeper/2017-02-14_TO_2017-08-14//files//13_0583175de72446d00088611000310b000e8e61df_SyncThread.java
bookkeeper,/hdd/dj/testSmellDetection/data/bookkeeper/2017-02-14_TO_2017-08-14/files/13_bf8ef14bc1bfdde6c6c8edcd7f380b4beca023f6_TestSyncThread.java,/hdd/dj/testSmellDetection/data/bookkeeper/2017-02-14_TO_2017-08-14/files/13_bf8ef14bc1bfdde6c6c8edcd7f380b4beca023f6_SyncThread.java
bookkeeper,/hdd/dj/testSmellDetection/data/bookkeeper/2017-02-14_TO_2017-08-14//files//14_0583175de72446d00088611000310b000e8e61df_GcLedgersTest.java,
bookkeeper,/hdd/dj/testSmellDetection/data/bookkeeper/2017-02-14_TO_2017-08-14/files/14_bf8ef14bc1bfdde6c6c8edcd7f380b4beca023f6_GcLedgersTest.java,
bookkeeper,/hdd/dj/testSmellDetection/data/bookkeeper/2017-02-14_TO_2017-08-14//files//15_bf8ef14bc1bfdde6c6c8edcd7f380b4beca023f6_CompactionTest.java,
bookkeeper,/hdd/dj/testSmellDetection/data/bookkeeper/2017-02-14_TO_2017-08-14/files/15_825e0e7b4a27730d85afbe823a405ba333de3a65_CompactionTest.java,
bookkeeper,/hdd/dj/testSmellDetection/data/bookkeeper/2017-02-14_TO_2017-08-14/files/16_b30b527ba995978694ebf735c02b508374001021_EnableZkSecurityBasicTest.java,
bookkeeper,/hdd/dj/testSmellDetection/data/bookkeeper/2017-02-14_TO_2017-08-14//files//17_825e0e7b4a27730d85afbe823a405ba333de3a65_TestGcOverreplicatedLedger.java,
bookkeeper,/hdd/dj/testSmellDetection/data/bookkeeper/2017-02-14_TO_2017-08-14/files/17_b30b527ba995978694ebf735c02b508374001021_TestGcOverreplicatedLedger.java,
bookkeeper,/hdd/dj/testSmellDetection/data/bookkeeper/2017-02-14_TO_2017-08-14//files//18_825e0e7b4a27730d85afbe823a405ba333de3a65_LedgerLayoutTest.java,/hdd/dj/testSmellDetection/data/bookkeeper/2017-02-14_TO_2017-08-14//files//18_825e0e7b4a27730d85afbe823a405ba333de3a65_LedgerLayout.java
bookkeeper,/hdd/dj/testSmellDetection/data/bookkeeper/2017-02-14_TO_2017-08-14/files/18_b30b527ba995978694ebf735c02b508374001021_LedgerLayoutTest.java,/hdd/dj/testSmellDetection/data/bookkeeper/2017-02-14_TO_2017-08-14/files/18_b30b527ba995978694ebf735c02b508374001021_LedgerLayout.java
bookkeeper,/hdd/dj/testSmellDetection/data/bookkeeper/2017-02-14_TO_2017-08-14//files//19_825e0e7b4a27730d85afbe823a405ba333de3a65_TestLedgerManager.java,
bookkeeper,/hdd/dj/testSmellDetection/data/bookkeeper/2017-02-14_TO_2017-08-14/files/19_b30b527ba995978694ebf735c02b508374001021_TestLedgerManager.java,
bookkeeper,/hdd/dj/testSmellDetection/data/bookkeeper/2017-02-14_TO_2017-08-14//files//20_825e0e7b4a27730d85afbe823a405ba333de3a65_TestZkLedgerIdGenerator.java,/hdd/dj/testSmellDetection/data/bookkeeper/2017-02-14_TO_2017-08-14//files//20_825e0e7b4a27730d85afbe823a405ba333de3a65_ZkLedgerIdGenerator.java
bookkeeper,/hdd/dj/testSmellDetection/data/bookkeeper/2017-02-14_TO_2017-08-14/files/20_b30b527ba995978694ebf735c02b508374001021_TestZkLedgerIdGenerator.java,/hdd/dj/testSmellDetection/data/bookkeeper/2017-02-14_TO_2017-08-14/files/20_b30b527ba995978694ebf735c02b508374001021_ZkLedgerIdGenerator.java
bookkeeper,/hdd/dj/testSmellDetection/data/bookkeeper/2017-02-14_TO_2017-08-14//files//21_b30b527ba995978694ebf735c02b508374001021_BookKeeperTest.java,/hdd/dj/testSmellDetection/data/bookkeeper/2017-02-14_TO_2017-08-14//files//21_b30b527ba995978694ebf735c02b508374001021_BookKeeper.java
bookkeeper,/hdd/dj/testSmellDetection/data/bookkeeper/2017-02-14_TO_2017-08-14/files/21_9836c87dc2c082c46692d60c60cf9e23c7b0b06c_BookKeeperTest.java,/hdd/dj/testSmellDetection/data/bookkeeper/2017-02-14_TO_2017-08-14/files/21_9836c87dc2c082c46692d60c60cf9e23c7b0b06c_BookKeeper.java
bookkeeper,/hdd/dj/testSmellDetection/data/bookkeeper/2017-02-14_TO_2017-08-14//files//22_48aa69dd0ba41f5ba7bb2b04f31172c919be4391_BookieRecoveryTest.java,
bookkeeper,/hdd/dj/testSmellDetection/data/bookkeeper/2017-02-14_TO_2017-08-14/files/22_0f155f38bb48d23aab4ac8489f7908925b8f0cca_BookieRecoveryTest.java,
bookkeeper,/hdd/dj/testSmellDetection/data/bookkeeper/2017-02-14_TO_2017-08-14//files//23_0f155f38bb48d23aab4ac8489f7908925b8f0cca_BookKeeperCloseTest.java,
bookkeeper,/hdd/dj/testSmellDetection/data/bookkeeper/2017-02-14_TO_2017-08-14/files/23_12bb13cdb1feca0fa6739f8e6287c326fb5fdb94_BookKeeperCloseTest.java,
bookkeeper,/hdd/dj/testSmellDetection/data/bookkeeper/2017-02-14_TO_2017-08-14//files//24_0dd0e4fe0ae29dec3864e7539144a6ffca64df19_TestDistributedLogBase.java,
bookkeeper,/hdd/dj/testSmellDetection/data/bookkeeper/2017-02-14_TO_2017-08-14/files/24_ba3505e60f83f8f99c480414a56dd6dec25a832b_TestDistributedLogBase.java,
bookkeeper,/hdd/dj/testSmellDetection/data/bookkeeper/2017-02-14_TO_2017-08-14//files//25_ba3505e60f83f8f99c480414a56dd6dec25a832b_TestUtils.java,/hdd/dj/testSmellDetection/data/bookkeeper/2017-02-14_TO_2017-08-14//files//25_ba3505e60f83f8f99c480414a56dd6dec25a832b_Utils.java
bookkeeper,/hdd/dj/testSmellDetection/data/bookkeeper/2017-02-14_TO_2017-08-14/files/25_6a80ebc30244da56bc0e3fc64d02650ddfd6d6cb_TestUtils.java,/hdd/dj/testSmellDetection/data/bookkeeper/2017-02-14_TO_2017-08-14/files/25_6a80ebc30244da56bc0e3fc64d02650ddfd6d6cb_Utils.java
bookkeeper,/hdd/dj/testSmellDetection/data/bookkeeper/2017-02-14_TO_2017-08-14//files//26_c72ff5efbfaa21cbc95c21f89692190aa52a5a29_BookKeeperTest.java,/hdd/dj/testSmellDetection/data/bookkeeper/2017-02-14_TO_2017-08-14//files//26_c72ff5efbfaa21cbc95c21f89692190aa52a5a29_BookKeeper.java
bookkeeper,/hdd/dj/testSmellDetection/data/bookkeeper/2017-02-14_TO_2017-08-14/files/26_9c79e078b8cfefc24251aefcb727760fb99229ed_BookKeeperTest.java,/hdd/dj/testSmellDetection/data/bookkeeper/2017-02-14_TO_2017-08-14/files/26_9c79e078b8cfefc24251aefcb727760fb99229ed_BookKeeper.java
bookkeeper,/hdd/dj/testSmellDetection/data/bookkeeper/2017-02-14_TO_2017-08-14//files//27_9c79e078b8cfefc24251aefcb727760fb99229ed_BookieRecoveryTest.java,
bookkeeper,/hdd/dj/testSmellDetection/data/bookkeeper/2017-02-14_TO_2017-08-14/files/27_057af8dbce6c08794eb8b46ca52ca13f222d9bbb_BookieRecoveryTest.java,
bookkeeper,/hdd/dj/testSmellDetection/data/bookkeeper/2017-02-14_TO_2017-08-14/files/28_057af8dbce6c08794eb8b46ca52ca13f222d9bbb_TestLongZkLedgerIdGenerator.java,/hdd/dj/testSmellDetection/data/bookkeeper/2017-02-14_TO_2017-08-14/files/28_057af8dbce6c08794eb8b46ca52ca13f222d9bbb_LongZkLedgerIdGenerator.java
bookkeeper,/hdd/dj/testSmellDetection/data/bookkeeper/2017-02-14_TO_2017-08-14//files//29_9c79e078b8cfefc24251aefcb727760fb99229ed_TestBackwardCompat.java,
bookkeeper,/hdd/dj/testSmellDetection/data/bookkeeper/2017-02-14_TO_2017-08-14/files/29_057af8dbce6c08794eb8b46ca52ca13f222d9bbb_TestBackwardCompat.java,
bookkeeper,/hdd/dj/testSmellDetection/data/bookkeeper/2017-02-14_TO_2017-08-14/files/30_e2894a9e9946b4cc4647c280094bcb2eb1a521ea_GrowableArrayBlockingQueueTest.java,/hdd/dj/testSmellDetection/data/bookkeeper/2017-02-14_TO_2017-08-14/files/30_e2894a9e9946b4cc4647c280094bcb2eb1a521ea_GrowableArrayBlockingQueue.java
bookkeeper,/hdd/dj/testSmellDetection/data/bookkeeper/2017-02-14_TO_2017-08-14//files//31_e2894a9e9946b4cc4647c280094bcb2eb1a521ea_AuditorLedgerCheckerTest.java,
bookkeeper,/hdd/dj/testSmellDetection/data/bookkeeper/2017-02-14_TO_2017-08-14/files/31_d7f7b922f3ea0471452115c6271fd18ab63d3505_AuditorLedgerCheckerTest.java,
bookkeeper,/hdd/dj/testSmellDetection/data/bookkeeper/2017-02-14_TO_2017-08-14//files//32_811ece53a1c975c4e768422f3d622ac9de6b3e41_BookieInitializationTest.java,
bookkeeper,/hdd/dj/testSmellDetection/data/bookkeeper/2017-02-14_TO_2017-08-14/files/32_74f795136c1fff3badb29fc982d0cc2d43096b45_BookieInitializationTest.java,
bookkeeper,/hdd/dj/testSmellDetection/data/bookkeeper/2017-02-14_TO_2017-08-14//files//33_811ece53a1c975c4e768422f3d622ac9de6b3e41_BookieJournalTest.java,
bookkeeper,/hdd/dj/testSmellDetection/data/bookkeeper/2017-02-14_TO_2017-08-14/files/33_74f795136c1fff3badb29fc982d0cc2d43096b45_BookieJournalTest.java,
bookkeeper,/hdd/dj/testSmellDetection/data/bookkeeper/2017-02-14_TO_2017-08-14//files//34_811ece53a1c975c4e768422f3d622ac9de6b3e41_UpgradeTest.java,
bookkeeper,/hdd/dj/testSmellDetection/data/bookkeeper/2017-02-14_TO_2017-08-14/files/34_74f795136c1fff3badb29fc982d0cc2d43096b45_UpgradeTest.java,
bookkeeper,/hdd/dj/testSmellDetection/data/bookkeeper/2017-02-14_TO_2017-08-14//files//35_811ece53a1c975c4e768422f3d622ac9de6b3e41_BookKeeperTest.java,/hdd/dj/testSmellDetection/data/bookkeeper/2017-02-14_TO_2017-08-14//files//35_811ece53a1c975c4e768422f3d622ac9de6b3e41_BookKeeper.java
bookkeeper,/hdd/dj/testSmellDetection/data/bookkeeper/2017-02-14_TO_2017-08-14/files/35_74f795136c1fff3badb29fc982d0cc2d43096b45_BookKeeperTest.java,/hdd/dj/testSmellDetection/data/bookkeeper/2017-02-14_TO_2017-08-14/files/35_74f795136c1fff3badb29fc982d0cc2d43096b45_BookKeeper.java
bookkeeper,/hdd/dj/testSmellDetection/data/bookkeeper/2017-02-14_TO_2017-08-14//files//36_811ece53a1c975c4e768422f3d622ac9de6b3e41_BookieRecoveryTest.java,
bookkeeper,/hdd/dj/testSmellDetection/data/bookkeeper/2017-02-14_TO_2017-08-14/files/36_74f795136c1fff3badb29fc982d0cc2d43096b45_BookieRecoveryTest.java,
bookkeeper,/hdd/dj/testSmellDetection/data/bookkeeper/2017-02-14_TO_2017-08-14//files//37_811ece53a1c975c4e768422f3d622ac9de6b3e41_SlowBookieTest.java,
bookkeeper,/hdd/dj/testSmellDetection/data/bookkeeper/2017-02-14_TO_2017-08-14/files/37_74f795136c1fff3badb29fc982d0cc2d43096b45_SlowBookieTest.java,
bookkeeper,/hdd/dj/testSmellDetection/data/bookkeeper/2017-02-14_TO_2017-08-14//files//38_811ece53a1c975c4e768422f3d622ac9de6b3e41_TestGetBookieInfoTimeout.java,
bookkeeper,/hdd/dj/testSmellDetection/data/bookkeeper/2017-02-14_TO_2017-08-14/files/38_74f795136c1fff3badb29fc982d0cc2d43096b45_TestGetBookieInfoTimeout.java,
bookkeeper,/hdd/dj/testSmellDetection/data/bookkeeper/2017-02-14_TO_2017-08-14//files//39_811ece53a1c975c4e768422f3d622ac9de6b3e41_TestRackawareEnsemblePlacementPolicy.java,/hdd/dj/testSmellDetection/data/bookkeeper/2017-02-14_TO_2017-08-14//files//39_811ece53a1c975c4e768422f3d622ac9de6b3e41_RackawareEnsemblePlacementPolicy.java
bookkeeper,/hdd/dj/testSmellDetection/data/bookkeeper/2017-02-14_TO_2017-08-14/files/39_74f795136c1fff3badb29fc982d0cc2d43096b45_TestRackawareEnsemblePlacementPolicy.java,/hdd/dj/testSmellDetection/data/bookkeeper/2017-02-14_TO_2017-08-14/files/39_74f795136c1fff3badb29fc982d0cc2d43096b45_RackawareEnsemblePlacementPolicy.java
bookkeeper,/hdd/dj/testSmellDetection/data/bookkeeper/2017-02-14_TO_2017-08-14//files//40_811ece53a1c975c4e768422f3d622ac9de6b3e41_TestRackawareEnsemblePlacementPolicyUsingScript.java,
bookkeeper,/hdd/dj/testSmellDetection/data/bookkeeper/2017-02-14_TO_2017-08-14/files/40_74f795136c1fff3badb29fc982d0cc2d43096b45_TestRackawareEnsemblePlacementPolicyUsingScript.java,
bookkeeper,/hdd/dj/testSmellDetection/data/bookkeeper/2017-02-14_TO_2017-08-14//files//41_811ece53a1c975c4e768422f3d622ac9de6b3e41_TestRegionAwareEnsemblePlacementPolicy.java,/hdd/dj/testSmellDetection/data/bookkeeper/2017-02-14_TO_2017-08-14//files//41_811ece53a1c975c4e768422f3d622ac9de6b3e41_RegionAwareEnsemblePlacementPolicy.java
bookkeeper,/hdd/dj/testSmellDetection/data/bookkeeper/2017-02-14_TO_2017-08-14/files/41_74f795136c1fff3badb29fc982d0cc2d43096b45_TestRegionAwareEnsemblePlacementPolicy.java,/hdd/dj/testSmellDetection/data/bookkeeper/2017-02-14_TO_2017-08-14/files/41_74f795136c1fff3badb29fc982d0cc2d43096b45_RegionAwareEnsemblePlacementPolicy.java
bookkeeper,/hdd/dj/testSmellDetection/data/bookkeeper/2017-02-14_TO_2017-08-14//files//42_811ece53a1c975c4e768422f3d622ac9de6b3e41_NetworkLessBookieTest.java,
bookkeeper,/hdd/dj/testSmellDetection/data/bookkeeper/2017-02-14_TO_2017-08-14/files/42_74f795136c1fff3badb29fc982d0cc2d43096b45_NetworkLessBookieTest.java,
bookkeeper,/hdd/dj/testSmellDetection/data/bookkeeper/2017-02-14_TO_2017-08-14//files//43_811ece53a1c975c4e768422f3d622ac9de6b3e41_TestBackwardCompatCMS42.java,
bookkeeper,/hdd/dj/testSmellDetection/data/bookkeeper/2017-02-14_TO_2017-08-14/files/43_74f795136c1fff3badb29fc982d0cc2d43096b45_TestBackwardCompatCMS42.java,
bookkeeper,/hdd/dj/testSmellDetection/data/bookkeeper/2017-02-14_TO_2017-08-14//files//44_811ece53a1c975c4e768422f3d622ac9de6b3e41_TestPerChannelBookieClient.java,/hdd/dj/testSmellDetection/data/bookkeeper/2017-02-14_TO_2017-08-14//files//44_811ece53a1c975c4e768422f3d622ac9de6b3e41_PerChannelBookieClient.java
bookkeeper,/hdd/dj/testSmellDetection/data/bookkeeper/2017-02-14_TO_2017-08-14/files/44_74f795136c1fff3badb29fc982d0cc2d43096b45_TestPerChannelBookieClient.java,/hdd/dj/testSmellDetection/data/bookkeeper/2017-02-14_TO_2017-08-14/files/44_74f795136c1fff3badb29fc982d0cc2d43096b45_PerChannelBookieClient.java
bookkeeper,/hdd/dj/testSmellDetection/data/bookkeeper/2017-02-14_TO_2017-08-14//files//45_811ece53a1c975c4e768422f3d622ac9de6b3e41_BookieClientTest.java,/hdd/dj/testSmellDetection/data/bookkeeper/2017-02-14_TO_2017-08-14//files//45_811ece53a1c975c4e768422f3d622ac9de6b3e41_BookieClient.java
bookkeeper,/hdd/dj/testSmellDetection/data/bookkeeper/2017-02-14_TO_2017-08-14/files/45_74f795136c1fff3badb29fc982d0cc2d43096b45_BookieClientTest.java,/hdd/dj/testSmellDetection/data/bookkeeper/2017-02-14_TO_2017-08-14/files/45_74f795136c1fff3badb29fc982d0cc2d43096b45_BookieClient.java
bookkeeper,/hdd/dj/testSmellDetection/data/bookkeeper/2017-02-14_TO_2017-08-14//files//46_811ece53a1c975c4e768422f3d622ac9de6b3e41_BookieReadWriteTest.java,
bookkeeper,/hdd/dj/testSmellDetection/data/bookkeeper/2017-02-14_TO_2017-08-14/files/46_74f795136c1fff3badb29fc982d0cc2d43096b45_BookieReadWriteTest.java,
bookkeeper,/hdd/dj/testSmellDetection/data/bookkeeper/2017-02-14_TO_2017-08-14/files/47_74f795136c1fff3badb29fc982d0cc2d43096b45_DoubleByteBufTest.java,/hdd/dj/testSmellDetection/data/bookkeeper/2017-02-14_TO_2017-08-14/files/47_74f795136c1fff3badb29fc982d0cc2d43096b45_DoubleByteBuf.java
bookkeeper,/hdd/dj/testSmellDetection/data/bookkeeper/2017-02-14_TO_2017-08-14//files//48_5d43260e84c6121df72c0ee4c844651bfb726638_BookieJournalTest.java,
bookkeeper,/hdd/dj/testSmellDetection/data/bookkeeper/2017-02-14_TO_2017-08-14/files/48_0f81461d2d1dc5cf9db4de9a46599d7d64e3dac6_BookieJournalTest.java,
bookkeeper,/hdd/dj/testSmellDetection/data/bookkeeper/2017-02-14_TO_2017-08-14//files//49_5d43260e84c6121df72c0ee4c844651bfb726638_CompactionTest.java,
bookkeeper,/hdd/dj/testSmellDetection/data/bookkeeper/2017-02-14_TO_2017-08-14/files/49_0f81461d2d1dc5cf9db4de9a46599d7d64e3dac6_CompactionTest.java,
bookkeeper,/hdd/dj/testSmellDetection/data/bookkeeper/2017-02-14_TO_2017-08-14//files//50_5d43260e84c6121df72c0ee4c844651bfb726638_EntryLogTest.java,
bookkeeper,/hdd/dj/testSmellDetection/data/bookkeeper/2017-02-14_TO_2017-08-14/files/50_0f81461d2d1dc5cf9db4de9a46599d7d64e3dac6_EntryLogTest.java,
bookkeeper,/hdd/dj/testSmellDetection/data/bookkeeper/2017-02-14_TO_2017-08-14//files//51_5d43260e84c6121df72c0ee4c844651bfb726638_LedgerCacheTest.java,
bookkeeper,/hdd/dj/testSmellDetection/data/bookkeeper/2017-02-14_TO_2017-08-14/files/51_0f81461d2d1dc5cf9db4de9a46599d7d64e3dac6_LedgerCacheTest.java,
bookkeeper,/hdd/dj/testSmellDetection/data/bookkeeper/2017-02-14_TO_2017-08-14//files//52_5d43260e84c6121df72c0ee4c844651bfb726638_TestSyncThread.java,/hdd/dj/testSmellDetection/data/bookkeeper/2017-02-14_TO_2017-08-14//files//52_5d43260e84c6121df72c0ee4c844651bfb726638_SyncThread.java
bookkeeper,/hdd/dj/testSmellDetection/data/bookkeeper/2017-02-14_TO_2017-08-14/files/52_0f81461d2d1dc5cf9db4de9a46599d7d64e3dac6_TestSyncThread.java,/hdd/dj/testSmellDetection/data/bookkeeper/2017-02-14_TO_2017-08-14/files/52_0f81461d2d1dc5cf9db4de9a46599d7d64e3dac6_SyncThread.java
bookkeeper,/hdd/dj/testSmellDetection/data/bookkeeper/2017-02-14_TO_2017-08-14//files//53_5d43260e84c6121df72c0ee4c844651bfb726638_BookKeeperCloseTest.java,
bookkeeper,/hdd/dj/testSmellDetection/data/bookkeeper/2017-02-14_TO_2017-08-14/files/53_0f81461d2d1dc5cf9db4de9a46599d7d64e3dac6_BookKeeperCloseTest.java,
bookkeeper,/hdd/dj/testSmellDetection/data/bookkeeper/2017-02-14_TO_2017-08-14//files//54_5d43260e84c6121df72c0ee4c844651bfb726638_LedgerCloseTest.java,
bookkeeper,/hdd/dj/testSmellDetection/data/bookkeeper/2017-02-14_TO_2017-08-14/files/54_0f81461d2d1dc5cf9db4de9a46599d7d64e3dac6_LedgerCloseTest.java,
bookkeeper,/hdd/dj/testSmellDetection/data/bookkeeper/2017-02-14_TO_2017-08-14//files//55_5d43260e84c6121df72c0ee4c844651bfb726638_LedgerRecoveryTest.java,
bookkeeper,/hdd/dj/testSmellDetection/data/bookkeeper/2017-02-14_TO_2017-08-14/files/55_0f81461d2d1dc5cf9db4de9a46599d7d64e3dac6_LedgerRecoveryTest.java,
bookkeeper,/hdd/dj/testSmellDetection/data/bookkeeper/2017-02-14_TO_2017-08-14//files//56_5d43260e84c6121df72c0ee4c844651bfb726638_GcLedgersTest.java,
bookkeeper,/hdd/dj/testSmellDetection/data/bookkeeper/2017-02-14_TO_2017-08-14/files/56_0f81461d2d1dc5cf9db4de9a46599d7d64e3dac6_GcLedgersTest.java,
bookkeeper,/hdd/dj/testSmellDetection/data/bookkeeper/2017-02-14_TO_2017-08-14//files//57_5d43260e84c6121df72c0ee4c844651bfb726638_TestPerChannelBookieClient.java,/hdd/dj/testSmellDetection/data/bookkeeper/2017-02-14_TO_2017-08-14//files//57_5d43260e84c6121df72c0ee4c844651bfb726638_PerChannelBookieClient.java
bookkeeper,/hdd/dj/testSmellDetection/data/bookkeeper/2017-02-14_TO_2017-08-14/files/57_0f81461d2d1dc5cf9db4de9a46599d7d64e3dac6_TestPerChannelBookieClient.java,/hdd/dj/testSmellDetection/data/bookkeeper/2017-02-14_TO_2017-08-14/files/57_0f81461d2d1dc5cf9db4de9a46599d7d64e3dac6_PerChannelBookieClient.java
bookkeeper,/hdd/dj/testSmellDetection/data/bookkeeper/2017-02-14_TO_2017-08-14//files//58_5d43260e84c6121df72c0ee4c844651bfb726638_AuditorPeriodicCheckTest.java,
bookkeeper,/hdd/dj/testSmellDetection/data/bookkeeper/2017-02-14_TO_2017-08-14/files/58_0f81461d2d1dc5cf9db4de9a46599d7d64e3dac6_AuditorPeriodicCheckTest.java,
bookkeeper,/hdd/dj/testSmellDetection/data/bookkeeper/2017-02-14_TO_2017-08-14//files//59_5d43260e84c6121df72c0ee4c844651bfb726638_ConcurrentLedgerTest.java,
bookkeeper,/hdd/dj/testSmellDetection/data/bookkeeper/2017-02-14_TO_2017-08-14/files/59_0f81461d2d1dc5cf9db4de9a46599d7d64e3dac6_ConcurrentLedgerTest.java,
bookkeeper,/hdd/dj/testSmellDetection/data/bookkeeper/2017-02-14_TO_2017-08-14/files/60_667390d1a6305c31608130929ba0d68a0b5a4763_GSSAPIBookKeeperTest.java,
bookkeeper,/hdd/dj/testSmellDetection/data/bookkeeper/2017-02-14_TO_2017-08-14/files/61_667390d1a6305c31608130929ba0d68a0b5a4763_MD5DigestBookKeeperTest.java,
bookkeeper,/hdd/dj/testSmellDetection/data/bookkeeper/2017-02-14_TO_2017-08-14//files//62_667390d1a6305c31608130929ba0d68a0b5a4763_TestBKConfiguration.java,
bookkeeper,/hdd/dj/testSmellDetection/data/bookkeeper/2017-02-14_TO_2017-08-14/files/62_8ba8ab9403dbc464c68caf6e7cd3fc490670731e_TestBKConfiguration.java,
bookkeeper,/hdd/dj/testSmellDetection/data/bookkeeper/2017-02-14_TO_2017-08-14//files//63_d1f37dafbb475d4d6aab4769335550428c680269_TestSyncThread.java,/hdd/dj/testSmellDetection/data/bookkeeper/2017-02-14_TO_2017-08-14//files//63_d1f37dafbb475d4d6aab4769335550428c680269_SyncThread.java
bookkeeper,/hdd/dj/testSmellDetection/data/bookkeeper/2017-02-14_TO_2017-08-14/files/63_dd08ce1a644de00967dd5fe34ce15caa9789d775_TestSyncThread.java,/hdd/dj/testSmellDetection/data/bookkeeper/2017-02-14_TO_2017-08-14/files/63_dd08ce1a644de00967dd5fe34ce15caa9789d775_SyncThread.java
bookkeeper,/hdd/dj/testSmellDetection/data/bookkeeper/2017-02-14_TO_2017-08-14//files//64_d1f37dafbb475d4d6aab4769335550428c680269_GcLedgersTest.java,
bookkeeper,/hdd/dj/testSmellDetection/data/bookkeeper/2017-02-14_TO_2017-08-14/files/64_dd08ce1a644de00967dd5fe34ce15caa9789d775_GcLedgersTest.java,
bookkeeper,/hdd/dj/testSmellDetection/data/bookkeeper/2017-02-14_TO_2017-08-14//files//65_a9fe7d94f1890f697633fdca8abdeff23903025f_TestSpeculativeRead.java,
bookkeeper,/hdd/dj/testSmellDetection/data/bookkeeper/2017-02-14_TO_2017-08-14/files/65_5c81acaccfb0cb1260acdfd7d0bb95ae84f85654_TestSpeculativeRead.java,
bookkeeper,/hdd/dj/testSmellDetection/data/bookkeeper/2017-02-14_TO_2017-08-14//files//66_5f945f8a02f5171608810eb002443193c3eb058c_BookieInitializationTest.java,
bookkeeper,/hdd/dj/testSmellDetection/data/bookkeeper/2017-02-14_TO_2017-08-14/files/66_efd8ec26926d2e75f51d6d576543a0dcc116b83f_BookieInitializationTest.java,
bookkeeper,/hdd/dj/testSmellDetection/data/bookkeeper/2017-02-14_TO_2017-08-14//files//67_5f945f8a02f5171608810eb002443193c3eb058c_IndexPersistenceMgrTest.java,/hdd/dj/testSmellDetection/data/bookkeeper/2017-02-14_TO_2017-08-14//files//67_5f945f8a02f5171608810eb002443193c3eb058c_IndexPersistenceMgr.java
bookkeeper,/hdd/dj/testSmellDetection/data/bookkeeper/2017-02-14_TO_2017-08-14/files/67_efd8ec26926d2e75f51d6d576543a0dcc116b83f_IndexPersistenceMgrTest.java,/hdd/dj/testSmellDetection/data/bookkeeper/2017-02-14_TO_2017-08-14/files/67_efd8ec26926d2e75f51d6d576543a0dcc116b83f_IndexPersistenceMgr.java
bookkeeper,/hdd/dj/testSmellDetection/data/bookkeeper/2017-02-14_TO_2017-08-14//files//68_5f945f8a02f5171608810eb002443193c3eb058c_TestLedgerDirsManager.java,
bookkeeper,/hdd/dj/testSmellDetection/data/bookkeeper/2017-02-14_TO_2017-08-14/files/68_efd8ec26926d2e75f51d6d576543a0dcc116b83f_TestLedgerDirsManager.java,
bookkeeper,/hdd/dj/testSmellDetection/data/bookkeeper/2017-02-14_TO_2017-08-14/files/69_b3b958c2b6a7195b23477d181db3fea1e7d1c248_TestParallelRead.java,
bookkeeper,/hdd/dj/testSmellDetection/data/bookkeeper/2017-02-14_TO_2017-08-14/files/70_5fe86525a9c823f79b3e97fd82ea4aa1c75c79eb_TestReadEntryListener.java,
bookkeeper,/hdd/dj/testSmellDetection/data/bookkeeper/2017-02-14_TO_2017-08-14/files/71_07852d35856dca232450135913090bac27b29abe_LedgerMetadataCreationTest.java,
bookkeeper,/hdd/dj/testSmellDetection/data/bookkeeper/2017-02-14_TO_2017-08-14/files/72_07852d35856dca232450135913090bac27b29abe_TestZkUtils.java,/hdd/dj/testSmellDetection/data/bookkeeper/2017-02-14_TO_2017-08-14/files/72_07852d35856dca232450135913090bac27b29abe_ZkUtils.java
bookkeeper,/hdd/dj/testSmellDetection/data/bookkeeper/2017-02-14_TO_2017-08-14//files//73_8618b21a2395834ac2a6ede41635832b9d26d03f_TestBKDistributedLogNamespace.java,/hdd/dj/testSmellDetection/data/bookkeeper/2017-02-14_TO_2017-08-14//files//73_8618b21a2395834ac2a6ede41635832b9d26d03f_BKDistributedLogNamespace.java
bookkeeper,/hdd/dj/testSmellDetection/data/bookkeeper/2017-02-14_TO_2017-08-14/files/73_83c527c32f9aa7ffd89aac2085e0b798a3ced1af_TestBKDistributedLogNamespace.java,/hdd/dj/testSmellDetection/data/bookkeeper/2017-02-14_TO_2017-08-14/files/73_83c527c32f9aa7ffd89aac2085e0b798a3ced1af_BKDistributedLogNamespace.java
bookkeeper,/hdd/dj/testSmellDetection/data/bookkeeper/2017-02-14_TO_2017-08-14//files//74_8618b21a2395834ac2a6ede41635832b9d26d03f_TestDLUtils.java,/hdd/dj/testSmellDetection/data/bookkeeper/2017-02-14_TO_2017-08-14//files//74_8618b21a2395834ac2a6ede41635832b9d26d03f_DLUtils.java
bookkeeper,/hdd/dj/testSmellDetection/data/bookkeeper/2017-02-14_TO_2017-08-14/files/74_83c527c32f9aa7ffd89aac2085e0b798a3ced1af_TestDLUtils.java,/hdd/dj/testSmellDetection/data/bookkeeper/2017-02-14_TO_2017-08-14/files/74_83c527c32f9aa7ffd89aac2085e0b798a3ced1af_DLUtils.java
bookkeeper,/hdd/dj/testSmellDetection/data/bookkeeper/2017-02-14_TO_2017-08-14//files//75_46e6b70feda2e8ad61ba13928df93b2c94d3dd4e_TestAppendOnlyStreamReader.java,/hdd/dj/testSmellDetection/data/bookkeeper/2017-02-14_TO_2017-08-14//files//75_46e6b70feda2e8ad61ba13928df93b2c94d3dd4e_AppendOnlyStreamReader.java
bookkeeper,/hdd/dj/testSmellDetection/data/bookkeeper/2017-02-14_TO_2017-08-14/files/75_b4770a090a95802250dc69b13487eeb7ff6e0bb3_TestAppendOnlyStreamReader.java,/hdd/dj/testSmellDetection/data/bookkeeper/2017-02-14_TO_2017-08-14/files/75_b4770a090a95802250dc69b13487eeb7ff6e0bb3_AppendOnlyStreamReader.java
bookkeeper,/hdd/dj/testSmellDetection/data/bookkeeper/2017-02-14_TO_2017-08-14//files//76_46e6b70feda2e8ad61ba13928df93b2c94d3dd4e_TestAppendOnlyStreamWriter.java,/hdd/dj/testSmellDetection/data/bookkeeper/2017-02-14_TO_2017-08-14//files//76_46e6b70feda2e8ad61ba13928df93b2c94d3dd4e_AppendOnlyStreamWriter.java
bookkeeper,/hdd/dj/testSmellDetection/data/bookkeeper/2017-02-14_TO_2017-08-14/files/76_b4770a090a95802250dc69b13487eeb7ff6e0bb3_TestAppendOnlyStreamWriter.java,/hdd/dj/testSmellDetection/data/bookkeeper/2017-02-14_TO_2017-08-14/files/76_b4770a090a95802250dc69b13487eeb7ff6e0bb3_AppendOnlyStreamWriter.java
bookkeeper,/hdd/dj/testSmellDetection/data/bookkeeper/2017-02-14_TO_2017-08-14//files//77_46e6b70feda2e8ad61ba13928df93b2c94d3dd4e_TestAsyncBulkWrite.java,
bookkeeper,/hdd/dj/testSmellDetection/data/bookkeeper/2017-02-14_TO_2017-08-14/files/77_b4770a090a95802250dc69b13487eeb7ff6e0bb3_TestAsyncBulkWrite.java,
bookkeeper,/hdd/dj/testSmellDetection/data/bookkeeper/2017-02-14_TO_2017-08-14//files//78_46e6b70feda2e8ad61ba13928df93b2c94d3dd4e_TestAsyncReaderLock.java,
bookkeeper,/hdd/dj/testSmellDetection/data/bookkeeper/2017-02-14_TO_2017-08-14/files/78_b4770a090a95802250dc69b13487eeb7ff6e0bb3_TestAsyncReaderLock.java,
bookkeeper,/hdd/dj/testSmellDetection/data/bookkeeper/2017-02-14_TO_2017-08-14//files//79_46e6b70feda2e8ad61ba13928df93b2c94d3dd4e_TestAsyncReaderWriter.java,
bookkeeper,/hdd/dj/testSmellDetection/data/bookkeeper/2017-02-14_TO_2017-08-14/files/79_b4770a090a95802250dc69b13487eeb7ff6e0bb3_TestAsyncReaderWriter.java,
bookkeeper,/hdd/dj/testSmellDetection/data/bookkeeper/2017-02-14_TO_2017-08-14//files//80_46e6b70feda2e8ad61ba13928df93b2c94d3dd4e_TestBKDistributedLogManager.java,/hdd/dj/testSmellDetection/data/bookkeeper/2017-02-14_TO_2017-08-14//files//80_46e6b70feda2e8ad61ba13928df93b2c94d3dd4e_BKDistributedLogManager.java
bookkeeper,/hdd/dj/testSmellDetection/data/bookkeeper/2017-02-14_TO_2017-08-14/files/80_b4770a090a95802250dc69b13487eeb7ff6e0bb3_TestBKDistributedLogManager.java,/hdd/dj/testSmellDetection/data/bookkeeper/2017-02-14_TO_2017-08-14/files/80_b4770a090a95802250dc69b13487eeb7ff6e0bb3_BKDistributedLogManager.java
bookkeeper,/hdd/dj/testSmellDetection/data/bookkeeper/2017-02-14_TO_2017-08-14//files//81_46e6b70feda2e8ad61ba13928df93b2c94d3dd4e_TestBKDistributedLogNamespace.java,/hdd/dj/testSmellDetection/data/bookkeeper/2017-02-14_TO_2017-08-14//files//81_46e6b70feda2e8ad61ba13928df93b2c94d3dd4e_BKDistributedLogNamespace.java
bookkeeper,/hdd/dj/testSmellDetection/data/bookkeeper/2017-02-14_TO_2017-08-14/files/81_b4770a090a95802250dc69b13487eeb7ff6e0bb3_TestBKDistributedLogNamespace.java,/hdd/dj/testSmellDetection/data/bookkeeper/2017-02-14_TO_2017-08-14/files/81_b4770a090a95802250dc69b13487eeb7ff6e0bb3_BKDistributedLogNamespace.java
bookkeeper,/hdd/dj/testSmellDetection/data/bookkeeper/2017-02-14_TO_2017-08-14//files//82_46e6b70feda2e8ad61ba13928df93b2c94d3dd4e_TestBKLogReadHandler.java,/hdd/dj/testSmellDetection/data/bookkeeper/2017-02-14_TO_2017-08-14//files//82_46e6b70feda2e8ad61ba13928df93b2c94d3dd4e_BKLogReadHandler.java
bookkeeper,/hdd/dj/testSmellDetection/data/bookkeeper/2017-02-14_TO_2017-08-14/files/82_b4770a090a95802250dc69b13487eeb7ff6e0bb3_TestBKLogReadHandler.java,/hdd/dj/testSmellDetection/data/bookkeeper/2017-02-14_TO_2017-08-14/files/82_b4770a090a95802250dc69b13487eeb7ff6e0bb3_BKLogReadHandler.java
bookkeeper,/hdd/dj/testSmellDetection/data/bookkeeper/2017-02-14_TO_2017-08-14//files//83_46e6b70feda2e8ad61ba13928df93b2c94d3dd4e_TestBKLogSegmentWriter.java,/hdd/dj/testSmellDetection/data/bookkeeper/2017-02-14_TO_2017-08-14//files//83_46e6b70feda2e8ad61ba13928df93b2c94d3dd4e_BKLogSegmentWriter.java
bookkeeper,/hdd/dj/testSmellDetection/data/bookkeeper/2017-02-14_TO_2017-08-14/files/83_b4770a090a95802250dc69b13487eeb7ff6e0bb3_TestBKLogSegmentWriter.java,/hdd/dj/testSmellDetection/data/bookkeeper/2017-02-14_TO_2017-08-14/files/83_b4770a090a95802250dc69b13487eeb7ff6e0bb3_BKLogSegmentWriter.java
bookkeeper,/hdd/dj/testSmellDetection/data/bookkeeper/2017-02-14_TO_2017-08-14//files//84_46e6b70feda2e8ad61ba13928df93b2c94d3dd4e_TestBKLogWriteHandler.java,/hdd/dj/testSmellDetection/data/bookkeeper/2017-02-14_TO_2017-08-14//files//84_46e6b70feda2e8ad61ba13928df93b2c94d3dd4e_BKLogWriteHandler.java
bookkeeper,/hdd/dj/testSmellDetection/data/bookkeeper/2017-02-14_TO_2017-08-14/files/84_b4770a090a95802250dc69b13487eeb7ff6e0bb3_TestBKLogWriteHandler.java,/hdd/dj/testSmellDetection/data/bookkeeper/2017-02-14_TO_2017-08-14/files/84_b4770a090a95802250dc69b13487eeb7ff6e0bb3_BKLogWriteHandler.java
bookkeeper,/hdd/dj/testSmellDetection/data/bookkeeper/2017-02-14_TO_2017-08-14//files//85_46e6b70feda2e8ad61ba13928df93b2c94d3dd4e_TestBKSyncLogReader.java,/hdd/dj/testSmellDetection/data/bookkeeper/2017-02-14_TO_2017-08-14//files//85_46e6b70feda2e8ad61ba13928df93b2c94d3dd4e_BKSyncLogReader.java
bookkeeper,/hdd/dj/testSmellDetection/data/bookkeeper/2017-02-14_TO_2017-08-14/files/85_b4770a090a95802250dc69b13487eeb7ff6e0bb3_TestBKSyncLogReader.java,/hdd/dj/testSmellDetection/data/bookkeeper/2017-02-14_TO_2017-08-14/files/85_b4770a090a95802250dc69b13487eeb7ff6e0bb3_BKSyncLogReader.java
bookkeeper,/hdd/dj/testSmellDetection/data/bookkeeper/2017-02-14_TO_2017-08-14//files//86_46e6b70feda2e8ad61ba13928df93b2c94d3dd4e_TestDistributedLogBase.java,
bookkeeper,/hdd/dj/testSmellDetection/data/bookkeeper/2017-02-14_TO_2017-08-14/files/86_b4770a090a95802250dc69b13487eeb7ff6e0bb3_TestDistributedLogBase.java,
bookkeeper,/hdd/dj/testSmellDetection/data/bookkeeper/2017-02-14_TO_2017-08-14//files//87_46e6b70feda2e8ad61ba13928df93b2c94d3dd4e_TestEntry.java,
bookkeeper,/hdd/dj/testSmellDetection/data/bookkeeper/2017-02-14_TO_2017-08-14/files/87_b4770a090a95802250dc69b13487eeb7ff6e0bb3_TestEntry.java,
bookkeeper,/hdd/dj/testSmellDetection/data/bookkeeper/2017-02-14_TO_2017-08-14//files//88_46e6b70feda2e8ad61ba13928df93b2c94d3dd4e_TestInterleavedReaders.java,
bookkeeper,/hdd/dj/testSmellDetection/data/bookkeeper/2017-02-14_TO_2017-08-14/files/88_b4770a090a95802250dc69b13487eeb7ff6e0bb3_TestInterleavedReaders.java,
bookkeeper,/hdd/dj/testSmellDetection/data/bookkeeper/2017-02-14_TO_2017-08-14//files//89_46e6b70feda2e8ad61ba13928df93b2c94d3dd4e_TestLogSegmentCreation.java,
bookkeeper,/hdd/dj/testSmellDetection/data/bookkeeper/2017-02-14_TO_2017-08-14/files/89_b4770a090a95802250dc69b13487eeb7ff6e0bb3_TestLogSegmentCreation.java,
bookkeeper,/hdd/dj/testSmellDetection/data/bookkeeper/2017-02-14_TO_2017-08-14//files//90_46e6b70feda2e8ad61ba13928df93b2c94d3dd4e_TestLogSegmentMetadata.java,/hdd/dj/testSmellDetection/data/bookkeeper/2017-02-14_TO_2017-08-14//files//90_46e6b70feda2e8ad61ba13928df93b2c94d3dd4e_LogSegmentMetadata.java
bookkeeper,/hdd/dj/testSmellDetection/data/bookkeeper/2017-02-14_TO_2017-08-14/files/90_b4770a090a95802250dc69b13487eeb7ff6e0bb3_TestLogSegmentMetadata.java,/hdd/dj/testSmellDetection/data/bookkeeper/2017-02-14_TO_2017-08-14/files/90_b4770a090a95802250dc69b13487eeb7ff6e0bb3_LogSegmentMetadata.java
bookkeeper,/hdd/dj/testSmellDetection/data/bookkeeper/2017-02-14_TO_2017-08-14//files//91_46e6b70feda2e8ad61ba13928df93b2c94d3dd4e_TestLogSegmentsZK.java,
bookkeeper,/hdd/dj/testSmellDetection/data/bookkeeper/2017-02-14_TO_2017-08-14/files/91_b4770a090a95802250dc69b13487eeb7ff6e0bb3_TestLogSegmentsZK.java,
bookkeeper,/hdd/dj/testSmellDetection/data/bookkeeper/2017-02-14_TO_2017-08-14//files//92_46e6b70feda2e8ad61ba13928df93b2c94d3dd4e_TestNonBlockingReads.java,
bookkeeper,/hdd/dj/testSmellDetection/data/bookkeeper/2017-02-14_TO_2017-08-14/files/92_b4770a090a95802250dc69b13487eeb7ff6e0bb3_TestNonBlockingReads.java,
bookkeeper,/hdd/dj/testSmellDetection/data/bookkeeper/2017-02-14_TO_2017-08-14//files//93_46e6b70feda2e8ad61ba13928df93b2c94d3dd4e_TestNonBlockingReadsMultiReader.java,
bookkeeper,/hdd/dj/testSmellDetection/data/bookkeeper/2017-02-14_TO_2017-08-14/files/93_b4770a090a95802250dc69b13487eeb7ff6e0bb3_TestNonBlockingReadsMultiReader.java,
bookkeeper,/hdd/dj/testSmellDetection/data/bookkeeper/2017-02-14_TO_2017-08-14//files//94_46e6b70feda2e8ad61ba13928df93b2c94d3dd4e_TestReadAheadEntryReader.java,/hdd/dj/testSmellDetection/data/bookkeeper/2017-02-14_TO_2017-08-14//files//94_46e6b70feda2e8ad61ba13928df93b2c94d3dd4e_ReadAheadEntryReader.java
bookkeeper,/hdd/dj/testSmellDetection/data/bookkeeper/2017-02-14_TO_2017-08-14/files/94_b4770a090a95802250dc69b13487eeb7ff6e0bb3_TestReadAheadEntryReader.java,/hdd/dj/testSmellDetection/data/bookkeeper/2017-02-14_TO_2017-08-14/files/94_b4770a090a95802250dc69b13487eeb7ff6e0bb3_ReadAheadEntryReader.java
bookkeeper,/hdd/dj/testSmellDetection/data/bookkeeper/2017-02-14_TO_2017-08-14//files//95_46e6b70feda2e8ad61ba13928df93b2c94d3dd4e_TestReadUtils.java,/hdd/dj/testSmellDetection/data/bookkeeper/2017-02-14_TO_2017-08-14//files//95_46e6b70feda2e8ad61ba13928df93b2c94d3dd4e_ReadUtils.java
bookkeeper,/hdd/dj/testSmellDetection/data/bookkeeper/2017-02-14_TO_2017-08-14/files/95_b4770a090a95802250dc69b13487eeb7ff6e0bb3_TestReadUtils.java,/hdd/dj/testSmellDetection/data/bookkeeper/2017-02-14_TO_2017-08-14/files/95_b4770a090a95802250dc69b13487eeb7ff6e0bb3_ReadUtils.java
bookkeeper,/hdd/dj/testSmellDetection/data/bookkeeper/2017-02-14_TO_2017-08-14//files//96_46e6b70feda2e8ad61ba13928df93b2c94d3dd4e_TestReader.java,
bookkeeper,/hdd/dj/testSmellDetection/data/bookkeeper/2017-02-14_TO_2017-08-14/files/96_b4770a090a95802250dc69b13487eeb7ff6e0bb3_TestReader.java,
bookkeeper,/hdd/dj/testSmellDetection/data/bookkeeper/2017-02-14_TO_2017-08-14//files//97_46e6b70feda2e8ad61ba13928df93b2c94d3dd4e_TestRollLogSegments.java,
bookkeeper,/hdd/dj/testSmellDetection/data/bookkeeper/2017-02-14_TO_2017-08-14/files/97_b4770a090a95802250dc69b13487eeb7ff6e0bb3_TestRollLogSegments.java,
bookkeeper,/hdd/dj/testSmellDetection/data/bookkeeper/2017-02-14_TO_2017-08-14//files//98_46e6b70feda2e8ad61ba13928df93b2c94d3dd4e_TestSequenceID.java,
bookkeeper,/hdd/dj/testSmellDetection/data/bookkeeper/2017-02-14_TO_2017-08-14/files/98_b4770a090a95802250dc69b13487eeb7ff6e0bb3_TestSequenceID.java,
bookkeeper,/hdd/dj/testSmellDetection/data/bookkeeper/2017-02-14_TO_2017-08-14//files//99_46e6b70feda2e8ad61ba13928df93b2c94d3dd4e_TestTruncate.java,
bookkeeper,/hdd/dj/testSmellDetection/data/bookkeeper/2017-02-14_TO_2017-08-14/files/99_b4770a090a95802250dc69b13487eeb7ff6e0bb3_TestTruncate.java,
bookkeeper,/hdd/dj/testSmellDetection/data/bookkeeper/2017-02-14_TO_2017-08-14//files//100_46e6b70feda2e8ad61ba13928df93b2c94d3dd4e_TestWriteLimiter.java,/hdd/dj/testSmellDetection/data/bookkeeper/2017-02-14_TO_2017-08-14//files//100_46e6b70feda2e8ad61ba13928df93b2c94d3dd4e_WriteLimiter.java
bookkeeper,/hdd/dj/testSmellDetection/data/bookkeeper/2017-02-14_TO_2017-08-14/files/100_b4770a090a95802250dc69b13487eeb7ff6e0bb3_TestWriteLimiter.java,/hdd/dj/testSmellDetection/data/bookkeeper/2017-02-14_TO_2017-08-14/files/100_b4770a090a95802250dc69b13487eeb7ff6e0bb3_WriteLimiter.java
bookkeeper,/hdd/dj/testSmellDetection/data/bookkeeper/2017-02-14_TO_2017-08-14//files//101_46e6b70feda2e8ad61ba13928df93b2c94d3dd4e_TestZooKeeperClient.java,/hdd/dj/testSmellDetection/data/bookkeeper/2017-02-14_TO_2017-08-14//files//101_46e6b70feda2e8ad61ba13928df93b2c94d3dd4e_ZooKeeperClient.java
bookkeeper,/hdd/dj/testSmellDetection/data/bookkeeper/2017-02-14_TO_2017-08-14/files/101_b4770a090a95802250dc69b13487eeb7ff6e0bb3_TestZooKeeperClient.java,/hdd/dj/testSmellDetection/data/bookkeeper/2017-02-14_TO_2017-08-14/files/101_b4770a090a95802250dc69b13487eeb7ff6e0bb3_ZooKeeperClient.java
bookkeeper,/hdd/dj/testSmellDetection/data/bookkeeper/2017-02-14_TO_2017-08-14//files//102_46e6b70feda2e8ad61ba13928df93b2c94d3dd4e_TestZKAccessControl.java,/hdd/dj/testSmellDetection/data/bookkeeper/2017-02-14_TO_2017-08-14//files//102_46e6b70feda2e8ad61ba13928df93b2c94d3dd4e_ZKAccessControl.java
bookkeeper,/hdd/dj/testSmellDetection/data/bookkeeper/2017-02-14_TO_2017-08-14/files/102_b4770a090a95802250dc69b13487eeb7ff6e0bb3_TestZKAccessControl.java,/hdd/dj/testSmellDetection/data/bookkeeper/2017-02-14_TO_2017-08-14/files/102_b4770a090a95802250dc69b13487eeb7ff6e0bb3_ZKAccessControl.java
bookkeeper,/hdd/dj/testSmellDetection/data/bookkeeper/2017-02-14_TO_2017-08-14//files//103_46e6b70feda2e8ad61ba13928df93b2c94d3dd4e_TestZKAccessControlManager.java,/hdd/dj/testSmellDetection/data/bookkeeper/2017-02-14_TO_2017-08-14//files//103_46e6b70feda2e8ad61ba13928df93b2c94d3dd4e_ZKAccessControlManager.java
bookkeeper,/hdd/dj/testSmellDetection/data/bookkeeper/2017-02-14_TO_2017-08-14/files/103_b4770a090a95802250dc69b13487eeb7ff6e0bb3_TestZKAccessControlManager.java,/hdd/dj/testSmellDetection/data/bookkeeper/2017-02-14_TO_2017-08-14/files/103_b4770a090a95802250dc69b13487eeb7ff6e0bb3_ZKAccessControlManager.java
bookkeeper,/hdd/dj/testSmellDetection/data/bookkeeper/2017-02-14_TO_2017-08-14//files//104_46e6b70feda2e8ad61ba13928df93b2c94d3dd4e_TestDLCK.java,
bookkeeper,/hdd/dj/testSmellDetection/data/bookkeeper/2017-02-14_TO_2017-08-14/files/104_b4770a090a95802250dc69b13487eeb7ff6e0bb3_TestDLCK.java,
bookkeeper,/hdd/dj/testSmellDetection/data/bookkeeper/2017-02-14_TO_2017-08-14//files//105_46e6b70feda2e8ad61ba13928df93b2c94d3dd4e_TestDistributedLogAdmin.java,/hdd/dj/testSmellDetection/data/bookkeeper/2017-02-14_TO_2017-08-14//files//105_46e6b70feda2e8ad61ba13928df93b2c94d3dd4e_DistributedLogAdmin.java
bookkeeper,/hdd/dj/testSmellDetection/data/bookkeeper/2017-02-14_TO_2017-08-14/files/105_b4770a090a95802250dc69b13487eeb7ff6e0bb3_TestDistributedLogAdmin.java,/hdd/dj/testSmellDetection/data/bookkeeper/2017-02-14_TO_2017-08-14/files/105_b4770a090a95802250dc69b13487eeb7ff6e0bb3_DistributedLogAdmin.java
bookkeeper,/hdd/dj/testSmellDetection/data/bookkeeper/2017-02-14_TO_2017-08-14//files//106_46e6b70feda2e8ad61ba13928df93b2c94d3dd4e_TestLedgerAllocator.java,
bookkeeper,/hdd/dj/testSmellDetection/data/bookkeeper/2017-02-14_TO_2017-08-14/files/106_b4770a090a95802250dc69b13487eeb7ff6e0bb3_TestLedgerAllocator.java,
bookkeeper,/hdd/dj/testSmellDetection/data/bookkeeper/2017-02-14_TO_2017-08-14//files//107_46e6b70feda2e8ad61ba13928df93b2c94d3dd4e_TestLedgerAllocatorPool.java,/hdd/dj/testSmellDetection/data/bookkeeper/2017-02-14_TO_2017-08-14//files//107_46e6b70feda2e8ad61ba13928df93b2c94d3dd4e_LedgerAllocatorPool.java
bookkeeper,/hdd/dj/testSmellDetection/data/bookkeeper/2017-02-14_TO_2017-08-14/files/107_b4770a090a95802250dc69b13487eeb7ff6e0bb3_TestLedgerAllocatorPool.java,/hdd/dj/testSmellDetection/data/bookkeeper/2017-02-14_TO_2017-08-14/files/107_b4770a090a95802250dc69b13487eeb7ff6e0bb3_LedgerAllocatorPool.java
bookkeeper,/hdd/dj/testSmellDetection/data/bookkeeper/2017-02-14_TO_2017-08-14//files//108_46e6b70feda2e8ad61ba13928df93b2c94d3dd4e_TestConcurrentBaseConfiguration.java,/hdd/dj/testSmellDetection/data/bookkeeper/2017-02-14_TO_2017-08-14//files//108_46e6b70feda2e8ad61ba13928df93b2c94d3dd4e_ConcurrentBaseConfiguration.java
bookkeeper,/hdd/dj/testSmellDetection/data/bookkeeper/2017-02-14_TO_2017-08-14//files//109_46e6b70feda2e8ad61ba13928df93b2c94d3dd4e_TestConfigurationSubscription.java,/hdd/dj/testSmellDetection/data/bookkeeper/2017-02-14_TO_2017-08-14//files//109_46e6b70feda2e8ad61ba13928df93b2c94d3dd4e_ConfigurationSubscription.java
bookkeeper,/hdd/dj/testSmellDetection/data/bookkeeper/2017-02-14_TO_2017-08-14//files//110_46e6b70feda2e8ad61ba13928df93b2c94d3dd4e_TestDynamicConfigurationFactory.java,/hdd/dj/testSmellDetection/data/bookkeeper/2017-02-14_TO_2017-08-14//files//110_46e6b70feda2e8ad61ba13928df93b2c94d3dd4e_DynamicConfigurationFactory.java
bookkeeper,/hdd/dj/testSmellDetection/data/bookkeeper/2017-02-14_TO_2017-08-14/files/110_b4770a090a95802250dc69b13487eeb7ff6e0bb3_TestDynamicConfigurationFactory.java,/hdd/dj/testSmellDetection/data/bookkeeper/2017-02-14_TO_2017-08-14/files/110_b4770a090a95802250dc69b13487eeb7ff6e0bb3_DynamicConfigurationFactory.java
bookkeeper,/hdd/dj/testSmellDetection/data/bookkeeper/2017-02-14_TO_2017-08-14//files//111_46e6b70feda2e8ad61ba13928df93b2c94d3dd4e_TestDynamicDistributedLogConfiguration.java,/hdd/dj/testSmellDetection/data/bookkeeper/2017-02-14_TO_2017-08-14//files//111_46e6b70feda2e8ad61ba13928df93b2c94d3dd4e_DynamicDistributedLogConfiguration.java
bookkeeper,/hdd/dj/testSmellDetection/data/bookkeeper/2017-02-14_TO_2017-08-14/files/111_b4770a090a95802250dc69b13487eeb7ff6e0bb3_TestDynamicDistributedLogConfiguration.java,/hdd/dj/testSmellDetection/data/bookkeeper/2017-02-14_TO_2017-08-14/files/111_b4770a090a95802250dc69b13487eeb7ff6e0bb3_DynamicDistributedLogConfiguration.java
bookkeeper,/hdd/dj/testSmellDetection/data/bookkeeper/2017-02-14_TO_2017-08-14//files//112_46e6b70feda2e8ad61ba13928df93b2c94d3dd4e_TestConfigurationFeatureProvider.java,/hdd/dj/testSmellDetection/data/bookkeeper/2017-02-14_TO_2017-08-14//files//112_46e6b70feda2e8ad61ba13928df93b2c94d3dd4e_ConfigurationFeatureProvider.java
bookkeeper,/hdd/dj/testSmellDetection/data/bookkeeper/2017-02-14_TO_2017-08-14/files/112_b4770a090a95802250dc69b13487eeb7ff6e0bb3_TestConfigurationFeatureProvider.java,/hdd/dj/testSmellDetection/data/bookkeeper/2017-02-14_TO_2017-08-14/files/112_b4770a090a95802250dc69b13487eeb7ff6e0bb3_ConfigurationFeatureProvider.java
bookkeeper,/hdd/dj/testSmellDetection/data/bookkeeper/2017-02-14_TO_2017-08-14//files//113_46e6b70feda2e8ad61ba13928df93b2c94d3dd4e_TestDynamicConfigurationFeatureProvider.java,/hdd/dj/testSmellDetection/data/bookkeeper/2017-02-14_TO_2017-08-14//files//113_46e6b70feda2e8ad61ba13928df93b2c94d3dd4e_DynamicConfigurationFeatureProvider.java
bookkeeper,/hdd/dj/testSmellDetection/data/bookkeeper/2017-02-14_TO_2017-08-14/files/113_b4770a090a95802250dc69b13487eeb7ff6e0bb3_TestDynamicConfigurationFeatureProvider.java,/hdd/dj/testSmellDetection/data/bookkeeper/2017-02-14_TO_2017-08-14/files/113_b4770a090a95802250dc69b13487eeb7ff6e0bb3_DynamicConfigurationFeatureProvider.java
bookkeeper,/hdd/dj/testSmellDetection/data/bookkeeper/2017-02-14_TO_2017-08-14//files//114_46e6b70feda2e8ad61ba13928df93b2c94d3dd4e_TestZKLogMetadataStore.java,/hdd/dj/testSmellDetection/data/bookkeeper/2017-02-14_TO_2017-08-14//files//114_46e6b70feda2e8ad61ba13928df93b2c94d3dd4e_ZKLogMetadataStore.java
bookkeeper,/hdd/dj/testSmellDetection/data/bookkeeper/2017-02-14_TO_2017-08-14/files/114_b4770a090a95802250dc69b13487eeb7ff6e0bb3_TestZKLogMetadataStore.java,/hdd/dj/testSmellDetection/data/bookkeeper/2017-02-14_TO_2017-08-14/files/114_b4770a090a95802250dc69b13487eeb7ff6e0bb3_ZKLogMetadataStore.java
bookkeeper,/hdd/dj/testSmellDetection/data/bookkeeper/2017-02-14_TO_2017-08-14//files//115_46e6b70feda2e8ad61ba13928df93b2c94d3dd4e_TestZKLogSegmentMetadataStore.java,/hdd/dj/testSmellDetection/data/bookkeeper/2017-02-14_TO_2017-08-14//files//115_46e6b70feda2e8ad61ba13928df93b2c94d3dd4e_ZKLogSegmentMetadataStore.java
bookkeeper,/hdd/dj/testSmellDetection/data/bookkeeper/2017-02-14_TO_2017-08-14/files/115_b4770a090a95802250dc69b13487eeb7ff6e0bb3_TestZKLogSegmentMetadataStore.java,/hdd/dj/testSmellDetection/data/bookkeeper/2017-02-14_TO_2017-08-14/files/115_b4770a090a95802250dc69b13487eeb7ff6e0bb3_ZKLogSegmentMetadataStore.java
bookkeeper,/hdd/dj/testSmellDetection/data/bookkeeper/2017-02-14_TO_2017-08-14//files//116_46e6b70feda2e8ad61ba13928df93b2c94d3dd4e_TestZKNamespaceWatcher.java,/hdd/dj/testSmellDetection/data/bookkeeper/2017-02-14_TO_2017-08-14//files//116_46e6b70feda2e8ad61ba13928df93b2c94d3dd4e_ZKNamespaceWatcher.java
bookkeeper,/hdd/dj/testSmellDetection/data/bookkeeper/2017-02-14_TO_2017-08-14/files/116_b4770a090a95802250dc69b13487eeb7ff6e0bb3_TestZKNamespaceWatcher.java,/hdd/dj/testSmellDetection/data/bookkeeper/2017-02-14_TO_2017-08-14/files/116_b4770a090a95802250dc69b13487eeb7ff6e0bb3_ZKNamespaceWatcher.java
bookkeeper,/hdd/dj/testSmellDetection/data/bookkeeper/2017-02-14_TO_2017-08-14//files//117_46e6b70feda2e8ad61ba13928df93b2c94d3dd4e_TestFederatedZKLogMetadataStore.java,/hdd/dj/testSmellDetection/data/bookkeeper/2017-02-14_TO_2017-08-14//files//117_46e6b70feda2e8ad61ba13928df93b2c94d3dd4e_FederatedZKLogMetadataStore.java
bookkeeper,/hdd/dj/testSmellDetection/data/bookkeeper/2017-02-14_TO_2017-08-14/files/117_b4770a090a95802250dc69b13487eeb7ff6e0bb3_TestFederatedZKLogMetadataStore.java,/hdd/dj/testSmellDetection/data/bookkeeper/2017-02-14_TO_2017-08-14/files/117_b4770a090a95802250dc69b13487eeb7ff6e0bb3_FederatedZKLogMetadataStore.java
bookkeeper,/hdd/dj/testSmellDetection/data/bookkeeper/2017-02-14_TO_2017-08-14//files//118_46e6b70feda2e8ad61ba13928df93b2c94d3dd4e_TestBKLogSegmentEntryReader.java,/hdd/dj/testSmellDetection/data/bookkeeper/2017-02-14_TO_2017-08-14//files//118_46e6b70feda2e8ad61ba13928df93b2c94d3dd4e_BKLogSegmentEntryReader.java
bookkeeper,/hdd/dj/testSmellDetection/data/bookkeeper/2017-02-14_TO_2017-08-14/files/118_b4770a090a95802250dc69b13487eeb7ff6e0bb3_TestBKLogSegmentEntryReader.java,/hdd/dj/testSmellDetection/data/bookkeeper/2017-02-14_TO_2017-08-14/files/118_b4770a090a95802250dc69b13487eeb7ff6e0bb3_BKLogSegmentEntryReader.java
bookkeeper,/hdd/dj/testSmellDetection/data/bookkeeper/2017-02-14_TO_2017-08-14//files//119_46e6b70feda2e8ad61ba13928df93b2c94d3dd4e_TestZKLogStreamMetadataStore.java,/hdd/dj/testSmellDetection/data/bookkeeper/2017-02-14_TO_2017-08-14//files//119_46e6b70feda2e8ad61ba13928df93b2c94d3dd4e_ZKLogStreamMetadataStore.java
bookkeeper,/hdd/dj/testSmellDetection/data/bookkeeper/2017-02-14_TO_2017-08-14/files/119_b4770a090a95802250dc69b13487eeb7ff6e0bb3_TestZKLogStreamMetadataStore.java,/hdd/dj/testSmellDetection/data/bookkeeper/2017-02-14_TO_2017-08-14/files/119_b4770a090a95802250dc69b13487eeb7ff6e0bb3_ZKLogStreamMetadataStore.java
bookkeeper,/hdd/dj/testSmellDetection/data/bookkeeper/2017-02-14_TO_2017-08-14//files//120_46e6b70feda2e8ad61ba13928df93b2c94d3dd4e_TestDistributedLock.java,
bookkeeper,/hdd/dj/testSmellDetection/data/bookkeeper/2017-02-14_TO_2017-08-14/files/120_b4770a090a95802250dc69b13487eeb7ff6e0bb3_TestDistributedLock.java,
bookkeeper,/hdd/dj/testSmellDetection/data/bookkeeper/2017-02-14_TO_2017-08-14//files//121_46e6b70feda2e8ad61ba13928df93b2c94d3dd4e_TestZKSessionLock.java,/hdd/dj/testSmellDetection/data/bookkeeper/2017-02-14_TO_2017-08-14//files//121_46e6b70feda2e8ad61ba13928df93b2c94d3dd4e_ZKSessionLock.java
bookkeeper,/hdd/dj/testSmellDetection/data/bookkeeper/2017-02-14_TO_2017-08-14/files/121_b4770a090a95802250dc69b13487eeb7ff6e0bb3_TestZKSessionLock.java,/hdd/dj/testSmellDetection/data/bookkeeper/2017-02-14_TO_2017-08-14/files/121_b4770a090a95802250dc69b13487eeb7ff6e0bb3_ZKSessionLock.java
bookkeeper,/hdd/dj/testSmellDetection/data/bookkeeper/2017-02-14_TO_2017-08-14//files//122_46e6b70feda2e8ad61ba13928df93b2c94d3dd4e_TestRollingPolicy.java,
bookkeeper,/hdd/dj/testSmellDetection/data/bookkeeper/2017-02-14_TO_2017-08-14/files/122_b4770a090a95802250dc69b13487eeb7ff6e0bb3_TestRollingPolicy.java,
bookkeeper,/hdd/dj/testSmellDetection/data/bookkeeper/2017-02-14_TO_2017-08-14//files//123_46e6b70feda2e8ad61ba13928df93b2c94d3dd4e_TestLogSegmentMetadataStoreUpdater.java,/hdd/dj/testSmellDetection/data/bookkeeper/2017-02-14_TO_2017-08-14//files//123_46e6b70feda2e8ad61ba13928df93b2c94d3dd4e_LogSegmentMetadataStoreUpdater.java
bookkeeper,/hdd/dj/testSmellDetection/data/bookkeeper/2017-02-14_TO_2017-08-14/files/123_b4770a090a95802250dc69b13487eeb7ff6e0bb3_TestLogSegmentMetadataStoreUpdater.java,/hdd/dj/testSmellDetection/data/bookkeeper/2017-02-14_TO_2017-08-14/files/123_b4770a090a95802250dc69b13487eeb7ff6e0bb3_LogSegmentMetadataStoreUpdater.java
bookkeeper,/hdd/dj/testSmellDetection/data/bookkeeper/2017-02-14_TO_2017-08-14//files//124_46e6b70feda2e8ad61ba13928df93b2c94d3dd4e_TestMovingAverageRate.java,
bookkeeper,/hdd/dj/testSmellDetection/data/bookkeeper/2017-02-14_TO_2017-08-14//files//125_46e6b70feda2e8ad61ba13928df93b2c94d3dd4e_TestDistributedLogTool.java,/hdd/dj/testSmellDetection/data/bookkeeper/2017-02-14_TO_2017-08-14//files//125_46e6b70feda2e8ad61ba13928df93b2c94d3dd4e_DistributedLogTool.java
bookkeeper,/hdd/dj/testSmellDetection/data/bookkeeper/2017-02-14_TO_2017-08-14/files/125_b4770a090a95802250dc69b13487eeb7ff6e0bb3_TestDistributedLogTool.java,/hdd/dj/testSmellDetection/data/bookkeeper/2017-02-14_TO_2017-08-14/files/125_b4770a090a95802250dc69b13487eeb7ff6e0bb3_DistributedLogTool.java
bookkeeper,/hdd/dj/testSmellDetection/data/bookkeeper/2017-02-14_TO_2017-08-14//files//126_46e6b70feda2e8ad61ba13928df93b2c94d3dd4e_TestFutureUtils.java,/hdd/dj/testSmellDetection/data/bookkeeper/2017-02-14_TO_2017-08-14//files//126_46e6b70feda2e8ad61ba13928df93b2c94d3dd4e_FutureUtils.java
bookkeeper,/hdd/dj/testSmellDetection/data/bookkeeper/2017-02-14_TO_2017-08-14//files//127_46e6b70feda2e8ad61ba13928df93b2c94d3dd4e_TestPermitManager.java,
bookkeeper,/hdd/dj/testSmellDetection/data/bookkeeper/2017-02-14_TO_2017-08-14/files/127_b4770a090a95802250dc69b13487eeb7ff6e0bb3_TestPermitManager.java,
bookkeeper,/hdd/dj/testSmellDetection/data/bookkeeper/2017-02-14_TO_2017-08-14//files//128_46e6b70feda2e8ad61ba13928df93b2c94d3dd4e_TestSafeQueueingFuturePool.java,/hdd/dj/testSmellDetection/data/bookkeeper/2017-02-14_TO_2017-08-14//files//128_46e6b70feda2e8ad61ba13928df93b2c94d3dd4e_SafeQueueingFuturePool.java
bookkeeper,/hdd/dj/testSmellDetection/data/bookkeeper/2017-02-14_TO_2017-08-14//files//129_46e6b70feda2e8ad61ba13928df93b2c94d3dd4e_TestUtils.java,/hdd/dj/testSmellDetection/data/bookkeeper/2017-02-14_TO_2017-08-14//files//129_46e6b70feda2e8ad61ba13928df93b2c94d3dd4e_Utils.java
bookkeeper,/hdd/dj/testSmellDetection/data/bookkeeper/2017-02-14_TO_2017-08-14/files/129_b4770a090a95802250dc69b13487eeb7ff6e0bb3_TestUtils.java,/hdd/dj/testSmellDetection/data/bookkeeper/2017-02-14_TO_2017-08-14/files/129_b4770a090a95802250dc69b13487eeb7ff6e0bb3_Utils.java
bookkeeper,/hdd/dj/testSmellDetection/data/bookkeeper/2017-02-14_TO_2017-08-14//files//130_b90ad5d89717bb3ca161387af4fce4f913c9e0ae_TestLogRecordSet.java,
bookkeeper,/hdd/dj/testSmellDetection/data/bookkeeper/2017-02-14_TO_2017-08-14/files/130_1bf73e9f5b1d9a982182681156c90c6de026ce17_TestLogRecordSet.java,
bookkeeper,/hdd/dj/testSmellDetection/data/bookkeeper/2017-02-14_TO_2017-08-14//files//131_b90ad5d89717bb3ca161387af4fce4f913c9e0ae_TestTimedOutTestsListener.java,
bookkeeper,/hdd/dj/testSmellDetection/data/bookkeeper/2017-02-14_TO_2017-08-14//files//132_363c5d00b847b7eb2a93826b6d947fd3180a37dd_LedgerRecoveryTest.java,
bookkeeper,/hdd/dj/testSmellDetection/data/bookkeeper/2017-02-14_TO_2017-08-14/files/132_90a8f283999ddbfee818629e1be17102e63be22c_LedgerRecoveryTest.java,
bookkeeper,/hdd/dj/testSmellDetection/data/bookkeeper/2017-02-14_TO_2017-08-14/files/133_90e4e46bccdd1a788e10056f4a3818aa2aead452_TestPiggybackLAC.java,
bookkeeper,/hdd/dj/testSmellDetection/data/bookkeeper/2017-02-14_TO_2017-08-14//files//134_90a8f283999ddbfee818629e1be17102e63be22c_BookieClientTest.java,/hdd/dj/testSmellDetection/data/bookkeeper/2017-02-14_TO_2017-08-14//files//134_90a8f283999ddbfee818629e1be17102e63be22c_BookieClient.java
bookkeeper,/hdd/dj/testSmellDetection/data/bookkeeper/2017-02-14_TO_2017-08-14/files/134_90e4e46bccdd1a788e10056f4a3818aa2aead452_BookieClientTest.java,/hdd/dj/testSmellDetection/data/bookkeeper/2017-02-14_TO_2017-08-14/files/134_90e4e46bccdd1a788e10056f4a3818aa2aead452_BookieClient.java
bookkeeper,/hdd/dj/testSmellDetection/data/bookkeeper/2017-02-14_TO_2017-08-14/files/135_256e7587331eddd51b7c05f27717c9d4dc848500_ParallelLedgerRecoveryTest.java,
bookkeeper,/hdd/dj/testSmellDetection/data/bookkeeper/2017-02-14_TO_2017-08-14/files/136_59696600784c54192877a5742c6b141eadb07e26_BookieStorageThresholdTest.java,
bookkeeper,/hdd/dj/testSmellDetection/data/bookkeeper/2017-02-14_TO_2017-08-14//files//137_256e7587331eddd51b7c05f27717c9d4dc848500_CompactionTest.java,
bookkeeper,/hdd/dj/testSmellDetection/data/bookkeeper/2017-02-14_TO_2017-08-14/files/137_59696600784c54192877a5742c6b141eadb07e26_CompactionTest.java,
bookkeeper,/hdd/dj/testSmellDetection/data/bookkeeper/2017-02-14_TO_2017-08-14//files//138_59696600784c54192877a5742c6b141eadb07e26_TestFencing.java,
bookkeeper,/hdd/dj/testSmellDetection/data/bookkeeper/2017-02-14_TO_2017-08-14/files/138_189d7e80b4b0096d580bafa66323fa5f099df65d_TestFencing.java,
bookkeeper,/hdd/dj/testSmellDetection/data/bookkeeper/2017-02-14_TO_2017-08-14//files//139_fe8ded50ed8f008457665138ec0e6a88bba67f73_BookieInitializationTest.java,
bookkeeper,/hdd/dj/testSmellDetection/data/bookkeeper/2017-02-14_TO_2017-08-14/files/139_9ddd9e6f9e48b03a57a2c78ec2630303abd49782_BookieInitializationTest.java,
bookkeeper,/hdd/dj/testSmellDetection/data/bookkeeper/2017-02-14_TO_2017-08-14/files/140_32c2859f0bec9ab74965d954bce038480e4dc2ba_SubTreeCacheTest.java,/hdd/dj/testSmellDetection/data/bookkeeper/2017-02-14_TO_2017-08-14/files/140_32c2859f0bec9ab74965d954bce038480e4dc2ba_SubTreeCache.java
bookkeeper,/hdd/dj/testSmellDetection/data/bookkeeper/2017-02-14_TO_2017-08-14/files/141_75aca2397e43ec321a049aaec514c99cc9fad235_TestSequenceRead.java,
bookkeeper,/hdd/dj/testSmellDetection/data/bookkeeper/2017-02-14_TO_2017-08-14//files//142_b9648998802ce4bf256e33ffd6296b4c973a4824_TestSpeculativeRead.java,
bookkeeper,/hdd/dj/testSmellDetection/data/bookkeeper/2017-02-14_TO_2017-08-14/files/142_75aca2397e43ec321a049aaec514c99cc9fad235_TestSpeculativeRead.java,
bookkeeper,/hdd/dj/testSmellDetection/data/bookkeeper/2017-02-14_TO_2017-08-14//files//143_95ebc45fa2d0c4028c31c66b790743f4a7909800_BookieRecoveryTest.java,
bookkeeper,/hdd/dj/testSmellDetection/data/bookkeeper/2017-02-14_TO_2017-08-14/files/143_5e399df67c2aa1e5f228c62ba8533ca3293ab147_BookieRecoveryTest.java,
bookkeeper,/hdd/dj/testSmellDetection/data/bookkeeper/2017-02-14_TO_2017-08-14//files//144_95ebc45fa2d0c4028c31c66b790743f4a7909800_RoundRobinDistributionScheduleTest.java,/hdd/dj/testSmellDetection/data/bookkeeper/2017-02-14_TO_2017-08-14//files//144_95ebc45fa2d0c4028c31c66b790743f4a7909800_RoundRobinDistributionSchedule.java
bookkeeper,/hdd/dj/testSmellDetection/data/bookkeeper/2017-02-14_TO_2017-08-14/files/144_5e399df67c2aa1e5f228c62ba8533ca3293ab147_RoundRobinDistributionScheduleTest.java,/hdd/dj/testSmellDetection/data/bookkeeper/2017-02-14_TO_2017-08-14/files/144_5e399df67c2aa1e5f228c62ba8533ca3293ab147_RoundRobinDistributionSchedule.java
bookkeeper,/hdd/dj/testSmellDetection/data/bookkeeper/2017-02-14_TO_2017-08-14/files/145_5e399df67c2aa1e5f228c62ba8533ca3293ab147_TestDelayEnsembleChange.java,
bookkeeper,/hdd/dj/testSmellDetection/data/bookkeeper/2017-02-14_TO_2017-08-14/files/146_5e399df67c2aa1e5f228c62ba8533ca3293ab147_TestDisableEnsembleChange.java,
bookkeeper,/hdd/dj/testSmellDetection/data/bookkeeper/2017-02-14_TO_2017-08-14/files/147_e735c0305c8b3737e78ba5a1ba15b5d80a5ffb47_CompactionByBytesTest.java,
bookkeeper,/hdd/dj/testSmellDetection/data/bookkeeper/2017-02-14_TO_2017-08-14/files/148_e735c0305c8b3737e78ba5a1ba15b5d80a5ffb47_CompactionByEntriesTest.java,
bookkeeper,/hdd/dj/testSmellDetection/data/bookkeeper/2017-02-14_TO_2017-08-14//files//149_450629d4314cf467fbf78da2d2a43840d0ccf783_CompactionTest.java,
bookkeeper,/hdd/dj/testSmellDetection/data/bookkeeper/2017-02-14_TO_2017-08-14/files/149_e735c0305c8b3737e78ba5a1ba15b5d80a5ffb47_CompactionTest.java,
bookkeeper,/hdd/dj/testSmellDetection/data/bookkeeper/2017-02-14_TO_2017-08-14//files//150_e735c0305c8b3737e78ba5a1ba15b5d80a5ffb47_TestAuth.java,
bookkeeper,/hdd/dj/testSmellDetection/data/bookkeeper/2017-02-14_TO_2017-08-14/files/150_21366fee0e43e69591a03d7b517cf66dff2861d9_TestAuth.java,
bookkeeper,/hdd/dj/testSmellDetection/data/bookkeeper/2017-02-14_TO_2017-08-14//files//151_e735c0305c8b3737e78ba5a1ba15b5d80a5ffb47_BookieInitializationTest.java,
bookkeeper,/hdd/dj/testSmellDetection/data/bookkeeper/2017-02-14_TO_2017-08-14/files/151_21366fee0e43e69591a03d7b517cf66dff2861d9_BookieInitializationTest.java,
bookkeeper,/hdd/dj/testSmellDetection/data/bookkeeper/2017-02-14_TO_2017-08-14//files//152_e735c0305c8b3737e78ba5a1ba15b5d80a5ffb47_BookieJournalTest.java,
bookkeeper,/hdd/dj/testSmellDetection/data/bookkeeper/2017-02-14_TO_2017-08-14/files/152_21366fee0e43e69591a03d7b517cf66dff2861d9_BookieJournalTest.java,
bookkeeper,/hdd/dj/testSmellDetection/data/bookkeeper/2017-02-14_TO_2017-08-14//files//153_e735c0305c8b3737e78ba5a1ba15b5d80a5ffb47_CompactionTest.java,
bookkeeper,/hdd/dj/testSmellDetection/data/bookkeeper/2017-02-14_TO_2017-08-14/files/153_21366fee0e43e69591a03d7b517cf66dff2861d9_CompactionTest.java,
bookkeeper,/hdd/dj/testSmellDetection/data/bookkeeper/2017-02-14_TO_2017-08-14//files//154_e735c0305c8b3737e78ba5a1ba15b5d80a5ffb47_EnableZkSecurityBasicTest.java,
bookkeeper,/hdd/dj/testSmellDetection/data/bookkeeper/2017-02-14_TO_2017-08-14/files/154_21366fee0e43e69591a03d7b517cf66dff2861d9_EnableZkSecurityBasicTest.java,
bookkeeper,/hdd/dj/testSmellDetection/data/bookkeeper/2017-02-14_TO_2017-08-14//files//155_e735c0305c8b3737e78ba5a1ba15b5d80a5ffb47_IndexCorruptionTest.java,
bookkeeper,/hdd/dj/testSmellDetection/data/bookkeeper/2017-02-14_TO_2017-08-14/files/155_21366fee0e43e69591a03d7b517cf66dff2861d9_IndexCorruptionTest.java,
bookkeeper,/hdd/dj/testSmellDetection/data/bookkeeper/2017-02-14_TO_2017-08-14//files//156_e735c0305c8b3737e78ba5a1ba15b5d80a5ffb47_TestGcOverreplicatedLedger.java,
bookkeeper,/hdd/dj/testSmellDetection/data/bookkeeper/2017-02-14_TO_2017-08-14/files/156_21366fee0e43e69591a03d7b517cf66dff2861d9_TestGcOverreplicatedLedger.java,
bookkeeper,/hdd/dj/testSmellDetection/data/bookkeeper/2017-02-14_TO_2017-08-14//files//157_e735c0305c8b3737e78ba5a1ba15b5d80a5ffb47_BookKeeperCloseTest.java,
bookkeeper,/hdd/dj/testSmellDetection/data/bookkeeper/2017-02-14_TO_2017-08-14/files/157_21366fee0e43e69591a03d7b517cf66dff2861d9_BookKeeperCloseTest.java,
bookkeeper,/hdd/dj/testSmellDetection/data/bookkeeper/2017-02-14_TO_2017-08-14//files//158_e735c0305c8b3737e78ba5a1ba15b5d80a5ffb47_BookKeeperTest.java,/hdd/dj/testSmellDetection/data/bookkeeper/2017-02-14_TO_2017-08-14//files//158_e735c0305c8b3737e78ba5a1ba15b5d80a5ffb47_BookKeeper.java
bookkeeper,/hdd/dj/testSmellDetection/data/bookkeeper/2017-02-14_TO_2017-08-14/files/158_21366fee0e43e69591a03d7b517cf66dff2861d9_BookKeeperTest.java,/hdd/dj/testSmellDetection/data/bookkeeper/2017-02-14_TO_2017-08-14/files/158_21366fee0e43e69591a03d7b517cf66dff2861d9_BookKeeper.java
bookkeeper,/hdd/dj/testSmellDetection/data/bookkeeper/2017-02-14_TO_2017-08-14//files//159_e735c0305c8b3737e78ba5a1ba15b5d80a5ffb47_BookieRecoveryTest.java,
bookkeeper,/hdd/dj/testSmellDetection/data/bookkeeper/2017-02-14_TO_2017-08-14/files/159_21366fee0e43e69591a03d7b517cf66dff2861d9_BookieRecoveryTest.java,
bookkeeper,/hdd/dj/testSmellDetection/data/bookkeeper/2017-02-14_TO_2017-08-14//files//160_e735c0305c8b3737e78ba5a1ba15b5d80a5ffb47_GenericEnsemblePlacementPolicyTest.java,
bookkeeper,/hdd/dj/testSmellDetection/data/bookkeeper/2017-02-14_TO_2017-08-14/files/160_21366fee0e43e69591a03d7b517cf66dff2861d9_GenericEnsemblePlacementPolicyTest.java,
bookkeeper,/hdd/dj/testSmellDetection/data/bookkeeper/2017-02-14_TO_2017-08-14//files//161_e735c0305c8b3737e78ba5a1ba15b5d80a5ffb47_LedgerCloseTest.java,
bookkeeper,/hdd/dj/testSmellDetection/data/bookkeeper/2017-02-14_TO_2017-08-14/files/161_21366fee0e43e69591a03d7b517cf66dff2861d9_LedgerCloseTest.java,
bookkeeper,/hdd/dj/testSmellDetection/data/bookkeeper/2017-02-14_TO_2017-08-14//files//162_e735c0305c8b3737e78ba5a1ba15b5d80a5ffb47_ListLedgersTest.java,
bookkeeper,/hdd/dj/testSmellDetection/data/bookkeeper/2017-02-14_TO_2017-08-14/files/162_21366fee0e43e69591a03d7b517cf66dff2861d9_ListLedgersTest.java,
bookkeeper,/hdd/dj/testSmellDetection/data/bookkeeper/2017-02-14_TO_2017-08-14//files//163_e735c0305c8b3737e78ba5a1ba15b5d80a5ffb47_ParallelLedgerRecoveryTest.java,
bookkeeper,/hdd/dj/testSmellDetection/data/bookkeeper/2017-02-14_TO_2017-08-14/files/163_21366fee0e43e69591a03d7b517cf66dff2861d9_ParallelLedgerRecoveryTest.java,
bookkeeper,/hdd/dj/testSmellDetection/data/bookkeeper/2017-02-14_TO_2017-08-14//files//164_e735c0305c8b3737e78ba5a1ba15b5d80a5ffb47_TestAddEntryQuorumTimeout.java,
bookkeeper,/hdd/dj/testSmellDetection/data/bookkeeper/2017-02-14_TO_2017-08-14/files/164_21366fee0e43e69591a03d7b517cf66dff2861d9_TestAddEntryQuorumTimeout.java,
bookkeeper,/hdd/dj/testSmellDetection/data/bookkeeper/2017-02-14_TO_2017-08-14//files//165_e735c0305c8b3737e78ba5a1ba15b5d80a5ffb47_TestBookieWatcher.java,/hdd/dj/testSmellDetection/data/bookkeeper/2017-02-14_TO_2017-08-14//files//165_e735c0305c8b3737e78ba5a1ba15b5d80a5ffb47_BookieWatcher.java
bookkeeper,/hdd/dj/testSmellDetection/data/bookkeeper/2017-02-14_TO_2017-08-14/files/165_21366fee0e43e69591a03d7b517cf66dff2861d9_TestBookieWatcher.java,/hdd/dj/testSmellDetection/data/bookkeeper/2017-02-14_TO_2017-08-14/files/165_21366fee0e43e69591a03d7b517cf66dff2861d9_BookieWatcher.java
bookkeeper,/hdd/dj/testSmellDetection/data/bookkeeper/2017-02-14_TO_2017-08-14//files//166_e735c0305c8b3737e78ba5a1ba15b5d80a5ffb47_TestGetBookieInfoTimeout.java,
bookkeeper,/hdd/dj/testSmellDetection/data/bookkeeper/2017-02-14_TO_2017-08-14/files/166_21366fee0e43e69591a03d7b517cf66dff2861d9_TestGetBookieInfoTimeout.java,
bookkeeper,/hdd/dj/testSmellDetection/data/bookkeeper/2017-02-14_TO_2017-08-14//files//167_e735c0305c8b3737e78ba5a1ba15b5d80a5ffb47_TestReadTimeout.java,
bookkeeper,/hdd/dj/testSmellDetection/data/bookkeeper/2017-02-14_TO_2017-08-14/files/167_21366fee0e43e69591a03d7b517cf66dff2861d9_TestReadTimeout.java,
bookkeeper,/hdd/dj/testSmellDetection/data/bookkeeper/2017-02-14_TO_2017-08-14//files//168_e735c0305c8b3737e78ba5a1ba15b5d80a5ffb47_TestRegionAwareEnsemblePlacementPolicy.java,/hdd/dj/testSmellDetection/data/bookkeeper/2017-02-14_TO_2017-08-14//files//168_e735c0305c8b3737e78ba5a1ba15b5d80a5ffb47_RegionAwareEnsemblePlacementPolicy.java
bookkeeper,/hdd/dj/testSmellDetection/data/bookkeeper/2017-02-14_TO_2017-08-14/files/168_21366fee0e43e69591a03d7b517cf66dff2861d9_TestRegionAwareEnsemblePlacementPolicy.java,/hdd/dj/testSmellDetection/data/bookkeeper/2017-02-14_TO_2017-08-14/files/168_21366fee0e43e69591a03d7b517cf66dff2861d9_RegionAwareEnsemblePlacementPolicy.java
bookkeeper,/hdd/dj/testSmellDetection/data/bookkeeper/2017-02-14_TO_2017-08-14//files//169_e735c0305c8b3737e78ba5a1ba15b5d80a5ffb47_UpdateLedgerOpTest.java,/hdd/dj/testSmellDetection/data/bookkeeper/2017-02-14_TO_2017-08-14//files//169_e735c0305c8b3737e78ba5a1ba15b5d80a5ffb47_UpdateLedgerOp.java
bookkeeper,/hdd/dj/testSmellDetection/data/bookkeeper/2017-02-14_TO_2017-08-14/files/169_21366fee0e43e69591a03d7b517cf66dff2861d9_UpdateLedgerOpTest.java,/hdd/dj/testSmellDetection/data/bookkeeper/2017-02-14_TO_2017-08-14/files/169_21366fee0e43e69591a03d7b517cf66dff2861d9_UpdateLedgerOp.java
bookkeeper,/hdd/dj/testSmellDetection/data/bookkeeper/2017-02-14_TO_2017-08-14//files//170_e735c0305c8b3737e78ba5a1ba15b5d80a5ffb47_NetworkLessBookieTest.java,
bookkeeper,/hdd/dj/testSmellDetection/data/bookkeeper/2017-02-14_TO_2017-08-14/files/170_21366fee0e43e69591a03d7b517cf66dff2861d9_NetworkLessBookieTest.java,
bookkeeper,/hdd/dj/testSmellDetection/data/bookkeeper/2017-02-14_TO_2017-08-14//files//171_e735c0305c8b3737e78ba5a1ba15b5d80a5ffb47_TestPerChannelBookieClient.java,/hdd/dj/testSmellDetection/data/bookkeeper/2017-02-14_TO_2017-08-14//files//171_e735c0305c8b3737e78ba5a1ba15b5d80a5ffb47_PerChannelBookieClient.java
bookkeeper,/hdd/dj/testSmellDetection/data/bookkeeper/2017-02-14_TO_2017-08-14/files/171_21366fee0e43e69591a03d7b517cf66dff2861d9_TestPerChannelBookieClient.java,/hdd/dj/testSmellDetection/data/bookkeeper/2017-02-14_TO_2017-08-14/files/171_21366fee0e43e69591a03d7b517cf66dff2861d9_PerChannelBookieClient.java
bookkeeper,/hdd/dj/testSmellDetection/data/bookkeeper/2017-02-14_TO_2017-08-14//files//172_e735c0305c8b3737e78ba5a1ba15b5d80a5ffb47_AuditorLedgerCheckerTest.java,
bookkeeper,/hdd/dj/testSmellDetection/data/bookkeeper/2017-02-14_TO_2017-08-14/files/172_21366fee0e43e69591a03d7b517cf66dff2861d9_AuditorLedgerCheckerTest.java,
bookkeeper,/hdd/dj/testSmellDetection/data/bookkeeper/2017-02-14_TO_2017-08-14//files//173_e735c0305c8b3737e78ba5a1ba15b5d80a5ffb47_AuthAutoRecoveryTest.java,
bookkeeper,/hdd/dj/testSmellDetection/data/bookkeeper/2017-02-14_TO_2017-08-14/files/173_21366fee0e43e69591a03d7b517cf66dff2861d9_AuthAutoRecoveryTest.java,
bookkeeper,/hdd/dj/testSmellDetection/data/bookkeeper/2017-02-14_TO_2017-08-14//files//174_e735c0305c8b3737e78ba5a1ba15b5d80a5ffb47_GSSAPIBookKeeperTest.java,
bookkeeper,/hdd/dj/testSmellDetection/data/bookkeeper/2017-02-14_TO_2017-08-14/files/174_21366fee0e43e69591a03d7b517cf66dff2861d9_GSSAPIBookKeeperTest.java,
bookkeeper,/hdd/dj/testSmellDetection/data/bookkeeper/2017-02-14_TO_2017-08-14//files//175_e735c0305c8b3737e78ba5a1ba15b5d80a5ffb47_MD5DigestBookKeeperTest.java,
bookkeeper,/hdd/dj/testSmellDetection/data/bookkeeper/2017-02-14_TO_2017-08-14/files/175_21366fee0e43e69591a03d7b517cf66dff2861d9_MD5DigestBookKeeperTest.java,
bookkeeper,/hdd/dj/testSmellDetection/data/bookkeeper/2017-02-14_TO_2017-08-14//files//176_e735c0305c8b3737e78ba5a1ba15b5d80a5ffb47_AsyncLedgerOpsTest.java,
bookkeeper,/hdd/dj/testSmellDetection/data/bookkeeper/2017-02-14_TO_2017-08-14/files/176_21366fee0e43e69591a03d7b517cf66dff2861d9_AsyncLedgerOpsTest.java,
bookkeeper,/hdd/dj/testSmellDetection/data/bookkeeper/2017-02-14_TO_2017-08-14//files//177_e735c0305c8b3737e78ba5a1ba15b5d80a5ffb47_BookieClientTest.java,/hdd/dj/testSmellDetection/data/bookkeeper/2017-02-14_TO_2017-08-14//files//177_e735c0305c8b3737e78ba5a1ba15b5d80a5ffb47_BookieClient.java
bookkeeper,/hdd/dj/testSmellDetection/data/bookkeeper/2017-02-14_TO_2017-08-14/files/177_21366fee0e43e69591a03d7b517cf66dff2861d9_BookieClientTest.java,/hdd/dj/testSmellDetection/data/bookkeeper/2017-02-14_TO_2017-08-14/files/177_21366fee0e43e69591a03d7b517cf66dff2861d9_BookieClient.java
bookkeeper,/hdd/dj/testSmellDetection/data/bookkeeper/2017-02-14_TO_2017-08-14//files//178_e735c0305c8b3737e78ba5a1ba15b5d80a5ffb47_BookieJournalRollingTest.java,
bookkeeper,/hdd/dj/testSmellDetection/data/bookkeeper/2017-02-14_TO_2017-08-14/files/178_21366fee0e43e69591a03d7b517cf66dff2861d9_BookieJournalRollingTest.java,
bookkeeper,/hdd/dj/testSmellDetection/data/bookkeeper/2017-02-14_TO_2017-08-14//files//179_e735c0305c8b3737e78ba5a1ba15b5d80a5ffb47_BookieReadWriteTest.java,
bookkeeper,/hdd/dj/testSmellDetection/data/bookkeeper/2017-02-14_TO_2017-08-14/files/179_21366fee0e43e69591a03d7b517cf66dff2861d9_BookieReadWriteTest.java,
bookkeeper,/hdd/dj/testSmellDetection/data/bookkeeper/2017-02-14_TO_2017-08-14//files//180_e735c0305c8b3737e78ba5a1ba15b5d80a5ffb47_BookieZKExpireTest.java,
bookkeeper,/hdd/dj/testSmellDetection/data/bookkeeper/2017-02-14_TO_2017-08-14/files/180_21366fee0e43e69591a03d7b517cf66dff2861d9_BookieZKExpireTest.java,
bookkeeper,/hdd/dj/testSmellDetection/data/bookkeeper/2017-02-14_TO_2017-08-14//files//181_e735c0305c8b3737e78ba5a1ba15b5d80a5ffb47_ConditionalSetTest.java,
bookkeeper,/hdd/dj/testSmellDetection/data/bookkeeper/2017-02-14_TO_2017-08-14/files/181_21366fee0e43e69591a03d7b517cf66dff2861d9_ConditionalSetTest.java,
bookkeeper,/hdd/dj/testSmellDetection/data/bookkeeper/2017-02-14_TO_2017-08-14//files//182_e735c0305c8b3737e78ba5a1ba15b5d80a5ffb47_TestBackwardCompat.java,
bookkeeper,/hdd/dj/testSmellDetection/data/bookkeeper/2017-02-14_TO_2017-08-14/files/182_21366fee0e43e69591a03d7b517cf66dff2861d9_TestBackwardCompat.java,
bookkeeper,/hdd/dj/testSmellDetection/data/bookkeeper/2017-02-14_TO_2017-08-14//files//183_e735c0305c8b3737e78ba5a1ba15b5d80a5ffb47_TestZkUtils.java,/hdd/dj/testSmellDetection/data/bookkeeper/2017-02-14_TO_2017-08-14//files//183_e735c0305c8b3737e78ba5a1ba15b5d80a5ffb47_ZkUtils.java
bookkeeper,/hdd/dj/testSmellDetection/data/bookkeeper/2017-02-14_TO_2017-08-14/files/183_21366fee0e43e69591a03d7b517cf66dff2861d9_TestZkUtils.java,/hdd/dj/testSmellDetection/data/bookkeeper/2017-02-14_TO_2017-08-14/files/183_21366fee0e43e69591a03d7b517cf66dff2861d9_ZkUtils.java
bookkeeper,/hdd/dj/testSmellDetection/data/bookkeeper/2017-02-14_TO_2017-08-14//files//184_e735c0305c8b3737e78ba5a1ba15b5d80a5ffb47_ConcurrentLongHashMapTest.java,/hdd/dj/testSmellDetection/data/bookkeeper/2017-02-14_TO_2017-08-14//files//184_e735c0305c8b3737e78ba5a1ba15b5d80a5ffb47_ConcurrentLongHashMap.java
bookkeeper,/hdd/dj/testSmellDetection/data/bookkeeper/2017-02-14_TO_2017-08-14/files/184_21366fee0e43e69591a03d7b517cf66dff2861d9_ConcurrentLongHashMapTest.java,/hdd/dj/testSmellDetection/data/bookkeeper/2017-02-14_TO_2017-08-14/files/184_21366fee0e43e69591a03d7b517cf66dff2861d9_ConcurrentLongHashMap.java
bookkeeper,/hdd/dj/testSmellDetection/data/bookkeeper/2017-02-14_TO_2017-08-14//files//185_e735c0305c8b3737e78ba5a1ba15b5d80a5ffb47_ConcurrentLongHashSetTest.java,/hdd/dj/testSmellDetection/data/bookkeeper/2017-02-14_TO_2017-08-14//files//185_e735c0305c8b3737e78ba5a1ba15b5d80a5ffb47_ConcurrentLongHashSet.java
bookkeeper,/hdd/dj/testSmellDetection/data/bookkeeper/2017-02-14_TO_2017-08-14/files/185_21366fee0e43e69591a03d7b517cf66dff2861d9_ConcurrentLongHashSetTest.java,/hdd/dj/testSmellDetection/data/bookkeeper/2017-02-14_TO_2017-08-14/files/185_21366fee0e43e69591a03d7b517cf66dff2861d9_ConcurrentLongHashSet.java
bookkeeper,/hdd/dj/testSmellDetection/data/bookkeeper/2017-02-14_TO_2017-08-14//files//186_e735c0305c8b3737e78ba5a1ba15b5d80a5ffb47_ConcurrentLongLongHashMapTest.java,/hdd/dj/testSmellDetection/data/bookkeeper/2017-02-14_TO_2017-08-14//files//186_e735c0305c8b3737e78ba5a1ba15b5d80a5ffb47_ConcurrentLongLongHashMap.java
bookkeeper,/hdd/dj/testSmellDetection/data/bookkeeper/2017-02-14_TO_2017-08-14/files/186_21366fee0e43e69591a03d7b517cf66dff2861d9_ConcurrentLongLongHashMapTest.java,/hdd/dj/testSmellDetection/data/bookkeeper/2017-02-14_TO_2017-08-14/files/186_21366fee0e43e69591a03d7b517cf66dff2861d9_ConcurrentLongLongHashMap.java
bookkeeper,/hdd/dj/testSmellDetection/data/bookkeeper/2017-02-14_TO_2017-08-14//files//187_e735c0305c8b3737e78ba5a1ba15b5d80a5ffb47_ConcurrentOpenHashMapTest.java,/hdd/dj/testSmellDetection/data/bookkeeper/2017-02-14_TO_2017-08-14//files//187_e735c0305c8b3737e78ba5a1ba15b5d80a5ffb47_ConcurrentOpenHashMap.java
bookkeeper,/hdd/dj/testSmellDetection/data/bookkeeper/2017-02-14_TO_2017-08-14/files/187_21366fee0e43e69591a03d7b517cf66dff2861d9_ConcurrentOpenHashMapTest.java,/hdd/dj/testSmellDetection/data/bookkeeper/2017-02-14_TO_2017-08-14/files/187_21366fee0e43e69591a03d7b517cf66dff2861d9_ConcurrentOpenHashMap.java
bookkeeper,/hdd/dj/testSmellDetection/data/bookkeeper/2017-02-14_TO_2017-08-14//files//188_e735c0305c8b3737e78ba5a1ba15b5d80a5ffb47_ConcurrentOpenHashSetTest.java,/hdd/dj/testSmellDetection/data/bookkeeper/2017-02-14_TO_2017-08-14//files//188_e735c0305c8b3737e78ba5a1ba15b5d80a5ffb47_ConcurrentOpenHashSet.java
bookkeeper,/hdd/dj/testSmellDetection/data/bookkeeper/2017-02-14_TO_2017-08-14/files/188_21366fee0e43e69591a03d7b517cf66dff2861d9_ConcurrentOpenHashSetTest.java,/hdd/dj/testSmellDetection/data/bookkeeper/2017-02-14_TO_2017-08-14/files/188_21366fee0e43e69591a03d7b517cf66dff2861d9_ConcurrentOpenHashSet.java
bookkeeper,/hdd/dj/testSmellDetection/data/bookkeeper/2017-02-14_TO_2017-08-14//files//189_21366fee0e43e69591a03d7b517cf66dff2861d9_TestSyncThread.java,/hdd/dj/testSmellDetection/data/bookkeeper/2017-02-14_TO_2017-08-14//files//189_21366fee0e43e69591a03d7b517cf66dff2861d9_SyncThread.java
bookkeeper,/hdd/dj/testSmellDetection/data/bookkeeper/2017-02-14_TO_2017-08-14/files/189_ee0dddee6849d1968500af666571df668d34393a_TestSyncThread.java,/hdd/dj/testSmellDetection/data/bookkeeper/2017-02-14_TO_2017-08-14/files/189_ee0dddee6849d1968500af666571df668d34393a_SyncThread.java
bookkeeper,/hdd/dj/testSmellDetection/data/bookkeeper/2017-02-14_TO_2017-08-14/files/190_ee0dddee6849d1968500af666571df668d34393a_TestReadLastConfirmedAndEntry.java,
bookkeeper,/hdd/dj/testSmellDetection/data/bookkeeper/2017-02-14_TO_2017-08-14/files/191_ee0dddee6849d1968500af666571df668d34393a_TestReadLastConfirmedLongPoll.java,
bookkeeper,/hdd/dj/testSmellDetection/data/bookkeeper/2017-02-14_TO_2017-08-14//files//192_21366fee0e43e69591a03d7b517cf66dff2861d9_GcLedgersTest.java,
bookkeeper,/hdd/dj/testSmellDetection/data/bookkeeper/2017-02-14_TO_2017-08-14/files/192_ee0dddee6849d1968500af666571df668d34393a_GcLedgersTest.java,
bookkeeper,/hdd/dj/testSmellDetection/data/bookkeeper/2017-02-14_TO_2017-08-14/files/193_b59d63e8be237e80872f73d92a31b4213d9a649b_TestEntryMemTable.java,/hdd/dj/testSmellDetection/data/bookkeeper/2017-02-14_TO_2017-08-14/files/193_b59d63e8be237e80872f73d92a31b4213d9a649b_EntryMemTable.java
bookkeeper,/hdd/dj/testSmellDetection/data/bookkeeper/2017-02-14_TO_2017-08-14/files/194_b59d63e8be237e80872f73d92a31b4213d9a649b_TestSkipListArena.java,/hdd/dj/testSmellDetection/data/bookkeeper/2017-02-14_TO_2017-08-14/files/194_b59d63e8be237e80872f73d92a31b4213d9a649b_SkipListArena.java
bookkeeper,/hdd/dj/testSmellDetection/data/bookkeeper/2017-02-14_TO_2017-08-14/files/195_29eb420f1cca07c1a3a7748ed7fbb8a5bc54f2fa_BookKeeperAdminTest.java,/hdd/dj/testSmellDetection/data/bookkeeper/2017-02-14_TO_2017-08-14/files/195_29eb420f1cca07c1a3a7748ed7fbb8a5bc54f2fa_BookKeeperAdmin.java
bookkeeper,/hdd/dj/testSmellDetection/data/bookkeeper/2017-02-14_TO_2017-08-14//files//196_b59d63e8be237e80872f73d92a31b4213d9a649b_AuditorLedgerCheckerTest.java,
bookkeeper,/hdd/dj/testSmellDetection/data/bookkeeper/2017-02-14_TO_2017-08-14/files/196_29eb420f1cca07c1a3a7748ed7fbb8a5bc54f2fa_AuditorLedgerCheckerTest.java,
bookkeeper,/hdd/dj/testSmellDetection/data/bookkeeper/2017-02-14_TO_2017-08-14//files//197_29eb420f1cca07c1a3a7748ed7fbb8a5bc54f2fa_BookieInitializationTest.java,
bookkeeper,/hdd/dj/testSmellDetection/data/bookkeeper/2017-02-14_TO_2017-08-14/files/197_9aff6d52e01b50f25f5dbe1086ff10012ca25c48_BookieInitializationTest.java,
bookkeeper,/hdd/dj/testSmellDetection/data/bookkeeper/2017-02-14_TO_2017-08-14//files//198_29eb420f1cca07c1a3a7748ed7fbb8a5bc54f2fa_CompactionTest.java,
bookkeeper,/hdd/dj/testSmellDetection/data/bookkeeper/2017-02-14_TO_2017-08-14/files/198_9aff6d52e01b50f25f5dbe1086ff10012ca25c48_CompactionTest.java,
bookkeeper,/hdd/dj/testSmellDetection/data/bookkeeper/2017-02-14_TO_2017-08-14//files//199_29eb420f1cca07c1a3a7748ed7fbb8a5bc54f2fa_CreateNewLogTest.java,
bookkeeper,/hdd/dj/testSmellDetection/data/bookkeeper/2017-02-14_TO_2017-08-14/files/199_9aff6d52e01b50f25f5dbe1086ff10012ca25c48_CreateNewLogTest.java,
bookkeeper,/hdd/dj/testSmellDetection/data/bookkeeper/2017-02-14_TO_2017-08-14//files//200_29eb420f1cca07c1a3a7748ed7fbb8a5bc54f2fa_EntryLogTest.java,
bookkeeper,/hdd/dj/testSmellDetection/data/bookkeeper/2017-02-14_TO_2017-08-14/files/200_9aff6d52e01b50f25f5dbe1086ff10012ca25c48_EntryLogTest.java,
bookkeeper,/hdd/dj/testSmellDetection/data/bookkeeper/2017-02-14_TO_2017-08-14//files//201_29eb420f1cca07c1a3a7748ed7fbb8a5bc54f2fa_IndexPersistenceMgrTest.java,/hdd/dj/testSmellDetection/data/bookkeeper/2017-02-14_TO_2017-08-14//files//201_29eb420f1cca07c1a3a7748ed7fbb8a5bc54f2fa_IndexPersistenceMgr.java
bookkeeper,/hdd/dj/testSmellDetection/data/bookkeeper/2017-02-14_TO_2017-08-14/files/201_9aff6d52e01b50f25f5dbe1086ff10012ca25c48_IndexPersistenceMgrTest.java,/hdd/dj/testSmellDetection/data/bookkeeper/2017-02-14_TO_2017-08-14/files/201_9aff6d52e01b50f25f5dbe1086ff10012ca25c48_IndexPersistenceMgr.java
bookkeeper,/hdd/dj/testSmellDetection/data/bookkeeper/2017-02-14_TO_2017-08-14//files//202_29eb420f1cca07c1a3a7748ed7fbb8a5bc54f2fa_TestLedgerDirsManager.java,
bookkeeper,/hdd/dj/testSmellDetection/data/bookkeeper/2017-02-14_TO_2017-08-14/files/202_9aff6d52e01b50f25f5dbe1086ff10012ca25c48_TestLedgerDirsManager.java,
bookkeeper,/hdd/dj/testSmellDetection/data/bookkeeper/2017-02-14_TO_2017-08-14//files//203_c49621bacaa960d240afbbee83a9703b4cbc3ec2_LedgerCacheTest.java,
bookkeeper,/hdd/dj/testSmellDetection/data/bookkeeper/2017-02-14_TO_2017-08-14/files/203_387dc83d6d2db6a1d30bac3216a92f875083d144_LedgerCacheTest.java,
bookkeeper,/hdd/dj/testSmellDetection/data/bookkeeper/2017-02-14_TO_2017-08-14//files//204_387dc83d6d2db6a1d30bac3216a92f875083d144_TestClient.java,
bookkeeper,/hdd/dj/testSmellDetection/data/bookkeeper/2017-02-14_TO_2017-08-14/files/204_a84b5e11114c5a6eabeaf17ba60975439593fa2d_TestClient.java,
bookkeeper,/hdd/dj/testSmellDetection/data/bookkeeper/2017-02-14_TO_2017-08-14//files//205_7e9350cff67f0cb72ab757d500d98044cbdd4264_BookieInitializationTest.java,
bookkeeper,/hdd/dj/testSmellDetection/data/bookkeeper/2017-02-14_TO_2017-08-14/files/205_11fdac3cfdfe0900db994b45aa17500974ba3907_BookieInitializationTest.java,
bookkeeper,/hdd/dj/testSmellDetection/data/bookkeeper/2017-02-14_TO_2017-08-14//files//206_1c567f88d5827d6728f05adc1d478648859d3ff0_BookKeeperTest.java,/hdd/dj/testSmellDetection/data/bookkeeper/2017-02-14_TO_2017-08-14//files//206_1c567f88d5827d6728f05adc1d478648859d3ff0_BookKeeper.java
bookkeeper,/hdd/dj/testSmellDetection/data/bookkeeper/2017-02-14_TO_2017-08-14/files/206_626ce687e2342b8a75005cf018540fda76ee15d8_BookKeeperTest.java,/hdd/dj/testSmellDetection/data/bookkeeper/2017-02-14_TO_2017-08-14/files/206_626ce687e2342b8a75005cf018540fda76ee15d8_BookKeeper.java
bookkeeper,/hdd/dj/testSmellDetection/data/bookkeeper/2017-02-14_TO_2017-08-14//files//207_626ce687e2342b8a75005cf018540fda76ee15d8_BookieWriteLedgerTest.java,
bookkeeper,/hdd/dj/testSmellDetection/data/bookkeeper/2017-02-14_TO_2017-08-14/files/207_96d82102bef3152934f564db16373b12b1689ead_BookieWriteLedgerTest.java,
bookkeeper,/hdd/dj/testSmellDetection/data/bookkeeper/2017-02-14_TO_2017-08-14//files//208_24ac8ead6240aaaaa845afccb4e606fbe0da1602_IndexPersistenceMgrTest.java,/hdd/dj/testSmellDetection/data/bookkeeper/2017-02-14_TO_2017-08-14//files//208_24ac8ead6240aaaaa845afccb4e606fbe0da1602_IndexPersistenceMgr.java
bookkeeper,/hdd/dj/testSmellDetection/data/bookkeeper/2017-02-14_TO_2017-08-14/files/208_ce57acaa1686493fd32fc58d3332d956db06122b_IndexPersistenceMgrTest.java,/hdd/dj/testSmellDetection/data/bookkeeper/2017-02-14_TO_2017-08-14/files/208_ce57acaa1686493fd32fc58d3332d956db06122b_IndexPersistenceMgr.java
bookkeeper,/hdd/dj/testSmellDetection/data/bookkeeper/2017-02-14_TO_2017-08-14//files//209_671ec2b21d6e603f00abc8f92a04bbec7d5750b2_BookKeeperTest.java,/hdd/dj/testSmellDetection/data/bookkeeper/2017-02-14_TO_2017-08-14//files//209_671ec2b21d6e603f00abc8f92a04bbec7d5750b2_BookKeeper.java
bookkeeper,/hdd/dj/testSmellDetection/data/bookkeeper/2017-02-14_TO_2017-08-14/files/209_c00cb9f69104c99d7ad10242c04175a5d9ef3801_BookKeeperTest.java,/hdd/dj/testSmellDetection/data/bookkeeper/2017-02-14_TO_2017-08-14/files/209_c00cb9f69104c99d7ad10242c04175a5d9ef3801_BookKeeper.java
bookkeeper,/hdd/dj/testSmellDetection/data/bookkeeper/2017-02-14_TO_2017-08-14//files//210_c9cf161d81d3fb8afd0af647e1f3d23f9fb50f04_BookieInitializationTest.java,
bookkeeper,/hdd/dj/testSmellDetection/data/bookkeeper/2017-02-14_TO_2017-08-14/files/210_7a480d3f8e5ec5c8c3592c332cbcab19b4043dad_BookieInitializationTest.java,
bookkeeper,/hdd/dj/testSmellDetection/data/bookkeeper/2017-02-14_TO_2017-08-14/files/211_7a480d3f8e5ec5c8c3592c332cbcab19b4043dad_TestServerConfiguration.java,/hdd/dj/testSmellDetection/data/bookkeeper/2017-02-14_TO_2017-08-14/files/211_7a480d3f8e5ec5c8c3592c332cbcab19b4043dad_ServerConfiguration.java
bookkeeper,/hdd/dj/testSmellDetection/data/bookkeeper/2017-02-14_TO_2017-08-14//files//212_7a480d3f8e5ec5c8c3592c332cbcab19b4043dad_BookieInitializationTest.java,
bookkeeper,/hdd/dj/testSmellDetection/data/bookkeeper/2017-02-14_TO_2017-08-14/files/212_0ccbc0e9c3e6a82d5e44b8347cc6567e043f253f_BookieInitializationTest.java,
bookkeeper,/hdd/dj/testSmellDetection/data/bookkeeper/2017-02-14_TO_2017-08-14//files//213_0ccbc0e9c3e6a82d5e44b8347cc6567e043f253f_TestRackawareEnsemblePlacementPolicy.java,/hdd/dj/testSmellDetection/data/bookkeeper/2017-02-14_TO_2017-08-14//files//213_0ccbc0e9c3e6a82d5e44b8347cc6567e043f253f_RackawareEnsemblePlacementPolicy.java
bookkeeper,/hdd/dj/testSmellDetection/data/bookkeeper/2017-02-14_TO_2017-08-14/files/213_b63eb86da3757a3740f922093128868d5a53394c_TestRackawareEnsemblePlacementPolicy.java,/hdd/dj/testSmellDetection/data/bookkeeper/2017-02-14_TO_2017-08-14/files/213_b63eb86da3757a3740f922093128868d5a53394c_RackawareEnsemblePlacementPolicy.java
bookkeeper,/hdd/dj/testSmellDetection/data/bookkeeper/2017-02-14_TO_2017-08-14//files//214_0ccbc0e9c3e6a82d5e44b8347cc6567e043f253f_TestRackawareEnsemblePlacementPolicyUsingScript.java,
bookkeeper,/hdd/dj/testSmellDetection/data/bookkeeper/2017-02-14_TO_2017-08-14/files/214_b63eb86da3757a3740f922093128868d5a53394c_TestRackawareEnsemblePlacementPolicyUsingScript.java,
bookkeeper,/hdd/dj/testSmellDetection/data/bookkeeper/2017-02-14_TO_2017-08-14//files//215_0ccbc0e9c3e6a82d5e44b8347cc6567e043f253f_TestRegionAwareEnsemblePlacementPolicy.java,/hdd/dj/testSmellDetection/data/bookkeeper/2017-02-14_TO_2017-08-14//files//215_0ccbc0e9c3e6a82d5e44b8347cc6567e043f253f_RegionAwareEnsemblePlacementPolicy.java
bookkeeper,/hdd/dj/testSmellDetection/data/bookkeeper/2017-02-14_TO_2017-08-14/files/215_b63eb86da3757a3740f922093128868d5a53394c_TestRegionAwareEnsemblePlacementPolicy.java,/hdd/dj/testSmellDetection/data/bookkeeper/2017-02-14_TO_2017-08-14/files/215_b63eb86da3757a3740f922093128868d5a53394c_RegionAwareEnsemblePlacementPolicy.java
bookkeeper,/hdd/dj/testSmellDetection/data/bookkeeper/2017-02-14_TO_2017-08-14//files//216_b63eb86da3757a3740f922093128868d5a53394c_TestAuth.java,
bookkeeper,/hdd/dj/testSmellDetection/data/bookkeeper/2017-02-14_TO_2017-08-14/files/216_cf2936548aa7f91e99bb53a8d53cbca567649535_TestAuth.java,
bookkeeper,/hdd/dj/testSmellDetection/data/bookkeeper/2017-02-14_TO_2017-08-14//files//217_b63eb86da3757a3740f922093128868d5a53394c_AuthAutoRecoveryTest.java,
bookkeeper,/hdd/dj/testSmellDetection/data/bookkeeper/2017-02-14_TO_2017-08-14/files/217_cf2936548aa7f91e99bb53a8d53cbca567649535_AuthAutoRecoveryTest.java,
bookkeeper,/hdd/dj/testSmellDetection/data/bookkeeper/2017-02-14_TO_2017-08-14//files//218_fdbea38d9767e6eb28fbf8ec7c61491be3e06e66_LedgerMetadataCreationTest.java,
bookkeeper,/hdd/dj/testSmellDetection/data/bookkeeper/2017-02-14_TO_2017-08-14/files/218_3908d9ce6a5530ae2ae8526b9988b983423c026c_LedgerMetadataCreationTest.java,
bookkeeper,/hdd/dj/testSmellDetection/data/bookkeeper/2017-02-14_TO_2017-08-14//files//219_50f67361d5deea529d0af80a61e3312a8dd31e7e_TestClient.java,
bookkeeper,/hdd/dj/testSmellDetection/data/bookkeeper/2017-02-14_TO_2017-08-14/files/219_f581e030c79abbde81bf165603fccdb5e6a1d38a_TestClient.java,
bookkeeper,/hdd/dj/testSmellDetection/data/bookkeeper/2017-02-14_TO_2017-08-14//files//220_f581e030c79abbde81bf165603fccdb5e6a1d38a_BookKeeperDiskSpaceWeightedLedgerPlacementTest.java,
bookkeeper,/hdd/dj/testSmellDetection/data/bookkeeper/2017-02-14_TO_2017-08-14/files/220_a5f8580f53464065243a9af038935f5893434166_BookKeeperDiskSpaceWeightedLedgerPlacementTest.java,
bookkeeper,/hdd/dj/testSmellDetection/data/bookkeeper/2017-02-14_TO_2017-08-14//files//221_b299a699794c1f0aa8447704795361739a8bd055_BookieInitializationTest.java,
bookkeeper,/hdd/dj/testSmellDetection/data/bookkeeper/2017-02-14_TO_2017-08-14/files/221_3daf94143ba2b1352a56c68e1b886d7d7cd499a5_BookieInitializationTest.java,
bookkeeper,/hdd/dj/testSmellDetection/data/bookkeeper/2017-02-14_TO_2017-08-14//files//222_b299a699794c1f0aa8447704795361739a8bd055_BookieShutdownTest.java,
bookkeeper,/hdd/dj/testSmellDetection/data/bookkeeper/2017-02-14_TO_2017-08-14/files/222_3daf94143ba2b1352a56c68e1b886d7d7cd499a5_BookieShutdownTest.java,
bookkeeper,/hdd/dj/testSmellDetection/data/bookkeeper/2017-02-14_TO_2017-08-14//files//223_b299a699794c1f0aa8447704795361739a8bd055_BookKeeperTest.java,/hdd/dj/testSmellDetection/data/bookkeeper/2017-02-14_TO_2017-08-14//files//223_b299a699794c1f0aa8447704795361739a8bd055_BookKeeper.java
bookkeeper,/hdd/dj/testSmellDetection/data/bookkeeper/2017-02-14_TO_2017-08-14/files/223_3daf94143ba2b1352a56c68e1b886d7d7cd499a5_BookKeeperTest.java,/hdd/dj/testSmellDetection/data/bookkeeper/2017-02-14_TO_2017-08-14/files/223_3daf94143ba2b1352a56c68e1b886d7d7cd499a5_BookKeeper.java
bookkeeper,/hdd/dj/testSmellDetection/data/bookkeeper/2017-02-14_TO_2017-08-14//files//224_b299a699794c1f0aa8447704795361739a8bd055_BookieWriteLedgerTest.java,
bookkeeper,/hdd/dj/testSmellDetection/data/bookkeeper/2017-02-14_TO_2017-08-14/files/224_3daf94143ba2b1352a56c68e1b886d7d7cd499a5_BookieWriteLedgerTest.java,
bookkeeper,/hdd/dj/testSmellDetection/data/bookkeeper/2017-02-14_TO_2017-08-14//files//225_b299a699794c1f0aa8447704795361739a8bd055_BookieWriteLedgersWithDifferentDigestsTest.java,
bookkeeper,/hdd/dj/testSmellDetection/data/bookkeeper/2017-02-14_TO_2017-08-14/files/225_3daf94143ba2b1352a56c68e1b886d7d7cd499a5_BookieWriteLedgersWithDifferentDigestsTest.java,
bookkeeper,/hdd/dj/testSmellDetection/data/bookkeeper/2017-02-14_TO_2017-08-14//files//226_b299a699794c1f0aa8447704795361739a8bd055_LedgerRecoveryTest.java,
bookkeeper,/hdd/dj/testSmellDetection/data/bookkeeper/2017-02-14_TO_2017-08-14/files/226_3daf94143ba2b1352a56c68e1b886d7d7cd499a5_LedgerRecoveryTest.java,
bookkeeper,/hdd/dj/testSmellDetection/data/bookkeeper/2017-02-14_TO_2017-08-14//files//227_b299a699794c1f0aa8447704795361739a8bd055_ListLedgersTest.java,
bookkeeper,/hdd/dj/testSmellDetection/data/bookkeeper/2017-02-14_TO_2017-08-14/files/227_3daf94143ba2b1352a56c68e1b886d7d7cd499a5_ListLedgersTest.java,
bookkeeper,/hdd/dj/testSmellDetection/data/bookkeeper/2017-02-14_TO_2017-08-14//files//228_b299a699794c1f0aa8447704795361739a8bd055_LocalBookKeeperTest.java,/hdd/dj/testSmellDetection/data/bookkeeper/2017-02-14_TO_2017-08-14//files//228_b299a699794c1f0aa8447704795361739a8bd055_LocalBookKeeper.java
bookkeeper,/hdd/dj/testSmellDetection/data/bookkeeper/2017-02-14_TO_2017-08-14//files//229_b299a699794c1f0aa8447704795361739a8bd055_TestReadLastConfirmedAndEntry.java,
bookkeeper,/hdd/dj/testSmellDetection/data/bookkeeper/2017-02-14_TO_2017-08-14/files/229_3daf94143ba2b1352a56c68e1b886d7d7cd499a5_TestReadLastConfirmedAndEntry.java,
bookkeeper,/hdd/dj/testSmellDetection/data/bookkeeper/2017-02-14_TO_2017-08-14//files//230_b299a699794c1f0aa8447704795361739a8bd055_TestSpeculativeRead.java,
bookkeeper,/hdd/dj/testSmellDetection/data/bookkeeper/2017-02-14_TO_2017-08-14/files/230_3daf94143ba2b1352a56c68e1b886d7d7cd499a5_TestSpeculativeRead.java,
bookkeeper,/hdd/dj/testSmellDetection/data/bookkeeper/2017-02-14_TO_2017-08-14//files//231_b299a699794c1f0aa8447704795361739a8bd055_TestBKConfiguration.java,
bookkeeper,/hdd/dj/testSmellDetection/data/bookkeeper/2017-02-14_TO_2017-08-14/files/231_3daf94143ba2b1352a56c68e1b886d7d7cd499a5_TestBKConfiguration.java,
bookkeeper,/hdd/dj/testSmellDetection/data/bookkeeper/2017-02-14_TO_2017-08-14//files//232_b299a699794c1f0aa8447704795361739a8bd055_NetworkLessBookieTest.java,
bookkeeper,/hdd/dj/testSmellDetection/data/bookkeeper/2017-02-14_TO_2017-08-14/files/232_3daf94143ba2b1352a56c68e1b886d7d7cd499a5_NetworkLessBookieTest.java,
bookkeeper,/hdd/dj/testSmellDetection/data/bookkeeper/2017-02-14_TO_2017-08-14//files//233_b299a699794c1f0aa8447704795361739a8bd055_AuditorLedgerCheckerTest.java,
bookkeeper,/hdd/dj/testSmellDetection/data/bookkeeper/2017-02-14_TO_2017-08-14/files/233_3daf94143ba2b1352a56c68e1b886d7d7cd499a5_AuditorLedgerCheckerTest.java,
bookkeeper,/hdd/dj/testSmellDetection/data/bookkeeper/2017-02-14_TO_2017-08-14//files//234_b299a699794c1f0aa8447704795361739a8bd055_BookieLedgerIndexTest.java,
bookkeeper,/hdd/dj/testSmellDetection/data/bookkeeper/2017-02-14_TO_2017-08-14/files/234_3daf94143ba2b1352a56c68e1b886d7d7cd499a5_BookieLedgerIndexTest.java,
bookkeeper,/hdd/dj/testSmellDetection/data/bookkeeper/2017-02-14_TO_2017-08-14//files//235_b299a699794c1f0aa8447704795361739a8bd055_TestReplicationWorker.java,/hdd/dj/testSmellDetection/data/bookkeeper/2017-02-14_TO_2017-08-14//files//235_b299a699794c1f0aa8447704795361739a8bd055_ReplicationWorker.java
bookkeeper,/hdd/dj/testSmellDetection/data/bookkeeper/2017-02-14_TO_2017-08-14/files/235_3daf94143ba2b1352a56c68e1b886d7d7cd499a5_TestReplicationWorker.java,/hdd/dj/testSmellDetection/data/bookkeeper/2017-02-14_TO_2017-08-14/files/235_3daf94143ba2b1352a56c68e1b886d7d7cd499a5_ReplicationWorker.java
bookkeeper,/hdd/dj/testSmellDetection/data/bookkeeper/2017-02-14_TO_2017-08-14//files//236_b299a699794c1f0aa8447704795361739a8bd055_AsyncLedgerOpsTest.java,
bookkeeper,/hdd/dj/testSmellDetection/data/bookkeeper/2017-02-14_TO_2017-08-14/files/236_3daf94143ba2b1352a56c68e1b886d7d7cd499a5_AsyncLedgerOpsTest.java,
bookkeeper,/hdd/dj/testSmellDetection/data/bookkeeper/2017-02-14_TO_2017-08-14//files//237_b299a699794c1f0aa8447704795361739a8bd055_BookieFailureTest.java,
bookkeeper,/hdd/dj/testSmellDetection/data/bookkeeper/2017-02-14_TO_2017-08-14/files/237_3daf94143ba2b1352a56c68e1b886d7d7cd499a5_BookieFailureTest.java,
bookkeeper,/hdd/dj/testSmellDetection/data/bookkeeper/2017-02-14_TO_2017-08-14//files//238_b299a699794c1f0aa8447704795361739a8bd055_BookieJournalRollingTest.java,
bookkeeper,/hdd/dj/testSmellDetection/data/bookkeeper/2017-02-14_TO_2017-08-14/files/238_3daf94143ba2b1352a56c68e1b886d7d7cd499a5_BookieJournalRollingTest.java,
bookkeeper,/hdd/dj/testSmellDetection/data/bookkeeper/2017-02-14_TO_2017-08-14//files//239_b299a699794c1f0aa8447704795361739a8bd055_BookieReadWriteTest.java,
bookkeeper,/hdd/dj/testSmellDetection/data/bookkeeper/2017-02-14_TO_2017-08-14/files/239_3daf94143ba2b1352a56c68e1b886d7d7cd499a5_BookieReadWriteTest.java,
bookkeeper,/hdd/dj/testSmellDetection/data/bookkeeper/2017-02-14_TO_2017-08-14//files//240_b299a699794c1f0aa8447704795361739a8bd055_CloseTest.java,
bookkeeper,/hdd/dj/testSmellDetection/data/bookkeeper/2017-02-14_TO_2017-08-14/files/240_3daf94143ba2b1352a56c68e1b886d7d7cd499a5_CloseTest.java,
bookkeeper,/hdd/dj/testSmellDetection/data/bookkeeper/2017-02-14_TO_2017-08-14//files//241_b299a699794c1f0aa8447704795361739a8bd055_ConditionalSetTest.java,
bookkeeper,/hdd/dj/testSmellDetection/data/bookkeeper/2017-02-14_TO_2017-08-14/files/241_3daf94143ba2b1352a56c68e1b886d7d7cd499a5_ConditionalSetTest.java,
bookkeeper,/hdd/dj/testSmellDetection/data/bookkeeper/2017-02-14_TO_2017-08-14//files//242_b299a699794c1f0aa8447704795361739a8bd055_LedgerDeleteTest.java,
bookkeeper,/hdd/dj/testSmellDetection/data/bookkeeper/2017-02-14_TO_2017-08-14/files/242_3daf94143ba2b1352a56c68e1b886d7d7cd499a5_LedgerDeleteTest.java,
bookkeeper,/hdd/dj/testSmellDetection/data/bookkeeper/2017-02-14_TO_2017-08-14//files//243_b299a699794c1f0aa8447704795361739a8bd055_LocalBookiesRegistryTest.java,/hdd/dj/testSmellDetection/data/bookkeeper/2017-02-14_TO_2017-08-14//files//243_b299a699794c1f0aa8447704795361739a8bd055_LocalBookiesRegistry.java
bookkeeper,/hdd/dj/testSmellDetection/data/bookkeeper/2017-02-14_TO_2017-08-14/files/243_3daf94143ba2b1352a56c68e1b886d7d7cd499a5_LocalBookiesRegistryTest.java,/hdd/dj/testSmellDetection/data/bookkeeper/2017-02-14_TO_2017-08-14/files/243_3daf94143ba2b1352a56c68e1b886d7d7cd499a5_LocalBookiesRegistry.java
bookkeeper,/hdd/dj/testSmellDetection/data/bookkeeper/2017-02-14_TO_2017-08-14//files//244_b299a699794c1f0aa8447704795361739a8bd055_TestBackwardCompat.java,
bookkeeper,/hdd/dj/testSmellDetection/data/bookkeeper/2017-02-14_TO_2017-08-14/files/244_3daf94143ba2b1352a56c68e1b886d7d7cd499a5_TestBackwardCompat.java,
bookkeeper,/hdd/dj/testSmellDetection/data/bookkeeper/2017-02-14_TO_2017-08-14//files//245_b299a699794c1f0aa8447704795361739a8bd055_TestDiskChecker.java,/hdd/dj/testSmellDetection/data/bookkeeper/2017-02-14_TO_2017-08-14//files//245_b299a699794c1f0aa8447704795361739a8bd055_DiskChecker.java
bookkeeper,/hdd/dj/testSmellDetection/data/bookkeeper/2017-02-14_TO_2017-08-14/files/245_3daf94143ba2b1352a56c68e1b886d7d7cd499a5_TestDiskChecker.java,/hdd/dj/testSmellDetection/data/bookkeeper/2017-02-14_TO_2017-08-14/files/245_3daf94143ba2b1352a56c68e1b886d7d7cd499a5_DiskChecker.java
bookkeeper,/hdd/dj/testSmellDetection/data/bookkeeper/2017-02-14_TO_2017-08-14//files//246_45e7f08f6a88de2fbb2f23df4c15a88625edff5d_TestAuth.java,
bookkeeper,/hdd/dj/testSmellDetection/data/bookkeeper/2017-02-14_TO_2017-08-14/files/246_8e0bd2c3d81b522e97434d8646915f36422a104b_TestAuth.java,
bookkeeper,/hdd/dj/testSmellDetection/data/bookkeeper/2017-02-14_TO_2017-08-14//files//247_45e7f08f6a88de2fbb2f23df4c15a88625edff5d_BookieInitializationTest.java,
bookkeeper,/hdd/dj/testSmellDetection/data/bookkeeper/2017-02-14_TO_2017-08-14/files/247_8e0bd2c3d81b522e97434d8646915f36422a104b_BookieInitializationTest.java,
bookkeeper,/hdd/dj/testSmellDetection/data/bookkeeper/2017-02-14_TO_2017-08-14//files//248_45e7f08f6a88de2fbb2f23df4c15a88625edff5d_AuthAutoRecoveryTest.java,
bookkeeper,/hdd/dj/testSmellDetection/data/bookkeeper/2017-02-14_TO_2017-08-14/files/248_8e0bd2c3d81b522e97434d8646915f36422a104b_AuthAutoRecoveryTest.java,
bookkeeper,/hdd/dj/testSmellDetection/data/bookkeeper/2017-02-14_TO_2017-08-14/files/249_8e0bd2c3d81b522e97434d8646915f36422a104b_TestTLS.java,
bookkeeper,/hdd/dj/testSmellDetection/data/bookkeeper/2017-02-14_TO_2017-08-14/files/250_464fa55c6debf5fdc835077135846e89729321c6_AdvertisedAddressTest.java,
