zookeeper,/hdd/dj/testSmellDetection/data/zookeeper/2016-09-23_TO_2017-03-23/files/0_0a4971d5efb12a35a00cf794dce1efb3f08a998c_CreateTTLTest.java,
zookeeper,/hdd/dj/testSmellDetection/data/zookeeper/2016-09-23_TO_2017-03-23/files/1_0a4971d5efb12a35a00cf794dce1efb3f08a998c_EphemeralTypeTest.java,/hdd/dj/testSmellDetection/data/zookeeper/2016-09-23_TO_2017-03-23/files/1_0a4971d5efb12a35a00cf794dce1efb3f08a998c_EphemeralType.java
zookeeper,/hdd/dj/testSmellDetection/data/zookeeper/2016-09-23_TO_2017-03-23//files//2_f78061aafb19b102c37cb6d744ec6258d5f5b66e_ZooKeeperTest.java,/hdd/dj/testSmellDetection/data/zookeeper/2016-09-23_TO_2017-03-23//files//2_f78061aafb19b102c37cb6d744ec6258d5f5b66e_ZooKeeper.java
zookeeper,/hdd/dj/testSmellDetection/data/zookeeper/2016-09-23_TO_2017-03-23/files/2_422058c222a8a31ec7cfd4113fbdc036181f751d_ZooKeeperTest.java,/hdd/dj/testSmellDetection/data/zookeeper/2016-09-23_TO_2017-03-23/files/2_422058c222a8a31ec7cfd4113fbdc036181f751d_ZooKeeper.java
zookeeper,/hdd/dj/testSmellDetection/data/zookeeper/2016-09-23_TO_2017-03-23//files//3_d53501b090906a89bfa30cce582d18a06123e49c_ZooKeeperTest.java,/hdd/dj/testSmellDetection/data/zookeeper/2016-09-23_TO_2017-03-23//files//3_d53501b090906a89bfa30cce582d18a06123e49c_ZooKeeper.java
zookeeper,/hdd/dj/testSmellDetection/data/zookeeper/2016-09-23_TO_2017-03-23/files/3_3cd87f06911c6fd806364bf46ae074e7c6096452_ZooKeeperTest.java,/hdd/dj/testSmellDetection/data/zookeeper/2016-09-23_TO_2017-03-23/files/3_3cd87f06911c6fd806364bf46ae074e7c6096452_ZooKeeper.java
zookeeper,/hdd/dj/testSmellDetection/data/zookeeper/2016-09-23_TO_2017-03-23//files//4_8bb13ba2f8fde163eb0b988ff308a7b347bda97b_ZooKeeperTest.java,/hdd/dj/testSmellDetection/data/zookeeper/2016-09-23_TO_2017-03-23//files//4_8bb13ba2f8fde163eb0b988ff308a7b347bda97b_ZooKeeper.java
zookeeper,/hdd/dj/testSmellDetection/data/zookeeper/2016-09-23_TO_2017-03-23/files/4_a601b032915e85a5f693e7ef247700fefb950a12_ZooKeeperTest.java,/hdd/dj/testSmellDetection/data/zookeeper/2016-09-23_TO_2017-03-23/files/4_a601b032915e85a5f693e7ef247700fefb950a12_ZooKeeper.java
zookeeper,/hdd/dj/testSmellDetection/data/zookeeper/2016-09-23_TO_2017-03-23//files//5_f6349d16fcd5f04b560095417fd2a1813ac3e855_ReconfigLegacyTest.java,
zookeeper,/hdd/dj/testSmellDetection/data/zookeeper/2016-09-23_TO_2017-03-23/files/5_bcb07a09b06c91243ed244f04a71b8daf629e286_ReconfigLegacyTest.java,
zookeeper,/hdd/dj/testSmellDetection/data/zookeeper/2016-09-23_TO_2017-03-23//files//6_881256ea97a19e51b1c6e9a114e6e61ad83bd4ec_BaseSysTest.java,
zookeeper,/hdd/dj/testSmellDetection/data/zookeeper/2016-09-23_TO_2017-03-23/files/6_73e102a58d01b27bc6208bbfbde2d12f0deba1f4_BaseSysTest.java,
zookeeper,/hdd/dj/testSmellDetection/data/zookeeper/2016-09-23_TO_2017-03-23//files//7_881256ea97a19e51b1c6e9a114e6e61ad83bd4ec_TestableZooKeeper.java,
zookeeper,/hdd/dj/testSmellDetection/data/zookeeper/2016-09-23_TO_2017-03-23/files/7_73e102a58d01b27bc6208bbfbde2d12f0deba1f4_TestableZooKeeper.java,
zookeeper,/hdd/dj/testSmellDetection/data/zookeeper/2016-09-23_TO_2017-03-23//files//8_881256ea97a19e51b1c6e9a114e6e61ad83bd4ec_DataTreeTest.java,/hdd/dj/testSmellDetection/data/zookeeper/2016-09-23_TO_2017-03-23//files//8_881256ea97a19e51b1c6e9a114e6e61ad83bd4ec_DataTree.java
zookeeper,/hdd/dj/testSmellDetection/data/zookeeper/2016-09-23_TO_2017-03-23/files/8_73e102a58d01b27bc6208bbfbde2d12f0deba1f4_DataTreeTest.java,/hdd/dj/testSmellDetection/data/zookeeper/2016-09-23_TO_2017-03-23/files/8_73e102a58d01b27bc6208bbfbde2d12f0deba1f4_DataTree.java
zookeeper,/hdd/dj/testSmellDetection/data/zookeeper/2016-09-23_TO_2017-03-23//files//9_881256ea97a19e51b1c6e9a114e6e61ad83bd4ec_LearnerTest.java,/hdd/dj/testSmellDetection/data/zookeeper/2016-09-23_TO_2017-03-23//files//9_881256ea97a19e51b1c6e9a114e6e61ad83bd4ec_Learner.java
zookeeper,/hdd/dj/testSmellDetection/data/zookeeper/2016-09-23_TO_2017-03-23/files/9_73e102a58d01b27bc6208bbfbde2d12f0deba1f4_LearnerTest.java,/hdd/dj/testSmellDetection/data/zookeeper/2016-09-23_TO_2017-03-23/files/9_73e102a58d01b27bc6208bbfbde2d12f0deba1f4_Learner.java
zookeeper,/hdd/dj/testSmellDetection/data/zookeeper/2016-09-23_TO_2017-03-23//files//10_881256ea97a19e51b1c6e9a114e6e61ad83bd4ec_RaceConditionTest.java,
zookeeper,/hdd/dj/testSmellDetection/data/zookeeper/2016-09-23_TO_2017-03-23/files/10_73e102a58d01b27bc6208bbfbde2d12f0deba1f4_RaceConditionTest.java,
zookeeper,/hdd/dj/testSmellDetection/data/zookeeper/2016-09-23_TO_2017-03-23//files//11_881256ea97a19e51b1c6e9a114e6e61ad83bd4ec_ReconfigBackupTest.java,
zookeeper,/hdd/dj/testSmellDetection/data/zookeeper/2016-09-23_TO_2017-03-23/files/11_73e102a58d01b27bc6208bbfbde2d12f0deba1f4_ReconfigBackupTest.java,
zookeeper,/hdd/dj/testSmellDetection/data/zookeeper/2016-09-23_TO_2017-03-23//files//12_881256ea97a19e51b1c6e9a114e6e61ad83bd4ec_ReconfigDuringLeaderSyncTest.java,
zookeeper,/hdd/dj/testSmellDetection/data/zookeeper/2016-09-23_TO_2017-03-23/files/12_73e102a58d01b27bc6208bbfbde2d12f0deba1f4_ReconfigDuringLeaderSyncTest.java,
zookeeper,/hdd/dj/testSmellDetection/data/zookeeper/2016-09-23_TO_2017-03-23//files//13_881256ea97a19e51b1c6e9a114e6e61ad83bd4ec_ReconfigFailureCasesTest.java,
zookeeper,/hdd/dj/testSmellDetection/data/zookeeper/2016-09-23_TO_2017-03-23/files/13_73e102a58d01b27bc6208bbfbde2d12f0deba1f4_ReconfigFailureCasesTest.java,
zookeeper,/hdd/dj/testSmellDetection/data/zookeeper/2016-09-23_TO_2017-03-23//files//14_881256ea97a19e51b1c6e9a114e6e61ad83bd4ec_ReconfigLegacyTest.java,
zookeeper,/hdd/dj/testSmellDetection/data/zookeeper/2016-09-23_TO_2017-03-23/files/14_73e102a58d01b27bc6208bbfbde2d12f0deba1f4_ReconfigLegacyTest.java,
zookeeper,/hdd/dj/testSmellDetection/data/zookeeper/2016-09-23_TO_2017-03-23//files//15_881256ea97a19e51b1c6e9a114e6e61ad83bd4ec_StandaloneDisabledTest.java,
zookeeper,/hdd/dj/testSmellDetection/data/zookeeper/2016-09-23_TO_2017-03-23/files/15_73e102a58d01b27bc6208bbfbde2d12f0deba1f4_StandaloneDisabledTest.java,
zookeeper,/hdd/dj/testSmellDetection/data/zookeeper/2016-09-23_TO_2017-03-23//files//16_881256ea97a19e51b1c6e9a114e6e61ad83bd4ec_Zab1_0Test.java,
zookeeper,/hdd/dj/testSmellDetection/data/zookeeper/2016-09-23_TO_2017-03-23/files/16_73e102a58d01b27bc6208bbfbde2d12f0deba1f4_Zab1_0Test.java,
zookeeper,/hdd/dj/testSmellDetection/data/zookeeper/2016-09-23_TO_2017-03-23//files//17_881256ea97a19e51b1c6e9a114e6e61ad83bd4ec_ACLTest.java,
zookeeper,/hdd/dj/testSmellDetection/data/zookeeper/2016-09-23_TO_2017-03-23/files/17_73e102a58d01b27bc6208bbfbde2d12f0deba1f4_ACLTest.java,
zookeeper,/hdd/dj/testSmellDetection/data/zookeeper/2016-09-23_TO_2017-03-23/files/18_73e102a58d01b27bc6208bbfbde2d12f0deba1f4_ReconfigExceptionTest.java,
zookeeper,/hdd/dj/testSmellDetection/data/zookeeper/2016-09-23_TO_2017-03-23/files/19_73e102a58d01b27bc6208bbfbde2d12f0deba1f4_ReconfigMisconfigTest.java,
zookeeper,/hdd/dj/testSmellDetection/data/zookeeper/2016-09-23_TO_2017-03-23//files//20_881256ea97a19e51b1c6e9a114e6e61ad83bd4ec_ReconfigTest.java,
zookeeper,/hdd/dj/testSmellDetection/data/zookeeper/2016-09-23_TO_2017-03-23/files/20_73e102a58d01b27bc6208bbfbde2d12f0deba1f4_ReconfigTest.java,
zookeeper,/hdd/dj/testSmellDetection/data/zookeeper/2016-09-23_TO_2017-03-23//files//21_881256ea97a19e51b1c6e9a114e6e61ad83bd4ec_StandaloneTest.java,
zookeeper,/hdd/dj/testSmellDetection/data/zookeeper/2016-09-23_TO_2017-03-23/files/21_73e102a58d01b27bc6208bbfbde2d12f0deba1f4_StandaloneTest.java,
zookeeper,/hdd/dj/testSmellDetection/data/zookeeper/2016-09-23_TO_2017-03-23//files//22_6bd38e3d89ecc03285459be3e511d32f487ced0c_BaseSysTest.java,
zookeeper,/hdd/dj/testSmellDetection/data/zookeeper/2016-09-23_TO_2017-03-23/files/22_65d2572d98b4c93df180448cfccea27024585a75_BaseSysTest.java,
zookeeper,/hdd/dj/testSmellDetection/data/zookeeper/2016-09-23_TO_2017-03-23//files//23_6bd38e3d89ecc03285459be3e511d32f487ced0c_TestableZooKeeper.java,
zookeeper,/hdd/dj/testSmellDetection/data/zookeeper/2016-09-23_TO_2017-03-23/files/23_65d2572d98b4c93df180448cfccea27024585a75_TestableZooKeeper.java,
zookeeper,/hdd/dj/testSmellDetection/data/zookeeper/2016-09-23_TO_2017-03-23//files//24_6bd38e3d89ecc03285459be3e511d32f487ced0c_DataTreeTest.java,/hdd/dj/testSmellDetection/data/zookeeper/2016-09-23_TO_2017-03-23//files//24_6bd38e3d89ecc03285459be3e511d32f487ced0c_DataTree.java
zookeeper,/hdd/dj/testSmellDetection/data/zookeeper/2016-09-23_TO_2017-03-23/files/24_65d2572d98b4c93df180448cfccea27024585a75_DataTreeTest.java,/hdd/dj/testSmellDetection/data/zookeeper/2016-09-23_TO_2017-03-23/files/24_65d2572d98b4c93df180448cfccea27024585a75_DataTree.java
zookeeper,/hdd/dj/testSmellDetection/data/zookeeper/2016-09-23_TO_2017-03-23//files//25_6bd38e3d89ecc03285459be3e511d32f487ced0c_LearnerTest.java,/hdd/dj/testSmellDetection/data/zookeeper/2016-09-23_TO_2017-03-23//files//25_6bd38e3d89ecc03285459be3e511d32f487ced0c_Learner.java
zookeeper,/hdd/dj/testSmellDetection/data/zookeeper/2016-09-23_TO_2017-03-23/files/25_65d2572d98b4c93df180448cfccea27024585a75_LearnerTest.java,/hdd/dj/testSmellDetection/data/zookeeper/2016-09-23_TO_2017-03-23/files/25_65d2572d98b4c93df180448cfccea27024585a75_Learner.java
zookeeper,/hdd/dj/testSmellDetection/data/zookeeper/2016-09-23_TO_2017-03-23//files//26_6bd38e3d89ecc03285459be3e511d32f487ced0c_RaceConditionTest.java,
zookeeper,/hdd/dj/testSmellDetection/data/zookeeper/2016-09-23_TO_2017-03-23/files/26_65d2572d98b4c93df180448cfccea27024585a75_RaceConditionTest.java,
zookeeper,/hdd/dj/testSmellDetection/data/zookeeper/2016-09-23_TO_2017-03-23//files//27_6bd38e3d89ecc03285459be3e511d32f487ced0c_ReconfigBackupTest.java,
zookeeper,/hdd/dj/testSmellDetection/data/zookeeper/2016-09-23_TO_2017-03-23/files/27_65d2572d98b4c93df180448cfccea27024585a75_ReconfigBackupTest.java,
zookeeper,/hdd/dj/testSmellDetection/data/zookeeper/2016-09-23_TO_2017-03-23//files//28_6bd38e3d89ecc03285459be3e511d32f487ced0c_ReconfigDuringLeaderSyncTest.java,
zookeeper,/hdd/dj/testSmellDetection/data/zookeeper/2016-09-23_TO_2017-03-23/files/28_65d2572d98b4c93df180448cfccea27024585a75_ReconfigDuringLeaderSyncTest.java,
zookeeper,/hdd/dj/testSmellDetection/data/zookeeper/2016-09-23_TO_2017-03-23//files//29_6bd38e3d89ecc03285459be3e511d32f487ced0c_ReconfigFailureCasesTest.java,
zookeeper,/hdd/dj/testSmellDetection/data/zookeeper/2016-09-23_TO_2017-03-23/files/29_65d2572d98b4c93df180448cfccea27024585a75_ReconfigFailureCasesTest.java,
zookeeper,/hdd/dj/testSmellDetection/data/zookeeper/2016-09-23_TO_2017-03-23//files//30_6bd38e3d89ecc03285459be3e511d32f487ced0c_ReconfigLegacyTest.java,
zookeeper,/hdd/dj/testSmellDetection/data/zookeeper/2016-09-23_TO_2017-03-23/files/30_65d2572d98b4c93df180448cfccea27024585a75_ReconfigLegacyTest.java,
zookeeper,/hdd/dj/testSmellDetection/data/zookeeper/2016-09-23_TO_2017-03-23//files//31_6bd38e3d89ecc03285459be3e511d32f487ced0c_StandaloneDisabledTest.java,
zookeeper,/hdd/dj/testSmellDetection/data/zookeeper/2016-09-23_TO_2017-03-23/files/31_65d2572d98b4c93df180448cfccea27024585a75_StandaloneDisabledTest.java,
zookeeper,/hdd/dj/testSmellDetection/data/zookeeper/2016-09-23_TO_2017-03-23//files//32_6bd38e3d89ecc03285459be3e511d32f487ced0c_Zab1_0Test.java,
zookeeper,/hdd/dj/testSmellDetection/data/zookeeper/2016-09-23_TO_2017-03-23/files/32_65d2572d98b4c93df180448cfccea27024585a75_Zab1_0Test.java,
zookeeper,/hdd/dj/testSmellDetection/data/zookeeper/2016-09-23_TO_2017-03-23//files//33_6bd38e3d89ecc03285459be3e511d32f487ced0c_ACLTest.java,
zookeeper,/hdd/dj/testSmellDetection/data/zookeeper/2016-09-23_TO_2017-03-23/files/33_65d2572d98b4c93df180448cfccea27024585a75_ACLTest.java,
zookeeper,/hdd/dj/testSmellDetection/data/zookeeper/2016-09-23_TO_2017-03-23/files/34_65d2572d98b4c93df180448cfccea27024585a75_ReconfigExceptionTest.java,
zookeeper,/hdd/dj/testSmellDetection/data/zookeeper/2016-09-23_TO_2017-03-23/files/35_65d2572d98b4c93df180448cfccea27024585a75_ReconfigMisconfigTest.java,
zookeeper,/hdd/dj/testSmellDetection/data/zookeeper/2016-09-23_TO_2017-03-23//files//36_6bd38e3d89ecc03285459be3e511d32f487ced0c_ReconfigTest.java,
zookeeper,/hdd/dj/testSmellDetection/data/zookeeper/2016-09-23_TO_2017-03-23/files/36_65d2572d98b4c93df180448cfccea27024585a75_ReconfigTest.java,
zookeeper,/hdd/dj/testSmellDetection/data/zookeeper/2016-09-23_TO_2017-03-23//files//37_6bd38e3d89ecc03285459be3e511d32f487ced0c_StandaloneTest.java,
zookeeper,/hdd/dj/testSmellDetection/data/zookeeper/2016-09-23_TO_2017-03-23/files/37_65d2572d98b4c93df180448cfccea27024585a75_StandaloneTest.java,
zookeeper,/hdd/dj/testSmellDetection/data/zookeeper/2016-09-23_TO_2017-03-23/files/38_179c8db6df20beccd64fac2c99ca77dbe8a3242c_KeyAuthClientTest.java,
zookeeper,/hdd/dj/testSmellDetection/data/zookeeper/2016-09-23_TO_2017-03-23//files//39_967c3a71bd8eaf1ac29b2702173115976874bd8e_CnxManagerTest.java,
zookeeper,/hdd/dj/testSmellDetection/data/zookeeper/2016-09-23_TO_2017-03-23/files/39_8a06bd1ccef382461c7b0a63f2012f4aeac90753_CnxManagerTest.java,
zookeeper,/hdd/dj/testSmellDetection/data/zookeeper/2016-09-23_TO_2017-03-23//files//40_967c3a71bd8eaf1ac29b2702173115976874bd8e_FLEBackwardElectionRoundTest.java,
zookeeper,/hdd/dj/testSmellDetection/data/zookeeper/2016-09-23_TO_2017-03-23/files/40_8a06bd1ccef382461c7b0a63f2012f4aeac90753_FLEBackwardElectionRoundTest.java,
zookeeper,/hdd/dj/testSmellDetection/data/zookeeper/2016-09-23_TO_2017-03-23//files//41_967c3a71bd8eaf1ac29b2702173115976874bd8e_FLECompatibilityTest.java,
zookeeper,/hdd/dj/testSmellDetection/data/zookeeper/2016-09-23_TO_2017-03-23/files/41_8a06bd1ccef382461c7b0a63f2012f4aeac90753_FLECompatibilityTest.java,
zookeeper,/hdd/dj/testSmellDetection/data/zookeeper/2016-09-23_TO_2017-03-23//files//42_967c3a71bd8eaf1ac29b2702173115976874bd8e_FLEDontCareTest.java,
zookeeper,/hdd/dj/testSmellDetection/data/zookeeper/2016-09-23_TO_2017-03-23/files/42_8a06bd1ccef382461c7b0a63f2012f4aeac90753_FLEDontCareTest.java,
zookeeper,/hdd/dj/testSmellDetection/data/zookeeper/2016-09-23_TO_2017-03-23//files//43_967c3a71bd8eaf1ac29b2702173115976874bd8e_FLELostMessageTest.java,
zookeeper,/hdd/dj/testSmellDetection/data/zookeeper/2016-09-23_TO_2017-03-23/files/43_8a06bd1ccef382461c7b0a63f2012f4aeac90753_FLELostMessageTest.java,
zookeeper,/hdd/dj/testSmellDetection/data/zookeeper/2016-09-23_TO_2017-03-23//files//44_967c3a71bd8eaf1ac29b2702173115976874bd8e_LearnerTest.java,/hdd/dj/testSmellDetection/data/zookeeper/2016-09-23_TO_2017-03-23//files//44_967c3a71bd8eaf1ac29b2702173115976874bd8e_Learner.java
zookeeper,/hdd/dj/testSmellDetection/data/zookeeper/2016-09-23_TO_2017-03-23/files/44_8a06bd1ccef382461c7b0a63f2012f4aeac90753_LearnerTest.java,/hdd/dj/testSmellDetection/data/zookeeper/2016-09-23_TO_2017-03-23/files/44_8a06bd1ccef382461c7b0a63f2012f4aeac90753_Learner.java
zookeeper,/hdd/dj/testSmellDetection/data/zookeeper/2016-09-23_TO_2017-03-23/files/45_8a06bd1ccef382461c7b0a63f2012f4aeac90753_QuorumCnxManagerTest.java,/hdd/dj/testSmellDetection/data/zookeeper/2016-09-23_TO_2017-03-23/files/45_8a06bd1ccef382461c7b0a63f2012f4aeac90753_QuorumCnxManager.java
zookeeper,/hdd/dj/testSmellDetection/data/zookeeper/2016-09-23_TO_2017-03-23//files//46_967c3a71bd8eaf1ac29b2702173115976874bd8e_Zab1_0Test.java,
zookeeper,/hdd/dj/testSmellDetection/data/zookeeper/2016-09-23_TO_2017-03-23/files/46_8a06bd1ccef382461c7b0a63f2012f4aeac90753_Zab1_0Test.java,
zookeeper,/hdd/dj/testSmellDetection/data/zookeeper/2016-09-23_TO_2017-03-23/files/47_8a06bd1ccef382461c7b0a63f2012f4aeac90753_MiniKdcTest.java,/hdd/dj/testSmellDetection/data/zookeeper/2016-09-23_TO_2017-03-23/files/47_8a06bd1ccef382461c7b0a63f2012f4aeac90753_MiniKdc.java
zookeeper,/hdd/dj/testSmellDetection/data/zookeeper/2016-09-23_TO_2017-03-23/files/48_8a06bd1ccef382461c7b0a63f2012f4aeac90753_QuorumAuthUpgradeTest.java,
zookeeper,/hdd/dj/testSmellDetection/data/zookeeper/2016-09-23_TO_2017-03-23/files/49_8a06bd1ccef382461c7b0a63f2012f4aeac90753_QuorumDigestAuthTest.java,
zookeeper,/hdd/dj/testSmellDetection/data/zookeeper/2016-09-23_TO_2017-03-23/files/50_8a06bd1ccef382461c7b0a63f2012f4aeac90753_QuorumKerberosAuthTest.java,
zookeeper,/hdd/dj/testSmellDetection/data/zookeeper/2016-09-23_TO_2017-03-23/files/51_8a06bd1ccef382461c7b0a63f2012f4aeac90753_QuorumKerberosHostBasedAuthTest.java,
zookeeper,/hdd/dj/testSmellDetection/data/zookeeper/2016-09-23_TO_2017-03-23//files//52_967c3a71bd8eaf1ac29b2702173115976874bd8e_FLEPredicateTest.java,
zookeeper,/hdd/dj/testSmellDetection/data/zookeeper/2016-09-23_TO_2017-03-23/files/52_8a06bd1ccef382461c7b0a63f2012f4aeac90753_FLEPredicateTest.java,
zookeeper,/hdd/dj/testSmellDetection/data/zookeeper/2016-09-23_TO_2017-03-23//files//53_dfcf4da75c35c12d08496ded2612031f887c0765_QuorumMajorityTest.java,
zookeeper,/hdd/dj/testSmellDetection/data/zookeeper/2016-09-23_TO_2017-03-23/files/53_8616a9ec8ce4bc8ac2987b7417a6f0c4b7333658_QuorumMajorityTest.java,
zookeeper,/hdd/dj/testSmellDetection/data/zookeeper/2016-09-23_TO_2017-03-23//files//54_cb20fcbd564e69709f68eb8afb136ed7296d737a_QuorumMajorityTest.java,
zookeeper,/hdd/dj/testSmellDetection/data/zookeeper/2016-09-23_TO_2017-03-23/files/54_fbf6fe1ad9d1fcc632fa3fcb8f6b3740115d932b_QuorumMajorityTest.java,
zookeeper,/hdd/dj/testSmellDetection/data/zookeeper/2016-09-23_TO_2017-03-23//files//55_48adec48be35f10a8fa45ecf6a7bdfc3a10a7f3c_HierarchicalQuorumTest.java,
zookeeper,/hdd/dj/testSmellDetection/data/zookeeper/2016-09-23_TO_2017-03-23/files/55_52d365041759229ddc46798e34ee845fc1e26732_HierarchicalQuorumTest.java,
zookeeper,/hdd/dj/testSmellDetection/data/zookeeper/2016-09-23_TO_2017-03-23/files/56_eac693cc76a34f96b9116ef33d1e92af7129416d_ZooKeeperServerStartupTest.java,
zookeeper,/hdd/dj/testSmellDetection/data/zookeeper/2016-09-23_TO_2017-03-23/files/57_5de4fa3d8acdfdac353bb54fcaa8c8e732432891_ServerConfigTest.java,/hdd/dj/testSmellDetection/data/zookeeper/2016-09-23_TO_2017-03-23/files/57_5de4fa3d8acdfdac353bb54fcaa8c8e732432891_ServerConfig.java
zookeeper,/hdd/dj/testSmellDetection/data/zookeeper/2016-09-23_TO_2017-03-23/files/58_c0eaa5fdfcc0f11ce34ba6818438dda9ba47a807_ServerConfigTest.java,/hdd/dj/testSmellDetection/data/zookeeper/2016-09-23_TO_2017-03-23/files/58_c0eaa5fdfcc0f11ce34ba6818438dda9ba47a807_ServerConfig.java
zookeeper,/hdd/dj/testSmellDetection/data/zookeeper/2016-09-23_TO_2017-03-23/files/59_ef0a8ae686c100f1dc71d7526af962c635696466_ServerConfigTest.java,/hdd/dj/testSmellDetection/data/zookeeper/2016-09-23_TO_2017-03-23/files/59_ef0a8ae686c100f1dc71d7526af962c635696466_ServerConfig.java
zookeeper,/hdd/dj/testSmellDetection/data/zookeeper/2016-09-23_TO_2017-03-23//files//60_7fd0884b0d6577162d71aedc460a588576cd483a_HierarchicalQuorumTest.java,
zookeeper,/hdd/dj/testSmellDetection/data/zookeeper/2016-09-23_TO_2017-03-23/files/60_3b65d7513b69c436fb8461a630d2f35bf418fb6c_HierarchicalQuorumTest.java,
zookeeper,/hdd/dj/testSmellDetection/data/zookeeper/2016-09-23_TO_2017-03-23/files/61_9efc3d3dedefc7db9255b5b11bd77ed518399e3f_ZooKeeperServerStartupTest.java,
zookeeper,/hdd/dj/testSmellDetection/data/zookeeper/2016-09-23_TO_2017-03-23//files//62_f588e1982f382a586fea53a1fbb11914d48560de_ServerConfigTest.java,/hdd/dj/testSmellDetection/data/zookeeper/2016-09-23_TO_2017-03-23//files//62_f588e1982f382a586fea53a1fbb11914d48560de_ServerConfig.java
zookeeper,/hdd/dj/testSmellDetection/data/zookeeper/2016-09-23_TO_2017-03-23/files/62_085a7ab4efe04e566e952af1123e98eda609bd1b_ServerConfigTest.java,/hdd/dj/testSmellDetection/data/zookeeper/2016-09-23_TO_2017-03-23/files/62_085a7ab4efe04e566e952af1123e98eda609bd1b_ServerConfig.java
zookeeper,/hdd/dj/testSmellDetection/data/zookeeper/2016-09-23_TO_2017-03-23//files//63_b98ee36461b15e2706f7fbb596ee896757c575b8_ServerConfigTest.java,/hdd/dj/testSmellDetection/data/zookeeper/2016-09-23_TO_2017-03-23//files//63_b98ee36461b15e2706f7fbb596ee896757c575b8_ServerConfig.java
zookeeper,/hdd/dj/testSmellDetection/data/zookeeper/2016-09-23_TO_2017-03-23/files/63_0295aec68b31a4e1d3d6ba076e7509957947b8a0_ServerConfigTest.java,/hdd/dj/testSmellDetection/data/zookeeper/2016-09-23_TO_2017-03-23/files/63_0295aec68b31a4e1d3d6ba076e7509957947b8a0_ServerConfig.java
zookeeper,/hdd/dj/testSmellDetection/data/zookeeper/2016-09-23_TO_2017-03-23//files//64_3b65d7513b69c436fb8461a630d2f35bf418fb6c_ServerConfigTest.java,/hdd/dj/testSmellDetection/data/zookeeper/2016-09-23_TO_2017-03-23//files//64_3b65d7513b69c436fb8461a630d2f35bf418fb6c_ServerConfig.java
zookeeper,/hdd/dj/testSmellDetection/data/zookeeper/2016-09-23_TO_2017-03-23/files/64_c8cc54c7271327aef19f75039472e3250cae63ea_ServerConfigTest.java,/hdd/dj/testSmellDetection/data/zookeeper/2016-09-23_TO_2017-03-23/files/64_c8cc54c7271327aef19f75039472e3250cae63ea_ServerConfig.java
zookeeper,/hdd/dj/testSmellDetection/data/zookeeper/2016-09-23_TO_2017-03-23/files/65_de5c0e9abeb87721f4157662210dfcd38a7c15ea_ClientCnxnSocketTest.java,/hdd/dj/testSmellDetection/data/zookeeper/2016-09-23_TO_2017-03-23/files/65_de5c0e9abeb87721f4157662210dfcd38a7c15ea_ClientCnxnSocket.java
zookeeper,/hdd/dj/testSmellDetection/data/zookeeper/2016-09-23_TO_2017-03-23//files//66_085a7ab4efe04e566e952af1123e98eda609bd1b_ZKClientConfigTest.java,/hdd/dj/testSmellDetection/data/zookeeper/2016-09-23_TO_2017-03-23//files//66_085a7ab4efe04e566e952af1123e98eda609bd1b_ZKClientConfig.java
zookeeper,/hdd/dj/testSmellDetection/data/zookeeper/2016-09-23_TO_2017-03-23/files/66_de5c0e9abeb87721f4157662210dfcd38a7c15ea_ZKClientConfigTest.java,/hdd/dj/testSmellDetection/data/zookeeper/2016-09-23_TO_2017-03-23/files/66_de5c0e9abeb87721f4157662210dfcd38a7c15ea_ZKClientConfig.java
zookeeper,/hdd/dj/testSmellDetection/data/zookeeper/2016-09-23_TO_2017-03-23/files/67_9ebbef3567ceed2bcec1e808d859565c4bf4b330_ClientCnxnSocketTest.java,/hdd/dj/testSmellDetection/data/zookeeper/2016-09-23_TO_2017-03-23/files/67_9ebbef3567ceed2bcec1e808d859565c4bf4b330_ClientCnxnSocket.java
zookeeper,/hdd/dj/testSmellDetection/data/zookeeper/2016-09-23_TO_2017-03-23//files//68_0295aec68b31a4e1d3d6ba076e7509957947b8a0_ZKClientConfigTest.java,/hdd/dj/testSmellDetection/data/zookeeper/2016-09-23_TO_2017-03-23//files//68_0295aec68b31a4e1d3d6ba076e7509957947b8a0_ZKClientConfig.java
zookeeper,/hdd/dj/testSmellDetection/data/zookeeper/2016-09-23_TO_2017-03-23/files/68_9ebbef3567ceed2bcec1e808d859565c4bf4b330_ZKClientConfigTest.java,/hdd/dj/testSmellDetection/data/zookeeper/2016-09-23_TO_2017-03-23/files/68_9ebbef3567ceed2bcec1e808d859565c4bf4b330_ZKClientConfig.java
zookeeper,/hdd/dj/testSmellDetection/data/zookeeper/2016-09-23_TO_2017-03-23/files/69_d99d93a46cba7caf5ed44dfe4c2447a34ad0e383_ZooKeeperServerStartupTest.java,
zookeeper,/hdd/dj/testSmellDetection/data/zookeeper/2016-09-23_TO_2017-03-23//files//70_d99d93a46cba7caf5ed44dfe4c2447a34ad0e383_QuorumDigestAuthTest.java,
zookeeper,/hdd/dj/testSmellDetection/data/zookeeper/2016-09-23_TO_2017-03-23/files/70_8b75543a5375832333468345ca68d3ae6aa88f64_QuorumDigestAuthTest.java,
zookeeper,/hdd/dj/testSmellDetection/data/zookeeper/2016-09-23_TO_2017-03-23//files//71_8b75543a5375832333468345ca68d3ae6aa88f64_ZooKeeperServerMainTest.java,/hdd/dj/testSmellDetection/data/zookeeper/2016-09-23_TO_2017-03-23//files//71_8b75543a5375832333468345ca68d3ae6aa88f64_ZooKeeperServerMain.java
zookeeper,/hdd/dj/testSmellDetection/data/zookeeper/2016-09-23_TO_2017-03-23/files/71_b7873a59433b252c54c6c926cda711a6abf55374_ZooKeeperServerMainTest.java,/hdd/dj/testSmellDetection/data/zookeeper/2016-09-23_TO_2017-03-23/files/71_b7873a59433b252c54c6c926cda711a6abf55374_ZooKeeperServerMain.java
zookeeper,/hdd/dj/testSmellDetection/data/zookeeper/2016-09-23_TO_2017-03-23//files//72_bc7d5865199e0c3a4dad8b90be869258a6d0f4c0_ZooKeeperServerMainTest.java,/hdd/dj/testSmellDetection/data/zookeeper/2016-09-23_TO_2017-03-23//files//72_bc7d5865199e0c3a4dad8b90be869258a6d0f4c0_ZooKeeperServerMain.java
zookeeper,/hdd/dj/testSmellDetection/data/zookeeper/2016-09-23_TO_2017-03-23/files/72_f10879167331b94662caf642ae2f52db798a75ff_ZooKeeperServerMainTest.java,/hdd/dj/testSmellDetection/data/zookeeper/2016-09-23_TO_2017-03-23/files/72_f10879167331b94662caf642ae2f52db798a75ff_ZooKeeperServerMain.java
zookeeper,/hdd/dj/testSmellDetection/data/zookeeper/2016-09-23_TO_2017-03-23//files//73_670bb5d5ecc2d6a94bf24effcc7bf497e8778cc5_ZooKeeperServerMainTest.java,/hdd/dj/testSmellDetection/data/zookeeper/2016-09-23_TO_2017-03-23//files//73_670bb5d5ecc2d6a94bf24effcc7bf497e8778cc5_ZooKeeperServerMain.java
zookeeper,/hdd/dj/testSmellDetection/data/zookeeper/2016-09-23_TO_2017-03-23/files/73_0753f4cdceaa2e5386072d129d897417da47d959_ZooKeeperServerMainTest.java,/hdd/dj/testSmellDetection/data/zookeeper/2016-09-23_TO_2017-03-23/files/73_0753f4cdceaa2e5386072d129d897417da47d959_ZooKeeperServerMain.java
zookeeper,/hdd/dj/testSmellDetection/data/zookeeper/2016-09-23_TO_2017-03-23//files//74_0753f4cdceaa2e5386072d129d897417da47d959_ServerConfigTest.java,/hdd/dj/testSmellDetection/data/zookeeper/2016-09-23_TO_2017-03-23//files//74_0753f4cdceaa2e5386072d129d897417da47d959_ServerConfig.java
zookeeper,/hdd/dj/testSmellDetection/data/zookeeper/2016-09-23_TO_2017-03-23/files/74_1d38d30cfd1aa47f22451f4df53ae2363ea20a82_ServerConfigTest.java,/hdd/dj/testSmellDetection/data/zookeeper/2016-09-23_TO_2017-03-23/files/74_1d38d30cfd1aa47f22451f4df53ae2363ea20a82_ServerConfig.java
zookeeper,/hdd/dj/testSmellDetection/data/zookeeper/2016-09-23_TO_2017-03-23//files//75_f10879167331b94662caf642ae2f52db798a75ff_ServerConfigTest.java,/hdd/dj/testSmellDetection/data/zookeeper/2016-09-23_TO_2017-03-23//files//75_f10879167331b94662caf642ae2f52db798a75ff_ServerConfig.java
zookeeper,/hdd/dj/testSmellDetection/data/zookeeper/2016-09-23_TO_2017-03-23/files/75_b4a2e87c5e96b462163ad86271a6d646087a005c_ServerConfigTest.java,/hdd/dj/testSmellDetection/data/zookeeper/2016-09-23_TO_2017-03-23/files/75_b4a2e87c5e96b462163ad86271a6d646087a005c_ServerConfig.java
zookeeper,/hdd/dj/testSmellDetection/data/zookeeper/2016-09-23_TO_2017-03-23//files//76_b7873a59433b252c54c6c926cda711a6abf55374_ServerConfigTest.java,/hdd/dj/testSmellDetection/data/zookeeper/2016-09-23_TO_2017-03-23//files//76_b7873a59433b252c54c6c926cda711a6abf55374_ServerConfig.java
zookeeper,/hdd/dj/testSmellDetection/data/zookeeper/2016-09-23_TO_2017-03-23/files/76_ff6a2be0851511a686ddc190d09ae9eb51e9f0a6_ServerConfigTest.java,/hdd/dj/testSmellDetection/data/zookeeper/2016-09-23_TO_2017-03-23/files/76_ff6a2be0851511a686ddc190d09ae9eb51e9f0a6_ServerConfig.java
zookeeper,/hdd/dj/testSmellDetection/data/zookeeper/2016-09-23_TO_2017-03-23//files//77_1d38d30cfd1aa47f22451f4df53ae2363ea20a82_Zab1_0Test.java,
zookeeper,/hdd/dj/testSmellDetection/data/zookeeper/2016-09-23_TO_2017-03-23/files/77_7c51b01e89acb38165553366f7e3b2a46c00aa27_Zab1_0Test.java,
zookeeper,/hdd/dj/testSmellDetection/data/zookeeper/2016-09-23_TO_2017-03-23/files/78_7c51b01e89acb38165553366f7e3b2a46c00aa27_EmptiedSnapshotRecoveryTest.java,
zookeeper,/hdd/dj/testSmellDetection/data/zookeeper/2016-09-23_TO_2017-03-23//files//79_1d38d30cfd1aa47f22451f4df53ae2363ea20a82_TruncateTest.java,
zookeeper,/hdd/dj/testSmellDetection/data/zookeeper/2016-09-23_TO_2017-03-23/files/79_7c51b01e89acb38165553366f7e3b2a46c00aa27_TruncateTest.java,
zookeeper,/hdd/dj/testSmellDetection/data/zookeeper/2016-09-23_TO_2017-03-23//files//80_b4a2e87c5e96b462163ad86271a6d646087a005c_Zab1_0Test.java,
zookeeper,/hdd/dj/testSmellDetection/data/zookeeper/2016-09-23_TO_2017-03-23/files/80_3cdaeedf8b59da50421c5b6bba1d3f72dcfdd661_Zab1_0Test.java,
zookeeper,/hdd/dj/testSmellDetection/data/zookeeper/2016-09-23_TO_2017-03-23/files/81_3cdaeedf8b59da50421c5b6bba1d3f72dcfdd661_EmptiedSnapshotRecoveryTest.java,
zookeeper,/hdd/dj/testSmellDetection/data/zookeeper/2016-09-23_TO_2017-03-23//files//82_b4a2e87c5e96b462163ad86271a6d646087a005c_TruncateTest.java,
zookeeper,/hdd/dj/testSmellDetection/data/zookeeper/2016-09-23_TO_2017-03-23/files/82_3cdaeedf8b59da50421c5b6bba1d3f72dcfdd661_TruncateTest.java,
zookeeper,/hdd/dj/testSmellDetection/data/zookeeper/2016-09-23_TO_2017-03-23//files//83_3cdaeedf8b59da50421c5b6bba1d3f72dcfdd661_ClientTest.java,
zookeeper,/hdd/dj/testSmellDetection/data/zookeeper/2016-09-23_TO_2017-03-23/files/83_df1e50bbd7d826ca28705bf9e5cdfc883b0bb4b4_ClientTest.java,
zookeeper,/hdd/dj/testSmellDetection/data/zookeeper/2016-09-23_TO_2017-03-23//files//84_7c51b01e89acb38165553366f7e3b2a46c00aa27_ClientTest.java,
zookeeper,/hdd/dj/testSmellDetection/data/zookeeper/2016-09-23_TO_2017-03-23/files/84_c2434883dcdd85450ac73b7e69f3deed83fa5bf4_ClientTest.java,
zookeeper,/hdd/dj/testSmellDetection/data/zookeeper/2016-09-23_TO_2017-03-23//files//85_5f60374d060c18ccad322c7f18883284dbac0fed_ZooKeeperServerMainTest.java,/hdd/dj/testSmellDetection/data/zookeeper/2016-09-23_TO_2017-03-23//files//85_5f60374d060c18ccad322c7f18883284dbac0fed_ZooKeeperServerMain.java
zookeeper,/hdd/dj/testSmellDetection/data/zookeeper/2016-09-23_TO_2017-03-23/files/85_8773ecb78a4bbd5ed066493a09adf7f1a73fa74e_ZooKeeperServerMainTest.java,/hdd/dj/testSmellDetection/data/zookeeper/2016-09-23_TO_2017-03-23/files/85_8773ecb78a4bbd5ed066493a09adf7f1a73fa74e_ZooKeeperServerMain.java
zookeeper,/hdd/dj/testSmellDetection/data/zookeeper/2016-09-23_TO_2017-03-23/files/86_8773ecb78a4bbd5ed066493a09adf7f1a73fa74e_FileTxnSnapLogTest.java,/hdd/dj/testSmellDetection/data/zookeeper/2016-09-23_TO_2017-03-23/files/86_8773ecb78a4bbd5ed066493a09adf7f1a73fa74e_FileTxnSnapLog.java
zookeeper,/hdd/dj/testSmellDetection/data/zookeeper/2016-09-23_TO_2017-03-23//files//87_5f60374d060c18ccad322c7f18883284dbac0fed_Zab1_0Test.java,
zookeeper,/hdd/dj/testSmellDetection/data/zookeeper/2016-09-23_TO_2017-03-23/files/87_8773ecb78a4bbd5ed066493a09adf7f1a73fa74e_Zab1_0Test.java,
zookeeper,/hdd/dj/testSmellDetection/data/zookeeper/2016-09-23_TO_2017-03-23//files//88_5f60374d060c18ccad322c7f18883284dbac0fed_AtomicFileOutputStreamTest.java,/hdd/dj/testSmellDetection/data/zookeeper/2016-09-23_TO_2017-03-23//files//88_5f60374d060c18ccad322c7f18883284dbac0fed_AtomicFileOutputStream.java
zookeeper,/hdd/dj/testSmellDetection/data/zookeeper/2016-09-23_TO_2017-03-23/files/88_8773ecb78a4bbd5ed066493a09adf7f1a73fa74e_AtomicFileOutputStreamTest.java,/hdd/dj/testSmellDetection/data/zookeeper/2016-09-23_TO_2017-03-23/files/88_8773ecb78a4bbd5ed066493a09adf7f1a73fa74e_AtomicFileOutputStream.java
zookeeper,/hdd/dj/testSmellDetection/data/zookeeper/2016-09-23_TO_2017-03-23//files//89_5f60374d060c18ccad322c7f18883284dbac0fed_QuorumZxidSyncTest.java,
zookeeper,/hdd/dj/testSmellDetection/data/zookeeper/2016-09-23_TO_2017-03-23/files/89_8773ecb78a4bbd5ed066493a09adf7f1a73fa74e_QuorumZxidSyncTest.java,
zookeeper,/hdd/dj/testSmellDetection/data/zookeeper/2016-09-23_TO_2017-03-23//files//90_8773ecb78a4bbd5ed066493a09adf7f1a73fa74e_ClientPortBindTest.java,
zookeeper,/hdd/dj/testSmellDetection/data/zookeeper/2016-09-23_TO_2017-03-23/files/90_42c75b5f2457f8ea5b4106ce5dc1c34c330361c0_ClientPortBindTest.java,
zookeeper,/hdd/dj/testSmellDetection/data/zookeeper/2016-09-23_TO_2017-03-23//files//91_3bd4ed98021b033acdd5eae583d84e86fc3430e4_PurgeTxnTest.java,
zookeeper,/hdd/dj/testSmellDetection/data/zookeeper/2016-09-23_TO_2017-03-23/files/91_762f4af65bb1056a582a6f36183a9e28fe0ccab8_PurgeTxnTest.java,
zookeeper,/hdd/dj/testSmellDetection/data/zookeeper/2016-09-23_TO_2017-03-23//files//92_6fcedf95c08b5d0ab3326809ff25c894ab49f5d8_PurgeTxnTest.java,
zookeeper,/hdd/dj/testSmellDetection/data/zookeeper/2016-09-23_TO_2017-03-23/files/92_77c3c14a8adefb8ae1bd4a215383581f6069110d_PurgeTxnTest.java,
zookeeper,/hdd/dj/testSmellDetection/data/zookeeper/2016-09-23_TO_2017-03-23//files//93_3b026478e552875b876c99b52384c55f8281ae50_PurgeTxnTest.java,
zookeeper,/hdd/dj/testSmellDetection/data/zookeeper/2016-09-23_TO_2017-03-23/files/93_e93d5b27f1cc2c66df39b45be321e90c798bdc9b_PurgeTxnTest.java,
zookeeper,/hdd/dj/testSmellDetection/data/zookeeper/2016-09-23_TO_2017-03-23//files//94_88e4d9dcda14e83445c4198aa9a3096d202f1cf7_ClientPortBindTest.java,
zookeeper,/hdd/dj/testSmellDetection/data/zookeeper/2016-09-23_TO_2017-03-23/files/94_3271f3d03d75c675ec1e466434eee0834cb9841a_ClientPortBindTest.java,
zookeeper,/hdd/dj/testSmellDetection/data/zookeeper/2016-09-23_TO_2017-03-23//files//95_77c3c14a8adefb8ae1bd4a215383581f6069110d_ClientPortBindTest.java,
zookeeper,/hdd/dj/testSmellDetection/data/zookeeper/2016-09-23_TO_2017-03-23/files/95_479e66444601a9f28bf196bfecf840db32c271b8_ClientPortBindTest.java,
zookeeper,/hdd/dj/testSmellDetection/data/zookeeper/2016-09-23_TO_2017-03-23//files//96_479e66444601a9f28bf196bfecf840db32c271b8_VerGenTest.java,/hdd/dj/testSmellDetection/data/zookeeper/2016-09-23_TO_2017-03-23//files//96_479e66444601a9f28bf196bfecf840db32c271b8_VerGen.java
zookeeper,/hdd/dj/testSmellDetection/data/zookeeper/2016-09-23_TO_2017-03-23/files/96_41da3c8e3c39f81aa0f667199c5f4eb3d5a28adc_VerGenTest.java,/hdd/dj/testSmellDetection/data/zookeeper/2016-09-23_TO_2017-03-23/files/96_41da3c8e3c39f81aa0f667199c5f4eb3d5a28adc_VerGen.java
zookeeper,/hdd/dj/testSmellDetection/data/zookeeper/2016-09-23_TO_2017-03-23//files//97_762f4af65bb1056a582a6f36183a9e28fe0ccab8_VerGenTest.java,/hdd/dj/testSmellDetection/data/zookeeper/2016-09-23_TO_2017-03-23//files//97_762f4af65bb1056a582a6f36183a9e28fe0ccab8_VerGen.java
zookeeper,/hdd/dj/testSmellDetection/data/zookeeper/2016-09-23_TO_2017-03-23/files/97_8771ffdaacb87126a485ae740558f6a288ab980b_VerGenTest.java,/hdd/dj/testSmellDetection/data/zookeeper/2016-09-23_TO_2017-03-23/files/97_8771ffdaacb87126a485ae740558f6a288ab980b_VerGen.java
zookeeper,/hdd/dj/testSmellDetection/data/zookeeper/2016-09-23_TO_2017-03-23//files//98_3271f3d03d75c675ec1e466434eee0834cb9841a_VerGenTest.java,/hdd/dj/testSmellDetection/data/zookeeper/2016-09-23_TO_2017-03-23//files//98_3271f3d03d75c675ec1e466434eee0834cb9841a_VerGen.java
zookeeper,/hdd/dj/testSmellDetection/data/zookeeper/2016-09-23_TO_2017-03-23/files/98_d6bbfd76d24c044073764c5d074a9198c69fafab_VerGenTest.java,/hdd/dj/testSmellDetection/data/zookeeper/2016-09-23_TO_2017-03-23/files/98_d6bbfd76d24c044073764c5d074a9198c69fafab_VerGen.java
zookeeper,/hdd/dj/testSmellDetection/data/zookeeper/2016-09-23_TO_2017-03-23//files//99_f0ef24a5e5df110ae569c1d3085e3cea8b454d9c_NIOServerCnxnTest.java,/hdd/dj/testSmellDetection/data/zookeeper/2016-09-23_TO_2017-03-23//files//99_f0ef24a5e5df110ae569c1d3085e3cea8b454d9c_NIOServerCnxn.java
zookeeper,/hdd/dj/testSmellDetection/data/zookeeper/2016-09-23_TO_2017-03-23/files/99_4b9fe5ea71d73ba26ca722e3919b8d0afe84ab86_NIOServerCnxnTest.java,/hdd/dj/testSmellDetection/data/zookeeper/2016-09-23_TO_2017-03-23/files/99_4b9fe5ea71d73ba26ca722e3919b8d0afe84ab86_NIOServerCnxn.java
zookeeper,/hdd/dj/testSmellDetection/data/zookeeper/2016-09-23_TO_2017-03-23/files/100_26aee2228451257f3b0b5093bc0c101822e06bc8_DataNodeTest.java,/hdd/dj/testSmellDetection/data/zookeeper/2016-09-23_TO_2017-03-23/files/100_26aee2228451257f3b0b5093bc0c101822e06bc8_DataNode.java
zookeeper,/hdd/dj/testSmellDetection/data/zookeeper/2016-09-23_TO_2017-03-23/files/101_91c400829ef92110d17ca1f328dda4749aae57b0_DataNodeTest.java,/hdd/dj/testSmellDetection/data/zookeeper/2016-09-23_TO_2017-03-23/files/101_91c400829ef92110d17ca1f328dda4749aae57b0_DataNode.java
zookeeper,/hdd/dj/testSmellDetection/data/zookeeper/2016-09-23_TO_2017-03-23/files/102_07a12868bbfc16308b7bf192ac3abda77d1f2846_DataNodeTest.java,/hdd/dj/testSmellDetection/data/zookeeper/2016-09-23_TO_2017-03-23/files/102_07a12868bbfc16308b7bf192ac3abda77d1f2846_DataNode.java
zookeeper,/hdd/dj/testSmellDetection/data/zookeeper/2016-09-23_TO_2017-03-23//files//103_f35bca0b36c3d5ac0282cc5519fbd372e6632394_Zab1_0Test.java,
zookeeper,/hdd/dj/testSmellDetection/data/zookeeper/2016-09-23_TO_2017-03-23/files/103_bbfd0169417c316bbdd22ff7a38176845aa0efc6_Zab1_0Test.java,
zookeeper,/hdd/dj/testSmellDetection/data/zookeeper/2016-09-23_TO_2017-03-23//files//104_91c400829ef92110d17ca1f328dda4749aae57b0_ReconfigDuringLeaderSyncTest.java,
zookeeper,/hdd/dj/testSmellDetection/data/zookeeper/2016-09-23_TO_2017-03-23/files/104_0ba7eda90199edb4a3d3a06b236020608660f48e_ReconfigDuringLeaderSyncTest.java,
zookeeper,/hdd/dj/testSmellDetection/data/zookeeper/2016-09-23_TO_2017-03-23//files//105_91c400829ef92110d17ca1f328dda4749aae57b0_ReconfigFailureCasesTest.java,
zookeeper,/hdd/dj/testSmellDetection/data/zookeeper/2016-09-23_TO_2017-03-23/files/105_0ba7eda90199edb4a3d3a06b236020608660f48e_ReconfigFailureCasesTest.java,
zookeeper,/hdd/dj/testSmellDetection/data/zookeeper/2016-09-23_TO_2017-03-23//files//106_91c400829ef92110d17ca1f328dda4749aae57b0_StandaloneDisabledTest.java,
zookeeper,/hdd/dj/testSmellDetection/data/zookeeper/2016-09-23_TO_2017-03-23/files/106_0ba7eda90199edb4a3d3a06b236020608660f48e_StandaloneDisabledTest.java,
zookeeper,/hdd/dj/testSmellDetection/data/zookeeper/2016-09-23_TO_2017-03-23//files//107_91c400829ef92110d17ca1f328dda4749aae57b0_ReconfigExceptionTest.java,
zookeeper,/hdd/dj/testSmellDetection/data/zookeeper/2016-09-23_TO_2017-03-23/files/107_0ba7eda90199edb4a3d3a06b236020608660f48e_ReconfigExceptionTest.java,
zookeeper,/hdd/dj/testSmellDetection/data/zookeeper/2016-09-23_TO_2017-03-23//files//108_91c400829ef92110d17ca1f328dda4749aae57b0_ReconfigMisconfigTest.java,
zookeeper,/hdd/dj/testSmellDetection/data/zookeeper/2016-09-23_TO_2017-03-23/files/108_0ba7eda90199edb4a3d3a06b236020608660f48e_ReconfigMisconfigTest.java,
zookeeper,/hdd/dj/testSmellDetection/data/zookeeper/2016-09-23_TO_2017-03-23//files//109_91c400829ef92110d17ca1f328dda4749aae57b0_ReconfigTest.java,
zookeeper,/hdd/dj/testSmellDetection/data/zookeeper/2016-09-23_TO_2017-03-23/files/109_0ba7eda90199edb4a3d3a06b236020608660f48e_ReconfigTest.java,
zookeeper,/hdd/dj/testSmellDetection/data/zookeeper/2016-09-23_TO_2017-03-23//files//110_91c400829ef92110d17ca1f328dda4749aae57b0_StandaloneTest.java,
zookeeper,/hdd/dj/testSmellDetection/data/zookeeper/2016-09-23_TO_2017-03-23/files/110_0ba7eda90199edb4a3d3a06b236020608660f48e_StandaloneTest.java,
zookeeper,/hdd/dj/testSmellDetection/data/zookeeper/2016-09-23_TO_2017-03-23//files//111_bbfd0169417c316bbdd22ff7a38176845aa0efc6_ReconfigDuringLeaderSyncTest.java,
zookeeper,/hdd/dj/testSmellDetection/data/zookeeper/2016-09-23_TO_2017-03-23/files/111_c5df1c9acec07036da225b1251cb30be60301224_ReconfigDuringLeaderSyncTest.java,
zookeeper,/hdd/dj/testSmellDetection/data/zookeeper/2016-09-23_TO_2017-03-23//files//112_bbfd0169417c316bbdd22ff7a38176845aa0efc6_ReconfigFailureCasesTest.java,
zookeeper,/hdd/dj/testSmellDetection/data/zookeeper/2016-09-23_TO_2017-03-23/files/112_c5df1c9acec07036da225b1251cb30be60301224_ReconfigFailureCasesTest.java,
zookeeper,/hdd/dj/testSmellDetection/data/zookeeper/2016-09-23_TO_2017-03-23//files//113_bbfd0169417c316bbdd22ff7a38176845aa0efc6_StandaloneDisabledTest.java,
zookeeper,/hdd/dj/testSmellDetection/data/zookeeper/2016-09-23_TO_2017-03-23/files/113_c5df1c9acec07036da225b1251cb30be60301224_StandaloneDisabledTest.java,
zookeeper,/hdd/dj/testSmellDetection/data/zookeeper/2016-09-23_TO_2017-03-23//files//114_bbfd0169417c316bbdd22ff7a38176845aa0efc6_ReconfigExceptionTest.java,
zookeeper,/hdd/dj/testSmellDetection/data/zookeeper/2016-09-23_TO_2017-03-23/files/114_c5df1c9acec07036da225b1251cb30be60301224_ReconfigExceptionTest.java,
zookeeper,/hdd/dj/testSmellDetection/data/zookeeper/2016-09-23_TO_2017-03-23//files//115_bbfd0169417c316bbdd22ff7a38176845aa0efc6_ReconfigMisconfigTest.java,
zookeeper,/hdd/dj/testSmellDetection/data/zookeeper/2016-09-23_TO_2017-03-23/files/115_c5df1c9acec07036da225b1251cb30be60301224_ReconfigMisconfigTest.java,
zookeeper,/hdd/dj/testSmellDetection/data/zookeeper/2016-09-23_TO_2017-03-23//files//116_bbfd0169417c316bbdd22ff7a38176845aa0efc6_ReconfigTest.java,
zookeeper,/hdd/dj/testSmellDetection/data/zookeeper/2016-09-23_TO_2017-03-23/files/116_c5df1c9acec07036da225b1251cb30be60301224_ReconfigTest.java,
zookeeper,/hdd/dj/testSmellDetection/data/zookeeper/2016-09-23_TO_2017-03-23//files//117_bbfd0169417c316bbdd22ff7a38176845aa0efc6_StandaloneTest.java,
zookeeper,/hdd/dj/testSmellDetection/data/zookeeper/2016-09-23_TO_2017-03-23/files/117_c5df1c9acec07036da225b1251cb30be60301224_StandaloneTest.java,
zookeeper,/hdd/dj/testSmellDetection/data/zookeeper/2016-09-23_TO_2017-03-23//files//118_07a12868bbfc16308b7bf192ac3abda77d1f2846_PurgeTxnTest.java,
zookeeper,/hdd/dj/testSmellDetection/data/zookeeper/2016-09-23_TO_2017-03-23/files/118_e51dbeb47fbb7131ca96c58caa479f53c0b8633c_PurgeTxnTest.java,
zookeeper,/hdd/dj/testSmellDetection/data/zookeeper/2016-09-23_TO_2017-03-23//files//119_e51dbeb47fbb7131ca96c58caa479f53c0b8633c_MiniKdcTest.java,/hdd/dj/testSmellDetection/data/zookeeper/2016-09-23_TO_2017-03-23//files//119_e51dbeb47fbb7131ca96c58caa479f53c0b8633c_MiniKdc.java
zookeeper,/hdd/dj/testSmellDetection/data/zookeeper/2016-09-23_TO_2017-03-23/files/119_e8247eec1103e387e02bbb1e8859b4d468688f48_MiniKdcTest.java,/hdd/dj/testSmellDetection/data/zookeeper/2016-09-23_TO_2017-03-23/files/119_e8247eec1103e387e02bbb1e8859b4d468688f48_MiniKdc.java
zookeeper,/hdd/dj/testSmellDetection/data/zookeeper/2016-09-23_TO_2017-03-23//files//120_c5df1c9acec07036da225b1251cb30be60301224_RaceConditionTest.java,
zookeeper,/hdd/dj/testSmellDetection/data/zookeeper/2016-09-23_TO_2017-03-23/files/120_201cac20e1a66e7d4180a6c7e18834c0ca6094dc_RaceConditionTest.java,
zookeeper,/hdd/dj/testSmellDetection/data/zookeeper/2016-09-23_TO_2017-03-23//files//121_0ba7eda90199edb4a3d3a06b236020608660f48e_RaceConditionTest.java,
zookeeper,/hdd/dj/testSmellDetection/data/zookeeper/2016-09-23_TO_2017-03-23/files/121_5c414230e7b277abdc819a6d6dd196a1ad17cc16_RaceConditionTest.java,
zookeeper,/hdd/dj/testSmellDetection/data/zookeeper/2016-09-23_TO_2017-03-23//files//122_5c414230e7b277abdc819a6d6dd196a1ad17cc16_PurgeTxnTest.java,
zookeeper,/hdd/dj/testSmellDetection/data/zookeeper/2016-09-23_TO_2017-03-23/files/122_0816970930bb9565f13d310a1f55636e62cdfd19_PurgeTxnTest.java,
zookeeper,/hdd/dj/testSmellDetection/data/zookeeper/2016-09-23_TO_2017-03-23//files//123_201cac20e1a66e7d4180a6c7e18834c0ca6094dc_PurgeTxnTest.java,
zookeeper,/hdd/dj/testSmellDetection/data/zookeeper/2016-09-23_TO_2017-03-23/files/123_15e3f7fccc770783786e8097f7a6618509bfee0f_PurgeTxnTest.java,
zookeeper,/hdd/dj/testSmellDetection/data/zookeeper/2016-09-23_TO_2017-03-23//files//124_e8247eec1103e387e02bbb1e8859b4d468688f48_Zab1_0Test.java,
zookeeper,/hdd/dj/testSmellDetection/data/zookeeper/2016-09-23_TO_2017-03-23/files/124_2de93fe450b909ff76ac8bd8fa44296a515845a5_Zab1_0Test.java,
zookeeper,/hdd/dj/testSmellDetection/data/zookeeper/2016-09-23_TO_2017-03-23//files//125_f07a836e3e24e9b643fecf0c0cfca3d7dbc60859_Zab1_0Test.java,
zookeeper,/hdd/dj/testSmellDetection/data/zookeeper/2016-09-23_TO_2017-03-23/files/125_c164ee454cd70b3e65212ea1367ec86bb16ec022_Zab1_0Test.java,
zookeeper,/hdd/dj/testSmellDetection/data/zookeeper/2016-09-23_TO_2017-03-23//files//126_c164ee454cd70b3e65212ea1367ec86bb16ec022_WatcherTest.java,
zookeeper,/hdd/dj/testSmellDetection/data/zookeeper/2016-09-23_TO_2017-03-23/files/126_1912fa8d63e6bbfdb5bb96bec85efa7c94e131e9_WatcherTest.java,
zookeeper,/hdd/dj/testSmellDetection/data/zookeeper/2016-09-23_TO_2017-03-23//files//127_fd211a5275b6231e668268fb9df2820e07f5f33c_WatcherTest.java,
zookeeper,/hdd/dj/testSmellDetection/data/zookeeper/2016-09-23_TO_2017-03-23/files/127_d13d2f08c730a81d73d58f64a0ae448639dede2b_WatcherTest.java,
zookeeper,/hdd/dj/testSmellDetection/data/zookeeper/2016-09-23_TO_2017-03-23//files//128_2de93fe450b909ff76ac8bd8fa44296a515845a5_WatcherTest.java,
zookeeper,/hdd/dj/testSmellDetection/data/zookeeper/2016-09-23_TO_2017-03-23/files/128_373b82bab843cc84c22b99f6511f8fea974fd2b4_WatcherTest.java,
zookeeper,/hdd/dj/testSmellDetection/data/zookeeper/2016-09-23_TO_2017-03-23/files/129_5fe68506f217246c7ebd96803f9c78e13ec2f11a_FourLetterWordsWhiteListTest.java,
zookeeper,/hdd/dj/testSmellDetection/data/zookeeper/2016-09-23_TO_2017-03-23/files/130_6d9fc04c052adbc79bbbb1c63f3f00c816fb8e56_FourLetterWordsWhiteListTest.java,
zookeeper,/hdd/dj/testSmellDetection/data/zookeeper/2016-09-23_TO_2017-03-23/files/131_835377f0e1cd215e791ed29c0bcff95e625f299c_FourLetterWordsWhiteListTest.java,
zookeeper,/hdd/dj/testSmellDetection/data/zookeeper/2016-09-23_TO_2017-03-23//files//132_4a3ef8b65e4b93667db4860e856a54a7372b403e_StandaloneDisabledTest.java,
zookeeper,/hdd/dj/testSmellDetection/data/zookeeper/2016-09-23_TO_2017-03-23/files/132_57609043264f651cd2e44afceeca5b5890531161_StandaloneDisabledTest.java,
zookeeper,/hdd/dj/testSmellDetection/data/zookeeper/2016-09-23_TO_2017-03-23//files//133_cf4f119516ca3d232fe077477c7a91b2e5825de2_StandaloneDisabledTest.java,
zookeeper,/hdd/dj/testSmellDetection/data/zookeeper/2016-09-23_TO_2017-03-23/files/133_6949af062d5ad3cdb36c86afc3728ede78c8039d_StandaloneDisabledTest.java,
zookeeper,/hdd/dj/testSmellDetection/data/zookeeper/2016-09-23_TO_2017-03-23//files//134_6949af062d5ad3cdb36c86afc3728ede78c8039d_SessionTrackerTest.java,
zookeeper,/hdd/dj/testSmellDetection/data/zookeeper/2016-09-23_TO_2017-03-23/files/134_86438f9c6e65b2a95d709bf575cdcc2abc1c2e8b_SessionTrackerTest.java,
zookeeper,/hdd/dj/testSmellDetection/data/zookeeper/2016-09-23_TO_2017-03-23//files//135_57609043264f651cd2e44afceeca5b5890531161_SessionTrackerTest.java,
zookeeper,/hdd/dj/testSmellDetection/data/zookeeper/2016-09-23_TO_2017-03-23/files/135_f25c95adada51dc5c7519d3b8d6a1bb0d542ee68_SessionTrackerTest.java,
zookeeper,/hdd/dj/testSmellDetection/data/zookeeper/2016-09-23_TO_2017-03-23//files//136_1b59e3cde6457f81951f06c31548cc2064ed69c6_SessionTrackerTest.java,
zookeeper,/hdd/dj/testSmellDetection/data/zookeeper/2016-09-23_TO_2017-03-23/files/136_3e5000f5f5b30b838db709fa95228e556612eacf_SessionTrackerTest.java,
zookeeper,/hdd/dj/testSmellDetection/data/zookeeper/2016-09-23_TO_2017-03-23/files/137_abad02e42867e96dbf68a484d2cf0f37137bd246_CreateTTLTest.java,
zookeeper,/hdd/dj/testSmellDetection/data/zookeeper/2016-09-23_TO_2017-03-23/files/138_abad02e42867e96dbf68a484d2cf0f37137bd246_EphemeralTypeTest.java,/hdd/dj/testSmellDetection/data/zookeeper/2016-09-23_TO_2017-03-23/files/138_abad02e42867e96dbf68a484d2cf0f37137bd246_EphemeralType.java
zookeeper,/hdd/dj/testSmellDetection/data/zookeeper/2016-09-23_TO_2017-03-23/files/139_63577ba52a829391ded3ae11c62c0e996865b5c7_MultiOpSessionUpgradeTest.java,
zookeeper,/hdd/dj/testSmellDetection/data/zookeeper/2016-09-23_TO_2017-03-23//files//140_902bee6410a565aef59ab6b9834fa9e1ead3a742_QuorumAuthUpgradeTest.java,
zookeeper,/hdd/dj/testSmellDetection/data/zookeeper/2016-09-23_TO_2017-03-23/files/140_5897852dba9bbaf78f73bc34ed9cbea5f7c9029a_QuorumAuthUpgradeTest.java,
zookeeper,/hdd/dj/testSmellDetection/data/zookeeper/2016-09-23_TO_2017-03-23//files//141_902bee6410a565aef59ab6b9834fa9e1ead3a742_QuorumDigestAuthTest.java,
zookeeper,/hdd/dj/testSmellDetection/data/zookeeper/2016-09-23_TO_2017-03-23/files/141_5897852dba9bbaf78f73bc34ed9cbea5f7c9029a_QuorumDigestAuthTest.java,
zookeeper,/hdd/dj/testSmellDetection/data/zookeeper/2016-09-23_TO_2017-03-23//files//142_902bee6410a565aef59ab6b9834fa9e1ead3a742_QuorumKerberosAuthTest.java,
zookeeper,/hdd/dj/testSmellDetection/data/zookeeper/2016-09-23_TO_2017-03-23/files/142_5897852dba9bbaf78f73bc34ed9cbea5f7c9029a_QuorumKerberosAuthTest.java,
zookeeper,/hdd/dj/testSmellDetection/data/zookeeper/2016-09-23_TO_2017-03-23//files//143_902bee6410a565aef59ab6b9834fa9e1ead3a742_QuorumKerberosHostBasedAuthTest.java,
zookeeper,/hdd/dj/testSmellDetection/data/zookeeper/2016-09-23_TO_2017-03-23/files/143_5897852dba9bbaf78f73bc34ed9cbea5f7c9029a_QuorumKerberosHostBasedAuthTest.java,
